Sample,DE_AE,SHADE_AE,CMA-ES_AE,NRBO_AE,BOA_AE,HHO-Lite_AE,Ensemble_AE
0,9.7845,2.0596,9.2671,14.9599,3.6618,9.0614,8.1321
1,5.9712,5.6674,6.5561,2.4273,6.1888,0.3033,4.5387
2,5.4574,2.6108,5.5881,0.1836,1.6676,5.8904,2.1517
3,3.9386,0.5954,1.8702,0.5572,0.2705,2.5051,1.2504
4,3.5808,6.1236,8.1515,11.3379,5.4500,1.3166,2.0409
5,32.5776,2.3011,13.0135,1.4008,1.1865,15.8208,10.6873
6,6.9104,3.3962,10.4452,18.7427,8.4480,6.8628,9.1197
7,12.9407,4.7054,4.2382,0.4757,2.0471,3.4517,0.2648
8,2.1243,4.9577,5.5574,0.1519,2.7953,4.6202,0.9871
9,6.3554,2.4282,9.5222,14.3246,4.0879,9.3054,7.6557
10,17.4715,23.4344,16.2630,12.1578,21.8180,16.4760,17.9423
11,13.5972,21.7150,14.4243,11.2007,20.1164,14.7245,15.9584
12,9.1051,17.1777,9.8920,8.4448,15.5900,10.3712,11.7562
13,0.0700,2.8330,2.1286,4.0092,3.6509,5.5628,2.9972
14,5.4374,2.7593,14.9494,1.6379,0.0714,13.7321,6.3991
15,2.7477,33.4781,25.2786,18.2981,35.0559,29.6500,23.0399
16,10.2168,0.9259,6.5740,4.2431,1.5353,7.5799,4.8907
17,3.3790,3.8594,6.0383,0.1999,3.2505,5.3046,1.8657
18,6.6583,6.7639,7.9379,2.8526,7.0053,1.8772,4.5904
19,7.8204,8.1529,8.7444,5.9468,8.8341,2.6404,7.0389
20,10.5867,11.6240,11.3774,0.9995,11.2400,3.6489,8.2767
21,19.7954,16.3892,5.3792,0.8909,8.4458,9.0237,9.7473
22,5.7017,12.5354,1.2707,6.7624,7.8105,6.3300,2.5426
23,3.1703,1.0259,5.3797,3.9975,0.8091,3.6760,2.3998
24,3.3816,16.4780,12.4448,1.5645,14.4043,12.8371,10.1581
25,16.6665,9.3244,19.9709,4.9710,14.2871,27.1743,15.3911
26,12.4216,12.4695,14.6311,13.2756,12.5964,13.4335,13.1351
27,10.9893,6.0904,6.1252,1.4971,3.9947,1.2352,2.5771
28,6.8014,2.8163,7.8241,7.7016,1.8753,9.5062,6.0834
29,6.0362,2.6053,6.5748,12.5557,2.8596,17.0735,7.9162
30,8.3654,8.3544,9.4778,4.5669,6.2560,8.6733,7.6217
31,0.3391,3.1050,13.5261,5.4730,4.4457,9.6891,4.1423
32,4.9693,3.4504,6.7358,1.6696,1.3589,0.5634,0.8063
33,4.9343,4.4390,11.3743,7.1507,8.1196,8.0911,3.2898
34,9.1165,4.4273,12.8977,9.3102,10.8986,6.6883,8.8970
35,1.5888,4.8618,7.0211,5.6393,4.9873,5.8235,4.9704
36,3.2018,1.6334,12.9765,12.8263,1.2724,7.0649,6.4788
37,5.9080,5.5853,6.7720,3.2058,5.9898,3.2325,5.1265
38,8.1669,6.9395,7.0188,3.0948,6.0169,5.8537,6.1956
39,2.4594,1.9883,5.5879,2.1721,3.3815,2.7024,1.5462
40,5.3040,10.8099,3.0356,4.5580,1.6557,13.1365,4.5847
41,12.3057,5.4948,7.1333,0.7396,9.2539,2.9481,6.3528
42,0.4673,6.0425,4.6753,6.3227,9.7827,8.5909,5.7867
43,4.0562,15.2860,7.4687,7.7930,17.1341,9.9373,10.2506
44,3.9508,2.7050,12.4712,1.8134,3.6539,4.3513,4.8302
45,4.2925,8.4512,14.1560,15.5400,8.8454,11.2635,10.3926
46,2.6617,6.6887,5.2577,0.7006,3.7081,0.6664,0.4025
47,12.9020,10.0991,9.9955,6.1874,5.4797,6.8913,8.6209
48,5.0914,2.7734,1.4368,1.2056,1.7389,2.2637,0.2109
49,0.9814,17.3888,17.0160,13.2009,17.4474,20.4594,14.0076
50,1.4218,0.4640,7.9307,3.7729,0.8887,4.0782,1.3888
51,11.0669,10.4014,18.7012,3.8904,15.3890,9.9090,11.5729
52,1.4323,2.4420,0.6849,3.4033,0.8194,0.8287,1.3718
53,1.9284,1.8804,0.2811,1.0739,1.7535,0.9165,1.2149
54,16.6046,15.6407,16.3981,21.9105,16.1730,21.2677,17.9802
55,2.6447,3.4063,3.3568,2.1586,3.9793,3.1810,1.3622
56,5.9828,4.6878,5.8428,4.7534,1.4048,2.7598,2.6798
57,0.1135,2.4118,2.0530,3.6989,2.6258,5.0561,1.7693
58,2.4650,21.8233,11.6792,4.0515,18.1861,13.0008,11.8296
59,3.8542,7.2494,2.6043,1.2357,7.3680,8.1390,3.7466
60,1.4490,13.5572,5.6521,8.2114,6.8763,11.2772,7.7995
61,1.2842,1.1890,5.9649,7.8442,1.1484,5.7783,3.8499
62,1.5216,1.5695,3.7311,2.3751,1.6964,2.5335,2.2350
63,12.0285,4.0815,11.1372,16.1228,5.7618,10.9171,10.0102
64,11.4973,10.4532,11.8230,6.8598,10.7594,6.6557,9.6943
65,7.3153,6.3860,7.6864,4.0503,6.7068,1.6618,5.6542
66,8.2775,16.3711,8.8007,7.6017,14.7982,9.2990,10.8513
67,4.0022,8.9216,4.9474,8.4974,9.6285,8.3888,7.3764
68,4.7717,0.7438,6.4135,0.2732,2.8865,2.4190,1.0535
69,2.5244,33.2606,29.4236,18.8238,34.5625,31.4349,24.0324
70,8.0232,0.3998,11.5579,0.5636,2.6393,6.7838,2.2710
71,0.9613,0.9908,1.2323,3.6409,0.8896,0.1123,0.8547
72,12.9599,8.8860,15.5128,15.0898,3.7060,9.7922,11.0042
73,2.7295,3.3514,0.5996,5.4806,11.5359,1.7375,4.2313
74,7.8475,4.4599,5.2456,9.6768,3.6531,11.5402,7.0605
75,2.8480,5.3268,0.1311,7.0666,4.4577,7.1627,3.4620
76,5.9563,8.8121,6.6567,5.6939,9.6664,6.5561,5.3371
77,11.9495,10.2263,5.4235,12.5090,6.9876,0.3719,7.9412
78,4.4924,16.3180,10.3020,2.4072,7.4754,9.5140,7.6110
79,1.4625,2.8314,0.5376,3.6719,3.3946,1.3259,2.0199
80,1.9579,1.9786,0.2851,0.7935,1.9715,0.9468,1.2304
81,4.4489,6.1599,3.3820,11.6847,9.9463,9.5185,7.4963
82,10.2326,2.5417,8.8614,1.7647,2.3735,3.8817,4.9758
83,5.3822,7.5053,2.0202,7.6918,5.2952,2.8373,2.6087
84,2.8897,4.1177,2.4333,6.9936,3.7268,3.2297,2.0901
85,4.7542,5.7209,7.2750,7.9491,0.4740,8.5241,3.1440
86,1.9939,0.9286,6.1513,5.3315,0.5776,0.3982,0.6725
87,4.8679,0.0275,11.5492,0.1814,6.6227,7.2380,5.0145
88,1.4333,1.5943,0.7957,3.1781,1.6013,0.9407,1.3232
89,2.0284,1.9805,0.1811,1.1730,1.8536,1.0165,1.3147
90,6.3894,12.1587,2.5512,9.3151,10.0980,8.2309,8.1103
91,9.9731,1.7325,10.3061,2.9671,4.0740,3.0218,5.3782
92,18.2336,2.1218,9.4917,11.4175,8.9999,5.9157,9.4086
93,4.4517,0.2046,2.1751,2.5320,1.7855,1.1065,0.5333
94,13.4155,13.6641,15.7847,4.0289,7.9223,14.7435,11.6068
95,3.7701,2.3516,5.7409,1.2310,0.3893,8.8145,0.5021
96,9.8882,3.6500,0.2024,0.4696,4.0838,5.5359,2.6398
97,1.3175,1.2489,0.7834,3.3267,1.2048,4.0441,1.7158
98,1.9284,1.8805,0.2811,1.0730,1.7536,0.9165,1.2147
99,3.2373,3.1797,2.9991,11.6497,4.2632,8.2582,5.5728
100,6.3267,8.0633,3.2789,7.9006,15.5946,8.0453,8.1874
101,2.3162,11.4002,3.5050,1.1024,9.9395,3.6428,4.9457
102,7.8659,4.5255,5.6435,7.0899,4.7001,5.8528,5.9540
103,18.6348,11.1949,11.9701,13.9082,10.9751,13.4003,13.3700
104,4.9777,5.6145,3.8558,0.2782,0.4537,2.9235,0.2018
105,2.1259,5.5278,2.9246,20.7067,4.2629,4.2031,4.8894
106,2.9066,6.9404,1.5411,4.2138,12.7258,1.7738,3.5019
107,1.1292,4.8974,1.0906,3.7476,1.1380,0.1070,1.6525
108,0.7837,0.7952,0.6025,7.2383,0.4949,5.9516,2.4211
109,14.6595,9.1270,11.0755,7.7551,6.3570,9.5358,9.7786
110,1.8233,3.2135,0.5428,5.0253,2.2083,2.0090,0.1796
111,6.6179,10.5276,7.8381,5.4031,8.4894,8.2021,7.8427
112,0.5615,4.4845,1.7346,6.0745,2.1636,5.8577,3.4573
113,3.4229,8.1097,7.2387,0.3926,1.8201,5.9912,4.4954
114,1.9988,9.2474,0.8831,9.6612,7.8292,3.5729,5.5126
115,5.6978,22.2267,16.3300,3.4370,22.1452,14.2719,13.9908
116,0.9482,6.4589,1.2842,4.0836,6.9629,0.0874,2.8399
117,7.5248,7.4418,6.1615,14.1171,7.2158,12.4533,9.1304
118,7.3078,0.1355,8.4261,2.1944,1.9795,3.6481,3.9246
119,0.2272,3.0674,1.2068,0.1456,6.3940,2.5054,2.2480
120,6.6080,4.8901,4.3067,9.5684,1.2936,3.1619,1.0913
121,13.5192,12.4360,1.6001,6.8843,3.4031,1.5563,3.7966
122,1.8981,1.5032,5.2670,5.6431,1.3387,5.9753,1.1813
123,2.6370,7.5134,6.0433,10.0693,11.6292,11.2444,8.1522
124,1.4330,1.5655,0.7880,3.2837,1.6368,1.3477,1.4097
125,1.9784,1.9305,0.2311,1.1233,1.8036,0.9665,1.2648
126,19.4226,23.9271,19.6211,25.3861,23.2784,22.8391,22.3926
127,0.8935,7.9408,0.3974,1.0641,10.3812,2.6768,2.6500
128,6.4997,13.0310,10.1170,12.0510,5.8347,6.2114,6.7301
129,18.1634,6.1775,12.5890,0.1346,9.8861,14.2701,10.1974
130,8.0771,2.5565,7.3621,2.1687,3.7208,6.1149,4.2990
131,4.9523,15.4314,19.0699,4.2241,16.1362,8.4341,8.2745
132,1.4863,2.3863,1.4376,3.2048,1.5437,1.9008,1.0011
133,8.7116,12.8593,10.9211,6.4845,10.7259,9.7235,9.9038
134,0.9284,8.7864,1.2811,0.0732,7.2844,0.0835,2.7296
135,9.1293,13.3282,12.4990,9.0726,13.8818,11.3926,11.5427
136,5.5884,16.4961,8.6157,0.0583,14.4621,7.8943,8.8481
137,6.0965,1.2553,1.6728,9.8967,1.4391,1.8700,2.2576
138,15.3415,5.1409,12.1726,11.6250,6.3697,13.3104,10.6759
139,11.0061,6.8826,7.7093,8.8035,6.2943,8.8529,8.2688
140,5.3743,9.1381,11.8876,10.6821,12.0751,13.0272,10.3351
141,2.2282,14.2556,0.5903,0.6091,12.1260,8.2838,6.1252
142,3.8873,5.7437,1.2424,8.0639,4.1262,3.4037,0.2067
143,1.2516,5.4319,3.4611,2.1049,0.1352,2.2631,2.4387
144,26.9494,14.6665,13.0129,8.1056,12.8933,14.5065,15.0842
145,0.0155,8.9874,15.3861,14.2106,13.9595,13.0904,10.8854
146,9.2302,18.2424,14.6146,0.1850,12.6943,13.9717,8.2719
147,6.2436,6.4614,1.8633,0.3546,0.9772,9.1585,0.7313
148,8.4076,8.3976,6.0671,4.4198,5.6281,0.9804,5.3538
149,2.9698,2.0513,2.0860,2.9167,7.9523,2.3922,2.6078
150,4.7180,2.9558,1.8162,8.5481,7.4269,9.5599,5.8169
151,3.1516,7.2993,5.3611,0.3024,5.1659,4.1635,4.2410
152,3.5416,7.6893,5.7511,3.1437,5.5559,4.5535,5.0362
153,10.8980,12.5839,2.1639,9.2721,10.5124,8.4093,8.9780
154,8.1115,5.9401,8.7894,10.2940,14.4286,13.2235,10.1114
155,13.4051,9.5069,6.9735,4.7457,7.7044,7.2337,8.2904
156,2.0161,14.0535,19.5198,3.8326,15.6248,16.8445,10.6710
157,2.9199,14.7397,25.9365,5.2290,17.6836,17.7440,13.9997
158,2.1414,13.7717,9.2229,10.7605,9.5595,9.1336,9.0655
159,1.4025,1.6845,2.2234,3.2461,2.5425,0.1039,1.8677
160,1.3180,0.1225,8.6095,1.7841,2.4583,7.3731,3.1058
161,1.3773,1.3305,0.8311,0.5231,1.2036,0.3665,0.6645
162,5.1822,5.6297,16.3606,17.9713,13.3418,17.5510,12.6232
163,4.9095,0.6576,2.5729,0.5377,10.0470,2.9099,0.8020
164,13.0096,13.3128,14.3587,8.0457,13.5899,8.1273,11.7602
165,38.0987,1.2349,9.0925,4.4337,7.8995,0.9984,8.9794
166,3.2916,12.2590,5.4227,6.8882,9.2316,7.1419,7.3537
167,10.0671,4.9007,10.1156,6.6587,4.6122,6.3742,7.1398
168,1.4747,1.0209,11.4495,6.3736,10.0103,10.0127,6.6938
169,2.1269,5.1296,4.8622,6.9797,3.6890,5.3286,1.7376
170,2.8992,2.8505,0.6889,2.1376,2.7199,1.8865,2.1999
171,20.0806,7.6191,20.1589,10.7694,9.5471,17.9226,14.3760
172,0.0766,3.2168,5.6524,6.1510,5.7200,2.6355,3.8662
173,10.4114,11.6725,6.5507,4.9189,19.6340,5.6724,9.8218
174,14.8601,15.3118,16.1989,9.8077,15.4118,11.6973,13.8964
175,3.3946,4.9794,5.6213,6.9648,4.9690,6.6403,5.4148
176,16.5780,20.1355,24.7842,15.6754,16.5062,20.4537,19.0166
177,5.8767,7.7864,7.1358,8.9514,9.1328,9.9658,8.1250
178,3.3434,3.4694,5.3863,16.5007,2.5074,6.4493,6.2519
179,6.3135,9.9864,9.4068,6.7839,11.3497,11.1589,9.1509
180,8.3855,10.8247,8.7770,15.0540,8.3870,7.3845,9.7957
181,5.6543,11.0559,8.5265,11.6574,12.4784,8.7270,9.6634
182,1.2844,5.8222,0.4119,1.7644,5.2643,0.3165,1.2116
183,15.5405,14.6894,16.4060,0.6291,14.0506,18.3220,13.0789
184,9.6460,15.3058,13.1621,8.3673,13.1806,17.1316,12.7797
185,19.9818,13.6329,12.9611,7.6800,11.8035,19.0737,14.2105
186,12.6018,36.4001,23.7265,42.2032,38.8083,29.1610,30.3860
187,0.6764,6.9341,4.6301,6.9163,5.8510,5.1313,5.0009
188,0.6069,1.3868,0.8670,3.1546,4.7963,3.4331,2.3607
189,5.2758,10.1225,5.7683,5.7213,9.4630,10.1624,7.7358
190,9.6688,5.0724,9.4611,4.3976,5.7125,5.0748,6.5866
191,6.6377,1.4587,5.7780,5.2470,2.1884,1.3846,3.8011
192,25.5721,21.0268,25.4203,19.1544,21.6605,21.1795,22.3586
193,2.6693,0.9113,3.5564,0.8254,0.4026,1.0206,0.9347
194,5.8559,21.7850,17.9795,2.4151,18.5049,8.2326,9.6553
195,32.1447,17.0912,23.8572,19.9743,10.9786,15.0283,19.9184
196,2.2816,11.9964,4.4911,3.1370,10.4944,3.2935,5.9397
197,4.6416,14.3564,6.8511,5.4970,12.8544,5.6535,8.2997
198,2.8061,1.8737,3.5889,1.6063,0.0598,3.1027,1.0009
199,5.4654,0.9004,5.1264,5.5154,1.3326,0.7364,3.1948
200,10.8767,15.1464,9.7420,4.5782,13.7324,9.9972,10.6866
201,6.5864,1.0974,1.4315,7.7896,0.2661,4.5242,1.0050
202,4.6115,18.9403,8.6119,10.9569,15.7258,9.0634,11.2910
203,3.0713,4.3661,3.5148,8.8615,4.7848,2.5380,1.8863
204,10.1816,19.8964,5.8881,4.3172,18.3944,8.5450,11.2074
205,2.6616,12.3764,4.8711,3.5136,10.8744,3.6735,6.3191
206,2.1084,2.0431,0.1011,1.4834,1.9336,1.0965,1.4299
207,2.9872,2.3644,1.6664,7.3038,2.7075,1.0547,3.0130
208,20.4619,16.6067,24.0102,23.0220,17.0901,17.1049,19.7256
209,6.9062,5.0846,13.9423,5.4851,6.0861,4.8193,7.0652
210,41.8599,36.6416,35.4183,48.6426,41.7915,50.5366,42.4479
211,0.1081,11.8379,10.2377,5.0452,17.4198,8.3784,8.8016
212,3.9907,4.2209,6.3174,3.9724,5.2416,5.8646,4.9299
213,9.7181,10.6419,5.4249,3.0717,8.9024,4.9634,7.1401
214,1.6784,8.0364,0.5311,0.8230,6.5344,0.6665,1.9797
215,1.6784,8.0364,0.5311,0.9971,6.5344,0.6665,1.9509
216,2.6595,1.8144,2.4454,1.8115,1.0978,1.8791,0.3700
217,4.3345,0.2134,4.1691,2.3701,0.4092,0.7950,1.9923
218,10.9891,14.1380,10.7214,10.3226,8.3595,7.4312,10.3383
219,14.3064,9.7918,13.8868,10.8043,10.6745,12.5911,12.0210
220,2.4664,2.3690,1.7373,0.4145,0.2416,3.7327,1.2468
221,2.7813,7.7027,1.8063,6.3349,2.6936,1.3347,3.3357
222,8.0137,11.1864,8.8373,15.2814,9.1392,6.0543,9.7467
223,2.4316,6.5793,4.6411,1.4542,10.6443,3.4435,4.8595
224,1.9116,6.0593,4.1211,2.7538,3.9710,2.9235,3.6188
225,5.7912,5.5885,13.3668,8.7921,6.0378,9.9429,8.2416
226,6.6667,10.0194,14.8008,7.8867,9.8193,11.4869,10.1003
227,0.6932,1.4679,7.3609,2.2407,3.4321,4.4527,3.2638
228,2.2004,5.2111,3.3793,0.5846,3.1234,7.4809,3.6512
229,18.1370,12.5099,20.2558,22.4453,16.3083,26.5543,19.3436
230,2.4505,17.1532,4.8162,11.4612,17.2802,4.0608,8.6727
231,5.1332,9.1233,12.5888,16.1375,12.0115,11.5071,11.0507
232,2.3498,2.1158,7.1744,6.6507,3.4558,2.6348,0.5132
233,4.2428,5.7221,1.1677,4.6130,4.3446,3.3115,0.5521
234,15.3761,11.6203,15.5679,21.2469,12.9809,18.8431,15.9245
235,5.2807,0.7286,5.0232,0.6923,1.4266,1.7681,2.2758
236,0.0778,2.9966,0.1829,0.9288,0.0412,0.1524,0.7283
237,0.6793,5.5355,1.5463,0.4789,3.4841,7.0599,3.1123
238,13.5036,9.0261,13.2468,7.4419,9.6803,10.0497,10.5114
239,1.3078,7.7610,3.9056,0.9492,7.0397,7.1469,4.3530
240,3.6458,4.9731,4.6024,3.1634,3.1069,4.9159,3.0198
241,7.5538,9.6529,4.5626,7.9638,1.5853,1.7826,2.8974
242,1.2993,2.6367,0.9704,3.6323,0.4364,0.2203,0.1850
243,11.1309,16.0222,11.7211,11.0968,15.4097,15.2653,13.4272
244,3.8409,1.0892,4.6151,3.2143,2.8574,5.1312,2.3939
245,6.6537,19.4692,15.0926,10.6665,17.1880,19.0677,14.6473
246,3.1893,8.6515,13.6195,10.1393,11.4893,15.9596,10.4642
247,5.0352,1.2118,2.3979,5.1604,4.8585,3.6662,3.7245
248,1.6309,6.3659,10.1103,5.8127,4.6565,1.9699,3.1637
249,0.6879,1.2753,6.1871,3.6768,4.3938,0.9501,0.2424
250,8.5778,3.4240,10.0133,12.8983,10.3154,7.4046,8.7697
251,2.0216,6.1693,4.2311,0.7477,10.2344,3.0335,4.1532
252,2.1718,8.1139,1.1178,9.3138,8.4480,7.6499,6.1068
253,3.5781,8.2613,8.2135,5.2451,7.9474,8.6629,6.9679
254,4.9187,0.1104,4.4999,4.5751,0.7487,0.1160,2.5109
255,2.8430,5.0280,2.7104,2.4566,2.0033,3.5077,0.6034
256,3.9092,3.9328,8.8476,0.3483,2.2245,0.8979,3.2607
257,3.1762,0.2468,5.6719,4.3191,5.3665,8.8754,1.6115
258,0.4568,11.6929,6.2236,3.6933,10.2467,8.6946,6.8037
259,3.1064,1.1255,0.4172,3.9031,1.2908,0.3388,1.1890
260,4.0806,3.2933,1.3511,3.7079,7.3418,0.1535,0.7078
261,8.0197,6.6464,15.9936,22.2868,10.8000,10.5486,12.3589
262,15.2158,16.9940,4.3334,0.2991,8.6223,2.8331,8.1009
263,7.6300,2.2844,3.1823,3.2992,0.3321,2.1476,1.4011
264,5.6860,17.4169,21.1047,2.9771,19.3406,13.4363,13.3069
265,30.7222,40.4306,42.9761,47.6877,39.9734,38.9708,40.0810
266,22.9733,21.8795,24.9062,19.2795,21.8940,19.7681,21.7984
267,12.2054,8.8609,11.1899,2.3364,7.1684,2.8307,6.7001
268,1.4273,6.1576,1.1411,4.3863,4.9117,0.0568,1.0531
269,4.4612,8.4764,0.9711,4.2638,6.9744,0.2265,1.2272
270,7.5879,12.6580,16.2086,12.1301,13.6627,12.7536,12.4799
271,4.8696,0.1432,4.5284,8.3879,0.8283,1.4706,3.3786
272,5.8309,1.1385,2.5394,2.2000,0.6091,0.8538,2.2156
273,11.0089,11.2754,5.7321,7.4023,11.6056,6.0366,8.8584
274,7.5526,9.4969,8.8042,4.7749,9.5826,9.1431,8.2243
275,8.1949,3.3179,10.9496,6.1995,5.8853,11.4596,7.6653
276,25.6723,30.7531,24.8855,43.5077,28.6402,24.0342,29.5598
277,1.1480,2.9992,1.0611,4.0510,0.8658,0.1365,0.0678
278,4.8541,8.0564,0.5511,5.6720,6.5544,0.6465,0.6484
279,14.6197,5.8504,7.7801,2.6408,6.1179,8.1088,7.5561
280,25.0994,16.8526,18.3386,13.2157,17.3078,18.5361,18.2610
281,7.4579,0.2281,0.9871,4.5943,0.7548,1.3484,0.9886
282,18.3872,9.2333,11.5454,6.4480,9.3445,11.7538,11.1558
283,17.4702,8.1925,10.5983,5.5881,8.2668,10.8229,10.1936
284,3.2106,0.9500,0.4423,5.2642,3.3341,0.8073,0.3316
285,10.3691,0.4944,8.0068,1.8622,3.8005,1.3177,3.7320
286,1.1409,9.4243,11.3174,4.4974,10.5787,10.0479,7.8042
287,2.2809,2.2983,3.4331,0.4223,3.6967,1.6419,2.1596
288,0.6521,5.2405,0.8416,3.3517,4.6072,5.2268,3.3014
289,2.4235,2.1812,2.2021,0.4231,1.5304,2.1856,0.2636
290,3.5332,1.3068,3.0184,3.8298,0.5929,1.3802,1.1990
291,3.0390,1.1171,1.8543,4.5115,0.6731,1.3124,1.4928
292,6.0063,2.6164,7.3200,4.4573,1.8523,2.5876,4.1547
293,1.2873,16.9553,10.8025,0.1635,15.4006,20.3133,10.7114
294,37.6759,8.8315,10.1640,3.2970,4.4303,4.0683,9.1321
295,2.9555,8.4134,4.7111,2.2554,11.3252,5.2983,3.3317
296,4.3571,6.9997,6.0911,4.5378,11.9434,8.2354,2.8098
297,3.9233,0.6618,5.6421,2.8504,2.1541,1.6602,2.8250
298,4.1051,7.1740,8.2519,4.6519,6.8957,7.5337,6.4254
299,11.2559,4.9090,0.3829,15.4000,0.9442,9.6938,3.2509
300,3.5907,2.1075,0.0445,0.2331,2.1906,1.9733,1.6832
301,1.5269,4.5752,1.8857,2.0905,4.3203,4.9045,3.2056
302,0.4662,10.8528,10.1045,0.5066,15.0411,3.9357,6.6347
303,2.3187,3.8600,5.7911,3.1789,1.2642,10.5835,1.3308
304,4.2121,9.6630,5.9611,5.0186,16.3844,4.3039,5.9219
305,4.5661,1.7895,6.3011,1.7881,1.2880,5.8907,0.0595
306,2.7281,17.2698,4.4124,1.3549,14.0692,8.1086,7.9699
307,4.7201,10.1809,2.4413,4.6002,5.5696,1.4729,0.8865
308,1.7724,11.2255,4.7215,2.7957,5.0937,8.6103,5.6820
309,9.9819,3.3825,1.8171,6.3801,0.8830,2.2132,0.4322
310,0.1913,1.6048,4.2487,2.8148,1.5163,1.5835,1.9869
311,4.4290,5.0707,2.6435,7.0314,5.9203,4.8463,4.9838
312,8.9501,3.3483,1.4275,0.1050,0.2341,0.2950,1.7790
313,3.5191,0.9111,4.1781,1.8643,10.4855,9.4835,3.8533
314,4.1584,2.8581,0.9309,4.3435,0.7221,0.2666,0.7212
315,7.5898,5.6767,8.5064,6.1045,5.4016,3.8940,6.2092
316,4.0554,0.8071,2.6347,4.8422,1.0862,4.8227,2.6794
317,2.5493,8.4376,7.5864,20.2476,4.1018,10.9433,8.0613
318,3.5431,2.2738,1.8976,4.4095,1.4079,1.4224,0.8060
319,5.2757,0.8805,2.7804,6.2900,3.6408,6.6274,3.9515
320,0.0685,12.2910,10.6177,0.4064,13.7966,9.2803,7.6898
321,2.2784,2.4204,4.2655,1.9663,3.6951,6.4653,2.7257
322,3.1467,1.9113,6.3367,5.1064,1.1350,8.0892,0.7045
323,0.1203,6.6281,2.5343,4.4720,0.8470,7.5397,3.6649
324,4.6809,6.7615,2.5505,10.9847,8.3016,8.1946,6.8912
325,9.0184,13.8174,12.0072,7.9392,12.4808,10.6196,10.9762
326,2.2928,4.6103,4.9949,2.9150,2.0492,0.1775,0.3925
327,2.1731,0.9284,0.5080,4.5640,4.2985,5.9976,3.0632
328,59.0021,48.0504,44.0560,56.1622,49.6546,48.8554,50.9944
329,25.7898,11.4121,10.5663,8.2798,15.9211,13.7049,14.3351
330,6.7256,0.5306,5.3500,3.0732,1.1084,3.9148,0.9905
331,3.3129,3.2834,1.3187,7.3352,3.5698,2.8960,3.1733
332,0.9083,5.2849,1.3011,3.5080,1.0628,0.1029,1.5575
333,3.5047,0.6503,0.8001,13.5746,0.4366,3.0801,2.3852
334,2.4283,1.5640,3.0026,1.3048,0.0537,3.0683,0.5543
335,17.3088,21.0559,24.5096,25.9942,20.9631,20.6218,21.7225
336,24.2129,19.8724,22.9491,25.2048,19.8709,17.3143,21.5902
337,1.1351,3.4106,7.0821,4.0512,8.4721,8.4264,5.4043
338,3.5491,8.3359,4.5519,11.3559,12.9850,3.5340,7.3687
339,4.3892,0.1259,3.7551,4.5225,6.3129,1.7673,3.4425
340,2.5731,1.3505,0.8111,4.2790,1.2236,0.3865,1.5032
341,4.9604,1.6905,0.4711,0.9044,1.5636,0.7265,1.5790
342,5.2753,4.0747,0.6380,3.9896,4.2302,3.6793,2.3332
343,2.1104,7.0765,0.8496,9.4922,9.3852,3.2012,4.6125
344,12.3728,24.8490,25.2708,10.1765,22.2534,23.1400,19.6498
345,4.4040,17.4591,18.4765,2.1961,12.4786,18.6037,12.2350
346,5.8018,14.5311,10.7871,15.3093,13.0492,12.4674,11.9574
347,15.7420,27.0794,17.0134,25.8598,19.0753,15.4616,20.0229
348,9.2904,17.1294,16.6629,15.5829,19.3388,14.1267,15.3300
349,2.1798,1.3705,0.7911,0.5785,1.2436,0.4065,0.8374
350,5.0509,1.7805,0.3811,0.9836,1.6536,0.8165,1.6673
351,22.5521,16.8824,22.8437,25.8615,19.1407,19.1216,21.0746
352,5.7909,10.0088,5.5013,5.3095,8.9431,9.9526,7.5715
353,5.6211,11.4238,13.5422,13.6951,13.7073,9.9617,11.3007
354,3.7712,10.0311,6.5865,10.7836,16.4938,12.1439,9.9294
355,11.4968,7.4115,11.0709,9.2501,6.3438,9.3692,9.1692
356,18.4980,33.6771,40.9052,44.6046,35.2957,38.8866,35.2206
357,11.8769,4.0400,11.7386,6.3985,3.4521,12.6612,8.3728
358,5.8193,6.8394,13.4663,8.7766,12.1119,11.3696,6.8091
359,7.5207,4.4205,2.2589,4.0514,4.2936,3.4565,4.3489
360,10.7951,13.1706,8.5397,14.5274,6.3907,11.5135,10.8175
361,4.3093,9.3622,5.2422,6.6574,11.1732,8.5325,7.5273
362,5.5334,11.2059,10.8551,16.7950,19.5846,17.8142,13.5769
363,4.9417,5.9802,0.7369,4.4139,5.0217,3.2118,2.1185
364,4.3447,8.9253,1.8005,3.4933,6.2546,2.5128,1.9178
365,3.3925,5.6189,5.3368,5.9156,6.7581,9.1834,6.0142
366,1.9752,6.3060,5.1791,4.1115,6.0748,5.1050,4.7792
367,1.6872,1.6405,0.5211,0.8373,1.5136,0.6765,0.9752
368,4.0301,2.3505,0.1889,1.5440,2.2236,1.3865,1.9638
369,20.4883,16.0920,16.3585,18.0858,18.1688,16.0902,17.5621
370,5.1493,3.4276,4.5115,5.2000,2.4481,3.7868,4.0924
371,5.2383,8.6757,4.9230,3.9606,7.5738,5.6024,5.9943
372,2.9252,2.9345,3.2250,5.7259,8.3502,8.8809,5.3177
373,6.6371,1.1799,7.6719,5.6249,2.4604,7.5366,5.1880
374,10.1116,12.3767,5.8181,7.2925,13.7697,11.0184,10.0613
375,9.4330,2.4226,4.2269,3.2591,2.3647,4.9068,3.6517
376,0.9084,6.9584,1.3011,0.0530,2.7497,0.1035,1.6857
377,2.7084,7.0064,0.4989,1.8530,5.5044,1.6965,0.9497
378,18.4444,6.5423,14.0382,18.0427,5.1618,14.6655,12.8344
379,7.2378,18.9956,14.9884,11.4566,20.0405,15.1466,14.6117
380,5.2790,3.3674,2.2793,4.8832,0.2135,0.7055,0.0662
381,0.0289,11.7644,9.0229,9.9868,14.2350,11.8994,9.4288
382,0.6514,3.5349,1.1651,4.5092,14.0292,14.2629,4.5956
383,2.5804,7.5687,3.8754,2.8925,11.4487,11.2786,6.5785
384,3.4366,10.3799,2.3668,1.0764,11.9293,14.5003,4.9272
385,2.3598,8.5985,6.6769,5.5887,6.0776,4.4476,4.8071
386,4.4708,4.4105,2.2489,3.6213,4.2836,3.4465,3.7499
387,21.1266,16.8043,17.4000,8.7587,14.0529,22.8676,16.8504
388,11.1962,17.2746,19.3324,12.7529,14.6445,14.9487,15.0137
389,6.8082,0.9202,10.2949,0.2349,0.8284,9.8470,4.1700
390,0.1681,12.0644,0.9222,7.2633,4.2151,2.4891,4.1354
391,0.2778,1.0727,3.6850,4.1759,7.4800,11.7668,3.2288
392,3.1735,5.0110,7.7515,3.6515,13.6539,12.4973,7.5932
393,3.8589,11.7092,0.2121,1.9738,6.8104,7.0004,3.2078
394,5.2051,23.8169,1.5682,1.0519,9.7658,0.1762,4.6389
395,1.3384,1.2905,0.8711,0.5115,1.1636,0.3265,0.6294
396,8.8609,18.3069,15.4028,8.3080,15.3920,17.7546,13.9793
397,3.2088,15.0995,16.2144,10.3989,12.4365,9.5028,11.1159
398,8.5036,1.5906,11.6776,13.8360,8.1505,9.3999,8.8528
399,6.5238,17.8894,10.4376,3.6844,11.6887,8.3057,9.7510
400,2.3078,10.2029,9.6423,4.1229,6.2837,1.0080,0.1105
401,3.2819,20.7425,15.6256,7.4910,17.1166,14.8389,13.1414
402,3.5612,2.8378,5.4019,7.7435,0.2141,4.4460,3.9582
403,0.7953,0.7438,1.4211,3.6416,0.6136,0.2235,0.6896
404,2.4584,2.4105,0.2489,1.9680,2.2836,1.4465,1.8051
405,19.4618,6.0001,19.1521,10.9360,8.4835,16.7154,13.4853
406,3.7776,9.9923,5.3643,10.4652,7.1413,8.7703,7.5610
407,3.5636,16.1556,3.2970,2.2880,9.0272,4.4835,6.4632
408,3.2678,10.7881,5.0642,3.6179,5.6110,6.4301,5.7862
409,5.5774,14.1948,12.9587,9.2804,11.4344,14.7745,11.3396
410,0.8970,12.4019,7.4221,2.5996,12.8562,7.0132,6.8672
411,7.7690,3.5430,2.6539,0.1365,3.8608,1.8759,1.2205
412,1.9381,1.2416,1.0447,3.4039,5.6373,0.1578,1.8880
413,2.7441,2.6909,0.5341,1.4248,2.5641,1.7268,1.9510
414,10.9073,8.7762,4.7643,7.3238,7.4549,11.6500,8.4820
415,4.0355,9.0365,4.7674,0.7964,3.4364,2.0159,0.3899
416,1.1434,2.2128,5.2336,14.6990,5.9758,3.1498,4.9868
417,22.6485,16.7734,20.6983,16.2217,14.6839,17.7810,18.1607
418,1.0742,18.1457,10.3402,9.5601,17.7978,9.4700,10.6555
419,1.2255,11.9337,11.9123,3.0576,12.7241,0.3198,6.3342
420,5.1312,3.8987,5.7755,0.8663,1.5356,1.6283,1.3484
421,1.6984,8.0164,0.5111,0.8430,6.5144,0.6865,1.9597
422,0.2116,9.9264,2.4211,1.0670,8.4244,1.2235,3.8697
423,13.3124,12.6457,6.1451,15.4444,12.9265,12.6579,12.1847
424,7.8761,5.2287,14.4482,6.1049,8.2312,12.1046,8.9933
425,8.3986,15.2279,7.3669,6.8172,10.9217,9.4447,9.6926
426,13.4788,18.5533,16.2564,15.5816,11.8065,19.5340,15.8516
427,11.7295,21.4531,9.0822,8.4688,11.7080,10.1009,12.0966
428,4.5688,16.9147,4.1712,6.3531,19.8120,4.6333,9.3947
429,10.3270,21.3428,8.8616,12.7186,5.0914,11.8991,11.7009
430,1.2938,15.4397,3.4411,14.6879,7.8775,5.8245,7.6171
431,19.2461,26.7472,19.3433,20.8830,29.1289,21.3346,22.7656
432,16.4476,5.9632,3.9792,9.8365,4.3933,6.7575,7.9338
433,11.3355,13.5915,10.4553,2.4413,11.2994,16.8239,10.9880
434,4.7890,8.3431,1.7203,0.6362,6.5366,5.9089,4.6553
435,5.3429,4.6746,1.0481,2.4863,0.1169,3.2452,2.7910
436,6.8333,6.9095,0.6618,1.9178,6.5407,0.0220,1.4999
437,11.2607,3.9880,14.8007,13.1438,7.6070,18.2768,11.4969
438,6.8658,11.9024,13.3131,9.6663,6.7768,7.9801,9.4131
439,17.5031,21.4154,16.0408,4.9483,18.6588,15.4165,15.6840
440,18.4011,8.5026,8.5850,5.8467,8.2950,21.5640,11.8776
441,11.8353,8.7505,1.2746,0.0214,6.2433,15.8169,3.2823
442,4.7391,8.8587,5.9366,5.2641,9.6409,12.8651,7.8590
443,5.9279,14.4903,9.5362,3.8560,10.0830,10.7050,9.0879
444,0.2195,0.4900,6.9783,5.4112,2.7965,7.3264,1.4388
445,13.0984,7.3073,14.5494,19.9728,11.3428,12.3411,13.0973
446,2.1915,10.1417,2.6155,0.5538,8.5090,9.1166,5.5006
447,3.6080,6.3124,2.6113,2.1264,1.1962,9.8133,3.5614
448,6.3119,6.7350,9.3018,1.3299,8.0990,10.7894,6.6498
449,6.2610,8.8671,8.8839,3.0142,8.7932,12.0877,7.9728
450,14.1122,21.7307,15.2987,13.0538,20.3297,20.9561,17.5593
451,4.9622,2.8444,4.8477,6.1601,1.9421,3.9352,2.5263
452,5.1838,6.2419,1.6446,3.8303,2.9369,3.4285,3.8838
453,9.4303,7.0781,11.1111,10.6803,6.5877,8.5276,8.9061
454,8.2274,20.4106,11.5952,18.1403,18.9764,12.3760,14.9234
455,5.1588,5.9238,4.2902,9.6640,0.0334,5.5051,5.0918
456,4.1860,16.3512,5.2550,13.9722,11.7670,13.7279,10.8327
457,3.5098,0.5606,1.6011,2.9105,0.4338,0.3429,1.0352
458,3.1903,0.6965,1.4695,0.2683,0.5792,0.2717,0.5117
459,19.5943,7.0618,19.8579,22.3728,16.7116,19.7106,17.5511
460,7.9800,20.5577,7.6426,4.1326,10.6726,6.6122,9.6048
461,4.3101,16.2697,3.3701,6.4454,8.9204,5.9566,7.5333
462,11.6478,11.2085,11.7268,13.7176,13.1081,16.3853,12.9497
463,8.6251,20.5726,7.6526,7.4912,9.1057,6.6459,10.0200
464,6.7467,8.7941,6.0263,16.6733,4.4971,7.1368,8.2991
465,8.3016,17.0522,13.4339,20.3438,23.0435,19.9045,16.9587
466,0.7990,3.6574,1.4218,3.7457,2.9142,2.8840,2.0843
467,6.8520,1.7108,14.5868,2.5566,14.2213,6.0132,7.6640
468,21.9901,15.5374,22.4097,17.6136,18.8440,18.8371,19.2224
469,12.4945,9.8291,18.2921,19.7808,13.4693,17.4327,15.1962
470,2.3803,4.9488,3.8752,16.9038,6.6158,9.0636,7.2588
471,3.0783,6.9341,3.9555,14.4528,8.8436,8.1227,7.5324
472,3.2358,8.1533,0.2228,9.1759,9.5477,7.2299,6.2366
473,11.3064,9.2695,5.6018,14.8772,3.5672,6.0071,8.4500
474,4.5404,2.6438,1.9332,6.3131,2.3275,3.8176,0.9244
475,3.2461,1.7810,1.1889,3.3651,1.0548,2.7120,1.8292
476,0.8320,8.0989,1.3910,1.0451,4.1062,0.1423,2.0897
477,37.1230,21.1379,28.9670,19.6868,28.9404,26.1922,27.0632
478,0.3573,8.4551,0.0531,7.5244,2.8005,7.0617,4.2057
479,16.5482,2.8104,1.4146,7.9915,0.6832,2.4900,3.3963
480,4.6542,7.1938,0.3174,0.7976,4.6388,10.7090,3.0084
481,5.7598,2.2438,3.2937,6.1394,2.5813,1.3564,3.1297
482,0.1876,17.6265,18.0618,1.3919,15.3337,11.1603,10.0684
483,3.3757,2.3001,4.4314,3.1864,6.6817,5.2709,2.3817
484,2.5486,4.8798,7.6289,1.8418,4.1279,6.4514,4.5714
485,6.5682,8.4299,10.5979,1.8658,8.4413,9.4150,7.5522
486,14.0086,10.2502,7.4382,1.4743,7.3662,8.2608,8.1665
487,14.4674,21.6780,24.6419,22.7221,24.5189,23.7348,21.9225
488,7.3555,14.7057,9.3764,9.5442,12.9628,13.5726,11.2301
489,10.6548,18.7782,10.2999,10.2495,10.1202,8.8253,11.4925
490,0.3875,14.1678,0.0196,0.9221,4.9362,2.2352,3.0277
491,28.7327,11.8508,22.1081,25.3197,22.4635,18.2776,21.4937
492,12.4637,14.2032,8.9652,6.7044,3.0766,5.7828,8.5620
493,4.6169,5.4257,6.5367,3.8419,4.5485,5.1022,0.0209
494,7.4201,0.7822,12.3263,0.4646,9.6592,14.6612,7.1300
495,21.4577,13.7952,21.2846,9.5561,11.6921,15.2651,15.5476
496,5.9956,9.3113,5.0634,8.7595,14.3667,11.1813,9.0895
497,16.9925,18.4632,17.4842,14.0156,17.6539,15.7263,16.7295
498,19.8730,7.5072,20.0027,18.9980,12.9490,14.9128,15.7273
499,9.5985,2.0287,5.3481,3.0125,3.9541,7.5621,5.2674
500,2.6469,4.9636,8.7417,4.7224,5.2629,0.8783,2.0721
501,3.5653,3.4420,9.7786,2.9522,7.3870,1.7326,3.2708
502,1.1840,6.9295,1.0310,0.6062,1.9771,0.1669,0.9835
503,2.4586,2.4105,0.2489,1.6030,5.7544,1.4465,0.4103
504,12.9013,16.7361,13.1944,15.6391,18.9370,16.6127,15.6525
505,2.4866,5.4391,2.9276,6.3175,4.2535,5.9532,4.5475
506,9.3894,6.5570,9.0104,5.0548,1.4758,5.9552,6.2605
507,8.0680,4.5638,7.2812,6.7687,0.3347,4.0599,5.0855
508,24.2428,13.6723,10.3494,16.4247,28.5547,8.6876,17.0318
509,6.0416,11.8058,5.6123,4.9280,6.0687,2.8934,6.2337
510,14.2970,27.1189,17.8348,12.3136,24.5630,22.3191,19.7161
511,5.2440,21.6147,22.0597,9.1532,22.2728,17.1606,13.1823
512,8.1757,11.2295,16.4578,10.1151,14.0097,12.3399,8.6959
513,13.2575,12.7491,10.0603,6.2613,9.7919,9.0545,10.2169
514,4.2252,19.6512,7.6799,9.8420,15.4111,8.9785,10.9372
515,4.1410,18.3859,6.3664,2.2653,13.6037,5.4402,7.6102
516,8.8157,11.9709,0.6169,4.3215,9.7053,3.2126,6.2502
517,1.3940,0.7821,7.0246,1.1635,2.6517,2.6687,1.8758
518,0.6646,0.5118,1.1932,1.9377,5.6942,1.7833,0.9181
519,4.4188,9.1067,4.1964,2.5505,1.8299,1.8311,1.3882
520,10.7963,19.2112,18.1696,3.4179,21.6835,18.5063,14.1522
521,7.3724,14.8029,19.8777,4.6790,18.6180,14.2448,11.7016
522,23.1499,9.0551,12.9685,5.4590,15.1327,11.4151,12.9198
523,9.5598,13.2179,7.7780,15.3675,5.3194,12.2779,10.5734
524,1.2266,5.2066,0.7930,9.2664,0.3494,6.1317,3.1210
525,15.7265,3.8046,11.7789,8.5446,0.4366,4.9587,7.4439
526,9.0778,18.3987,8.4595,10.9145,4.6415,7.5484,9.8430
527,8.2906,9.8194,2.8794,5.0016,0.0132,6.3569,0.0492
528,14.1574,5.4635,1.8623,5.4182,0.5436,6.6309,1.5389
529,0.9822,4.8455,5.6300,2.7315,2.2728,5.6814,2.0189
530,6.6653,8.2600,2.4500,11.1655,9.5765,9.5056,7.9198
531,11.8191,17.6099,15.2951,17.3887,14.4488,14.4530,15.1540
532,12.1722,17.8793,15.3996,17.4321,14.7722,14.5760,15.3577
533,8.1462,3.5338,5.3785,6.2788,6.6599,6.4156,6.0761
534,9.2847,14.2717,16.1563,14.4086,16.8588,17.2869,14.6810
535,9.9861,14.2012,16.1615,14.3823,16.9396,17.2899,14.7996
536,11.1931,3.5705,12.3430,2.7867,7.5023,8.8602,7.7304
537,5.2747,2.3262,5.2566,1.6006,1.7603,4.6241,2.7081
538,4.1719,13.9493,16.8076,4.4879,15.7468,11.5878,11.1024
539,27.5735,14.5234,14.7521,18.5224,13.6405,13.9150,17.2070
540,10.4541,14.0741,13.0356,11.4053,9.3669,13.6110,11.9831
541,8.5588,14.6389,11.7605,13.8499,11.8637,10.8610,11.9077
542,2.5122,4.0432,0.8111,2.8731,3.7732,0.2714,1.4364
543,2.8462,6.4112,8.7344,6.5142,9.3669,12.3220,7.6675
544,6.1818,2.8011,12.6159,10.9093,6.1732,13.7010,8.7078
545,0.5721,1.6529,1.0431,2.3282,2.1277,5.1456,0.6772
546,6.3583,3.8660,8.6095,2.9531,2.7639,6.2515,0.8855
547,11.5512,4.7675,8.2571,6.2622,6.4536,3.7892,6.8767
548,3.2983,5.3704,6.2078,1.7660,5.3877,3.7452,3.1689
549,5.5844,11.1564,8.7991,10.8456,9.3574,8.0288,8.9469
550,6.9029,9.0588,8.2135,13.2199,12.4790,9.0060,9.7962
551,6.7627,7.2527,3.3648,0.8187,2.5393,4.0550,0.8894
552,10.0084,11.0084,10.4648,1.7191,12.5507,7.9942,8.9723
553,11.4336,3.0042,15.7790,5.7086,4.7396,5.4747,7.7204
554,3.1991,10.0965,3.9207,3.0167,7.8551,7.2662,5.8785
555,1.9215,1.7847,2.1510,6.3740,3.3944,9.5993,3.5205
556,4.2483,5.4347,5.8583,1.0498,4.3518,6.9419,3.1929
557,1.8700,9.5925,9.4754,9.2111,10.5475,10.2067,8.4492
558,15.5300,11.3420,8.5818,9.5772,8.3915,7.5620,10.1948
559,6.4372,11.8091,8.5370,10.2285,16.0898,7.7741,10.1314
560,0.8390,1.5893,3.9491,6.8529,4.5607,5.0652,3.7892
561,3.6172,2.2037,1.4271,3.6283,1.1359,0.1728,0.4524
562,2.7390,0.7236,1.8410,8.4006,0.1411,3.1586,2.5859
563,3.2845,9.8333,0.5883,1.7042,7.1476,3.4261,4.3279
564,2.5192,2.0304,1.8109,5.3897,2.1031,3.5123,2.8879
565,7.9947,14.6893,25.8758,1.4363,17.1777,17.9335,13.6936
566,8.9661,9.4220,8.4657,6.8994,8.4366,10.5168,8.7832
567,5.6250,11.1975,8.7131,10.7268,8.1674,8.0585,8.7340
568,9.4095,15.0114,12.2869,14.2501,12.0496,11.8653,12.4649
569,8.3866,2.9720,5.6480,3.6888,2.4174,6.7503,4.9910
570,9.2383,6.7990,18.4224,16.8543,10.8173,19.5730,13.5837
571,5.9779,5.1268,14.2076,14.3204,11.3249,15.3674,11.0189
572,13.1315,0.5441,3.5081,10.7541,1.6713,6.1127,5.7985
573,6.1862,2.8974,4.1585,2.2623,1.3693,2.8567,0.2296
574,4.1874,3.7616,6.6056,1.6834,2.3425,4.9621,0.0915
575,1.8200,13.8717,12.2308,15.0344,13.0097,15.8207,11.9064
576,21.4636,9.0787,6.5040,8.4700,6.1736,9.7798,10.2975
577,13.4742,16.6634,19.4386,19.1642,19.6281,19.1940,17.9029
578,13.8487,8.2669,10.8980,9.2206,11.2874,12.0136,10.9345
579,12.6189,12.9699,14.4384,14.9048,15.9340,15.5410,14.3891
580,2.9238,10.1651,10.6332,10.6573,7.6403,11.7788,8.9326
581,5.2879,19.4087,14.4012,15.1081,19.3102,18.2100,15.2342
582,15.2263,1.1976,14.4149,0.7653,4.2276,3.2832,6.1791
583,0.7245,8.8615,10.5558,2.5419,8.4230,8.3985,6.5602
584,10.5911,18.1193,25.9489,0.2344,18.4652,22.0419,15.8849
585,5.6065,10.4319,8.0352,10.0889,7.4074,8.2465,8.2892
586,5.5749,10.9397,8.3666,10.3877,7.9772,9.6748,8.8021
587,5.7604,12.1011,8.0329,15.0502,7.5714,13.5220,10.3061
588,1.9790,4.7943,7.2254,6.9899,1.7944,8.3531,5.1682
589,8.7041,3.4125,11.5327,0.0486,5.6131,8.6963,6.3339
590,6.6719,2.2095,5.5748,3.3016,7.2249,5.6305,0.1267
591,6.7790,4.6642,3.9947,7.5305,3.2930,4.2961,1.4471
592,7.9264,17.5163,21.0457,1.5301,16.7820,22.2618,14.4805
593,4.9283,14.6404,15.0675,12.0606,13.5537,14.1451,12.3635
594,10.7267,15.3649,12.6840,14.6925,12.4187,14.5302,13.3868
595,11.2222,15.0385,12.6827,14.0406,19.5646,14.8302,14.5447
596,8.0245,2.3341,4.8833,2.8784,5.3854,4.9566,4.7595
597,11.7698,7.9323,8.7018,11.2285,11.4424,9.3144,10.0713
598,0.4425,6.9111,3.6751,5.0396,2.6696,4.7424,0.7069
599,10.8285,6.6526,17.8639,18.5886,10.9835,18.9837,13.9555
600,6.2845,0.8108,6.3699,6.9073,2.4580,7.2534,4.7438
601,9.1487,2.9759,2.6532,3.3479,2.2483,5.0177,4.2528
602,51.5106,22.4121,32.9564,26.6743,25.0632,29.2571,31.4158
603,19.3455,13.5640,10.9926,12.9781,10.6650,13.7532,13.5754
604,10.8585,20.5226,22.8450,21.1292,23.4649,20.1704,19.7899
605,11.4290,3.9035,8.2428,6.2358,0.7844,8.6228,6.5570
606,0.0304,5.0470,3.8247,1.6272,1.4527,0.4359,1.5182
607,2.4317,4.1837,4.2562,8.4731,1.6480,4.7784,2.3414
608,17.8726,10.7520,15.4556,28.1374,11.9330,18.6153,17.1157
609,6.2585,3.7994,3.5506,3.8766,3.7978,3.9329,4.2126
610,5.2316,14.9464,7.4411,6.0870,13.4444,6.2435,8.8897
611,6.4741,14.6736,15.1026,10.6689,13.5916,17.8254,13.0191
612,17.8376,4.2278,1.9356,2.1112,2.5701,2.4533,2.2950
613,20.6265,21.2455,20.5136,16.7948,24.9168,19.5890,20.6193
614,29.1713,6.7585,21.2190,11.1917,6.7782,15.2162,15.1298
615,16.5528,1.8715,8.1760,7.6654,3.5780,12.9401,8.4917
616,36.4729,15.4794,17.8510,31.0152,16.3085,23.9031,23.5524
617,6.8045,4.4938,5.0699,2.8229,3.5660,4.6634,4.5826
618,46.2208,39.2005,45.1481,42.8056,42.7344,44.6966,43.4789
619,3.4312,12.9457,21.4130,1.6577,18.1732,13.3753,10.0853
620,6.2458,5.3685,2.9989,7.2614,6.2566,3.9461,5.3495
621,18.4532,5.2318,8.5450,4.6883,5.0109,15.0469,9.5291
622,9.2721,6.7797,10.1735,13.4140,5.5319,4.6834,8.3187
623,8.6692,4.2201,0.8133,3.2552,4.1282,4.4557,4.2751
624,10.7652,17.7322,13.6752,21.8153,17.5407,18.9249,16.7023
625,21.1218,8.3154,14.2551,8.0112,11.2155,18.6907,13.6303
626,9.1115,2.5161,8.8471,15.5276,1.4193,7.7306,7.5261
627,2.9754,4.0759,8.4011,8.3010,0.5718,1.9308,0.0831
628,12.1531,18.1670,26.6539,0.9133,20.8888,24.3109,16.8625
629,10.9313,8.1702,3.3980,2.8192,5.7586,3.5107,5.7951
630,24.3409,17.6984,22.6556,10.7722,23.1039,19.6588,19.7360
631,0.4372,1.9064,4.1088,13.1038,4.0728,3.8910,4.4105
632,9.5238,3.9381,1.9928,4.3639,0.7014,7.4116,4.0046
633,2.5230,16.1804,7.7945,2.8283,11.8432,3.2603,7.3972
634,9.4651,6.3583,6.3461,3.8096,0.9342,6.6589,5.6147
635,6.7575,5.7036,7.8997,3.5568,1.0051,2.4051,4.5746
636,6.1806,15.6236,13.2675,17.4605,17.1579,15.1554,14.0974
637,9.5186,19.6021,27.9684,24.5466,23.1931,26.6091,21.8399
638,10.0346,12.2291,24.5494,6.7673,14.9246,24.2335,15.4268
639,5.4046,10.9807,8.3341,10.3038,8.0171,7.5382,8.4166
640,26.3006,13.1831,26.0914,13.6796,12.6593,20.2167,18.7315
641,10.0779,4.4746,7.1340,5.1737,7.4429,7.8001,7.0307
642,16.9000,11.3521,13.6536,11.5771,7.7273,14.6197,12.6565
643,8.6949,3.8394,8.4913,2.3152,8.5131,3.5348,5.9207
644,5.8711,8.9262,0.4418,2.0608,7.8343,0.4169,3.4446
645,6.5412,2.8261,1.4061,9.9836,0.9024,13.0869,3.0651
646,0.9007,2.3100,1.7340,12.2426,1.8099,4.4742,3.5792
647,5.9934,11.7326,8.8232,3.9887,10.0353,12.5418,8.8360
648,8.9216,14.6255,11.9893,13.9651,11.6353,11.1167,12.0287
649,5.4025,18.4989,5.6107,18.3269,14.0025,10.8773,12.0812
650,15.3466,9.6495,12.2973,10.3259,12.6330,13.1658,12.2498
651,16.8800,11.3019,13.6567,11.4926,6.7701,14.5928,12.4680
652,10.1801,4.6441,6.8532,4.8109,7.7697,7.9343,7.0458
653,1.1386,6.8685,3.2255,1.5405,5.5776,1.5322,1.2194
654,20.1351,11.3237,17.1585,21.8706,13.1641,19.4665,17.1901
655,0.1618,10.8100,9.8355,1.6738,9.8142,11.1877,7.1579
656,4.8270,3.5038,0.6552,0.5412,2.7360,5.0763,1.2445
