Actual,DE,SHADE,CMA-ES,NRBO,BOA,HHO-Lite,WeightedAvg_Pred,IsDifficult
76.7537,76.7699,76.9115,76.5585,76.9115,76.6893,76.9115,76.7918,False
77.2228,77.2421,77.2663,77.0577,77.2663,77.1822,77.2663,77.2134,False
76.9535,76.9595,77.0052,76.7701,77.0052,76.9240,77.0052,76.9448,False
76.8677,77.5695,76.9715,77.1509,76.9715,77.4865,76.9715,77.1873,False
76.6592,77.4325,76.5229,76.9969,76.5229,77.3493,76.5229,76.8918,False
77.2713,77.2016,77.0267,77.1755,77.0267,77.0999,77.0267,77.0929,False
78.4352,78.5390,78.5173,78.9170,78.5173,78.7079,78.5173,78.6195,False
78.8673,79.1326,79.3172,79.5867,79.3172,79.3161,79.3172,79.3312,False
78.4965,78.7733,78.8554,78.8013,78.8554,78.7437,78.8554,78.8140,False
82.2688,81.1914,81.9127,81.6884,81.9127,81.7216,81.9127,81.7231,False
82.1708,80.8713,81.3350,81.2443,81.3350,81.2977,81.3350,81.2363,False
82.2811,81.0923,81.6775,81.5398,81.6775,81.5795,81.6775,81.5406,False
79.3912,79.8237,79.9925,79.8752,79.9925,79.8347,79.9925,79.9184,False
79.5079,80.1613,80.3466,80.5175,80.3466,80.3010,80.3466,80.3366,False
79.3278,79.7400,79.8499,79.7232,79.8499,79.7689,79.8499,79.7969,False
80.8325,79.7896,80.5315,79.9988,80.5315,80.4441,80.5315,80.3043,False
80.2217,79.2354,79.8763,79.2808,79.8763,79.7202,79.8763,79.6439,False
80.5588,80.6729,81.6770,80.9426,81.6770,81.7057,81.6770,81.3918,False
81.1215,79.4629,81.2988,80.2932,81.2988,80.7091,81.2988,80.7263,False
81.1331,79.9659,80.3944,80.0400,80.3944,80.5524,80.3944,80.2902,False
81.2499,79.9451,80.4237,80.0493,80.4237,80.5853,80.4237,80.3085,False
78.9712,79.0012,78.8504,79.3161,78.8504,79.3731,78.8504,79.0407,False
79.3067,79.3478,79.2222,79.7562,79.2222,79.5782,79.2222,79.3918,False
78.8984,78.8788,78.8927,79.2189,78.8927,79.1680,78.8927,78.9909,False
76.4622,76.5536,76.7346,76.3794,76.7346,76.6622,76.7346,76.6330,False
77.0877,76.9556,77.4433,76.8419,77.4433,77.0492,77.4433,77.1957,False
76.1286,75.8939,76.3901,75.8188,76.3901,76.0776,76.3901,76.1598,False
77.3977,77.3525,77.6082,77.2207,77.6082,77.3664,77.6082,77.4605,False
76.4808,76.6368,76.7453,76.4107,76.7453,76.6695,76.7453,76.6587,False
77.6330,77.5791,77.9133,77.4660,77.9133,77.5687,77.9133,77.7253,False
78.7121,78.3244,78.8239,78.4203,78.8239,78.2864,78.8239,78.5834,False
78.0107,77.8452,78.3432,77.8140,78.3432,77.9717,78.3432,78.1097,False
78.1211,78.0163,78.0635,78.0734,78.0635,78.1678,78.0635,78.0747,False
78.7121,78.6356,78.9131,78.6758,78.9131,78.7545,78.9131,78.8007,False
78.1917,78.3952,78.6088,78.3999,78.6088,78.6476,78.6088,78.5448,False
77.9207,77.6608,77.9461,77.8170,77.9461,77.9160,77.9461,77.8720,False
79.6251,79.7244,79.4728,80.0349,79.4728,79.6186,79.4728,79.6329,False
79.7749,80.0264,79.6082,80.4062,79.6082,79.9701,79.6082,79.8716,False
80.2508,80.4647,79.9991,80.7709,79.9991,80.1520,79.9991,80.2311,False
79.1070,79.6168,79.4911,79.7472,79.4911,79.7838,79.4911,79.6037,False
79.2330,79.9069,79.7688,80.0664,79.7688,80.1074,79.7688,79.8981,False
79.0338,79.3420,79.6181,79.2954,79.6181,79.3330,79.6181,79.4705,False
78.0107,78.5287,77.9723,78.1778,77.9723,77.7780,77.9723,78.0669,False
78.3334,79.0024,78.7768,78.7077,78.7768,78.4628,78.7768,78.7504,False
78.3030,78.2303,78.3199,78.1087,78.3199,78.0721,78.3199,78.2283,False
78.5169,78.2973,78.5868,78.1777,78.5868,78.2079,78.5868,78.4069,False
78.7431,78.7567,79.0374,78.6446,79.0374,78.6548,79.0374,78.8611,False
76.8962,76.7655,77.0002,76.9429,77.0002,76.7692,77.0002,76.9129,False
76.2577,76.1131,76.6393,76.0308,76.6393,76.3395,76.6393,76.3999,False
77.0493,76.9027,77.3499,76.8247,77.3499,77.0353,77.3499,77.1351,False
80.0769,80.1121,80.0261,79.9048,80.0261,79.9633,80.0261,80.0097,False
81.4831,81.8622,81.5209,82.4463,81.5209,81.3576,81.5209,81.7050,False
79.5718,79.6363,79.7096,79.4777,79.7096,79.3942,79.7096,79.6060,False
79.8501,79.9213,80.3052,79.8522,80.3052,79.6846,80.3052,80.0618,False
80.4257,80.5509,80.6849,80.5614,80.6849,80.1849,80.6849,80.5584,False
80.2399,80.3390,80.6779,80.2934,80.6779,79.9889,80.6779,80.4421,False
75.7282,76.1516,75.7171,75.8502,75.7171,76.0397,75.7171,75.8657,False
76.1654,76.7868,76.2469,76.4335,76.2469,76.6997,76.2469,76.4438,False
76.1562,76.5378,76.2039,76.2685,76.2039,76.4498,76.2039,76.3114,False
78.0909,78.0432,77.6832,78.0947,77.6832,77.9710,77.6832,77.8600,False
76.8772,76.7777,76.7744,77.1073,76.7744,76.8952,76.7744,76.8507,False
77.0397,77.0907,76.9023,77.4336,76.9023,77.2466,76.9023,77.0800,False
79.7427,79.9941,79.8260,79.7228,79.8260,79.8244,79.8260,79.8365,False
80.0444,80.3876,80.3013,80.4695,80.3013,80.2076,80.3013,80.3281,False
79.8501,80.1269,79.9627,79.8183,79.9627,79.8885,79.9627,79.9536,False
78.5272,78.7492,78.9167,78.7454,78.9167,78.9646,78.9167,78.8682,False
78.5067,78.7184,79.0392,78.6633,79.0392,78.9077,79.0392,78.9010,False
78.2625,78.5396,78.7637,78.5737,78.7637,78.8492,78.7637,78.7089,False
79.6464,80.1636,80.2022,80.2784,80.2022,80.3455,80.2022,80.2324,False
79.6464,80.2120,80.2274,80.2924,80.2274,80.3532,80.2274,80.2567,False
79.5931,80.1626,80.1736,80.2545,80.1736,80.3400,80.1736,80.2131,False
81.5328,79.6351,79.6063,79.6476,79.6063,80.0099,79.6063,79.6855,False
81.2733,79.8189,79.6700,79.8162,79.6700,80.2672,79.6700,79.8191,False
81.6756,80.0537,79.8988,80.0817,79.8988,80.4152,79.8988,80.0415,False
79.0338,79.4025,79.4602,79.3828,79.4602,79.4645,79.4602,79.4384,False
78.8258,79.1783,79.3005,79.1418,79.3005,79.2213,79.3005,79.2404,False
78.8880,79.0738,79.0083,79.2466,79.0083,79.0910,79.0083,79.0728,False
76.7632,75.8195,76.7714,75.9604,76.7714,76.1310,76.7714,76.3703,False
79.7642,80.0019,80.2613,80.0293,80.2613,79.7568,80.2613,80.0950,False
79.7856,80.2159,79.9854,79.8934,79.9854,80.0026,79.9854,80.0113,False
78.0809,78.0038,78.2452,77.9041,78.2452,77.9115,78.2452,78.0922,False
78.9296,79.1344,79.0883,78.9360,79.0883,79.0998,79.0883,79.0725,False
79.0025,79.1769,79.1750,78.9860,79.1750,79.1107,79.1750,79.1330,False
78.6915,78.8808,78.9363,78.7145,78.9363,78.8462,78.9363,78.8750,False
78.9192,79.0932,79.0585,78.8528,79.0585,78.9022,79.0585,79.0038,False
78.6606,78.7295,78.8091,78.9762,78.8091,78.8297,78.8091,78.8272,False
78.5989,78.6335,78.7453,78.8178,78.7453,78.7125,78.7453,78.7333,False
78.5681,78.5655,78.7187,78.8159,78.7187,78.6684,78.7187,78.7009,False
79.0234,78.8637,78.8840,78.9961,78.8840,78.7063,78.8840,78.8696,False
79.0442,78.9473,79.4301,78.8596,79.4301,78.7712,79.4301,79.1442,False
79.0651,79.1511,79.2995,78.9717,79.2995,79.0476,79.2995,79.1779,False
69.2271,70.1253,68.4659,70.0905,68.4659,68.6907,68.4659,69.0513,False
70.4258,70.9132,69.8480,70.7876,69.8480,70.1629,69.8480,70.2351,False
70.2674,71.0505,70.7358,71.0573,70.7358,70.1999,70.7358,70.7523,False
71.2432,71.7713,71.4768,71.5706,71.4768,71.1875,71.4768,71.4932,False
71.5966,72.0364,71.7042,71.8656,71.7042,71.5957,71.7042,71.7684,False
71.5823,72.0719,72.2036,71.9173,72.2036,71.6164,72.2036,72.0357,False
71.7980,72.2255,71.1365,71.8962,71.1365,72.0703,71.1365,71.6009,False
71.9580,72.3894,71.3880,72.1623,71.3880,72.3235,71.3880,71.8406,False
74.6762,73.6105,74.8473,73.4574,74.8473,73.3718,74.8473,74.1625,False
80.2835,80.7048,81.2819,80.9784,81.2819,80.6970,81.2819,81.0373,False
78.0708,78.3051,78.4995,77.6245,78.4995,77.9863,78.4995,78.2352,False
78.3639,78.6031,78.7173,78.0513,78.7173,78.1942,78.7173,78.4997,False
78.0006,78.2368,78.5385,77.5711,78.5385,77.9417,78.5385,78.2270,False
78.8465,79.3255,79.3661,78.7253,79.3661,78.6872,79.3661,79.1389,False
78.8051,79.3083,79.6369,78.7794,79.6369,78.6483,79.6369,79.2737,False
79.0861,79.6399,79.8205,79.0780,79.8205,78.9886,79.8205,79.5274,False
78.5476,79.1513,78.8868,78.1884,78.8868,77.8777,78.8868,78.6456,False
81.3296,80.7863,80.2443,80.4350,80.2443,80.6875,80.2443,80.4406,False
81.1448,81.1194,81.0988,80.2864,81.0988,81.3957,81.0988,81.0162,False
78.2847,80.0115,79.7320,79.1825,79.7320,78.7096,79.7320,79.5160,False
81.6374,81.6302,82.0632,81.5493,82.0632,81.7550,82.0632,81.8537,False
81.0982,80.3373,81.2769,80.3672,81.2769,80.6570,81.2769,80.8648,False
81.6553,81.8944,81.4020,81.7806,81.4020,82.4332,81.4020,81.7197,False
81.6517,81.7013,81.2777,81.7200,81.2777,81.6555,81.2777,81.4853,False
81.9956,80.7348,80.7520,80.4406,80.7520,81.1527,80.7520,80.7641,False
77.2519,77.3097,77.2598,77.3346,77.2598,77.3449,77.2598,77.2948,False
76.2762,75.7159,76.2168,76.4039,76.2168,75.9459,76.2168,76.1193,False
77.3831,77.6207,77.4325,78.0042,77.4325,77.4393,77.4325,77.5604,False
77.7180,77.8880,77.5991,77.9499,77.5991,78.1028,77.5991,77.7900,False
82.1379,81.9138,82.0029,81.6667,82.0029,82.1482,82.0029,81.9562,False
81.9267,79.8220,79.9700,79.7201,79.9700,80.2722,79.9700,79.9541,True
77.0926,76.8971,77.0458,76.8669,77.0458,77.0851,77.0458,76.9977,False
79.0108,79.8215,79.6481,79.7661,79.6481,79.8570,79.6481,79.7316,False
81.7942,81.8657,82.0360,81.7180,82.0360,82.2748,82.0360,81.9944,False
81.9303,81.8350,81.9052,81.9102,81.9052,82.4390,81.9052,81.9835,False
77.2306,77.5121,77.2195,77.5398,77.2195,77.4021,77.2195,77.3522,False
81.6756,80.1927,80.3210,80.1707,80.3210,80.1503,80.3210,80.2460,False
82.2811,82.1660,82.2867,82.0856,82.2867,82.3327,82.2867,82.2407,False
82.0090,81.6739,81.8216,81.7609,81.8216,82.1278,81.8216,81.8381,False
78.4730,78.8130,78.5677,78.7870,78.5677,78.8730,78.5677,78.6962,False
78.0006,78.1003,77.8413,77.9318,77.8413,77.9487,77.8413,77.9176,False
78.3000,78.9125,78.6417,78.7591,78.6417,78.8356,78.6417,78.7389,False
81.6493,80.7090,80.7978,80.7528,80.7978,80.8930,80.7978,80.7914,False
78.7317,79.6521,79.5386,79.5122,79.5386,79.5824,79.5386,79.5604,False
82.3684,81.0662,80.8168,81.0638,80.8168,80.7140,80.8168,80.8824,False
79.0965,80.1746,79.8520,80.1337,79.8520,79.9479,79.8520,79.9688,False
81.8074,81.2865,81.1513,81.2466,81.1513,81.1311,81.1513,81.1864,False
82.0612,81.2671,81.4103,81.3929,81.4103,81.2744,81.4103,81.3608,False
82.3032,81.3023,81.3954,81.4294,81.3954,81.2318,81.3954,81.3582,False
81.6386,80.0833,80.2697,80.0127,80.2697,80.3326,80.2697,80.2062,False
77.3393,77.6438,77.5193,77.7386,77.5193,77.4204,77.5193,77.5601,False
81.9206,80.8248,80.6618,80.8522,80.6618,80.5071,80.6618,80.6949,False
81.6875,82.1787,82.2108,82.2209,82.2108,82.1175,82.2108,82.1915,False
82.0843,83.5380,83.8050,83.7904,83.8050,84.0585,83.8050,83.8004,False
78.2463,78.6604,78.2251,78.6984,78.2251,78.5001,78.2251,78.4227,False
82.8278,82.5477,82.2144,82.6676,82.2144,82.5112,82.2144,82.3952,False
78.3751,79.3467,79.0508,79.2884,79.0508,78.8635,79.0508,79.1085,False
76.4855,76.4598,76.3507,76.5247,76.3507,76.6002,76.3507,76.4397,False
81.6887,80.8013,80.9370,80.8763,80.9370,80.6126,80.9370,80.8500,False
79.0714,80.4055,80.2751,80.3368,80.2751,80.0698,80.2751,80.2728,False
78.8289,80.0887,79.9155,79.9925,79.9155,79.6508,79.9155,79.9130,False
82.0126,81.3583,81.4714,81.2920,81.4714,81.0780,81.4714,81.3568,False
82.0612,82.4001,82.3824,82.3566,82.3824,82.3869,82.3824,82.3818,False
81.5446,80.4469,80.3718,80.4515,80.3718,80.3823,80.3718,80.3994,False
81.8555,81.3200,81.1310,81.3739,81.1310,81.2812,81.1310,81.2282,False
74.8216,74.4750,74.9010,74.6382,74.9010,74.7263,74.9010,74.7569,False
81.9762,81.9143,81.9920,82.0561,81.9920,82.0369,81.9920,81.9972,False
80.6042,80.5636,80.8844,80.4470,80.8844,80.6727,80.8844,80.7225,False
81.4144,81.7613,81.2730,81.0174,81.2730,80.9400,81.2730,81.2560,False
81.8916,80.7558,80.4644,80.9333,80.4644,80.7414,80.4644,80.6376,False
77.3879,77.8667,77.5342,77.8266,77.5342,77.5532,77.5342,77.6416,False
77.5053,78.2115,78.3520,78.1726,78.3520,77.8928,78.3520,78.2219,False
81.1098,81.2816,81.7049,81.3259,81.7049,81.4797,81.7049,81.5334,False
81.3908,80.3763,80.3200,80.3943,80.3200,80.3440,80.3200,80.3458,False
80.6496,81.2350,81.9575,81.1386,81.9575,81.9050,81.9575,81.6916,False
78.1513,79.1473,79.6106,79.2411,79.6106,78.9755,79.6106,79.3655,False
81.4026,80.8118,81.0203,80.8280,81.0203,80.7731,81.0203,80.9121,False
78.2523,79.3007,79.4898,79.3056,79.4898,79.1408,79.4898,79.3692,False
80.8325,80.4514,80.5002,80.3794,80.5002,80.5082,80.5002,80.4733,False
80.8096,80.6180,80.9263,80.5036,80.9263,80.8032,80.9263,80.7837,False
78.0407,78.9713,78.7764,78.9418,78.7764,78.7957,78.7764,78.8397,False
80.8670,80.8043,81.0895,80.7084,81.0895,80.6992,81.0895,80.9131,False
81.5090,80.9356,81.1083,81.1075,81.1083,81.2926,81.1083,81.1102,False
81.3673,80.1227,80.0629,80.1460,80.0629,80.0595,80.0629,80.0862,False
78.7637,80.0382,79.8488,80.0262,79.8488,79.7908,79.8488,79.9003,False
81.0054,80.3578,80.6759,80.3812,80.6759,80.4328,80.6759,80.5330,False
80.8670,80.6952,81.0504,80.7469,81.0504,80.9217,81.0504,80.9190,False
78.4760,79.5547,79.5067,79.5949,79.5067,79.5532,79.5067,79.5372,False
81.2616,81.1053,81.1796,81.2254,81.1796,81.4512,81.1796,81.2202,False
81.2733,81.5242,81.6590,81.6263,81.6590,81.9076,81.6590,81.6726,False
77.0974,77.4856,77.5593,77.5832,77.5593,77.6873,77.5593,77.5724,False
78.6195,79.8044,79.9287,79.8849,79.9287,79.8806,79.9287,79.8926,False
81.6160,81.7533,81.6994,81.9605,81.6994,82.2469,81.6994,81.8435,False
81.3438,81.6523,81.4702,81.7421,81.4702,81.9302,81.4702,81.6228,False
81.6041,80.9674,80.9379,81.0276,80.9379,80.9657,80.9379,80.9625,False
81.6637,80.5252,80.2653,80.5409,80.2653,80.3434,80.2653,80.3677,False
74.0386,73.8424,74.3724,73.6625,74.3724,73.6062,74.3724,74.0375,False
73.7118,73.4228,73.8428,73.5987,73.8428,73.6571,73.8428,73.7010,False
76.9535,77.2247,77.2027,77.0456,77.2027,77.0107,77.2027,77.1480,False
72.0165,71.6662,72.2367,71.9659,72.2367,71.7686,72.2367,72.0182,False
75.2125,74.6814,75.7281,74.9484,75.7281,74.9303,75.7281,75.2901,False
64.6226,67.3515,64.8334,65.9075,64.8334,65.2287,64.8334,65.4986,False
73.6391,73.3739,73.8182,73.6319,73.8182,73.6143,73.8182,73.6789,False
71.9506,71.4340,71.6493,72.1136,71.6493,72.1569,71.6493,71.7758,False
74.3461,73.9524,74.1686,74.1322,74.1686,74.1436,74.1686,74.1223,False
75.5132,75.3582,75.6341,75.4225,75.6341,75.4700,75.6341,75.5254,False
76.6498,76.7081,77.1133,76.6097,77.1133,76.5698,77.1133,76.8708,False
77.2393,77.1240,77.1656,77.0418,77.1656,77.0340,77.1656,77.1160,False
73.2248,72.7469,73.2522,73.1638,73.2522,72.8908,73.2522,73.0928,False
71.8705,71.3604,72.0290,72.1321,72.0290,71.7134,72.0290,71.8820,False
69.1051,69.2017,68.5884,69.1992,68.5884,69.1998,68.5884,68.8948,False
71.2153,70.7890,71.3348,70.9835,71.3348,71.1198,71.3348,71.1492,False
72.9747,72.5132,73.0018,72.9829,73.0018,72.9883,73.0018,72.9149,False
73.4204,72.9464,73.1665,73.5081,73.1665,73.3692,73.1665,73.2207,False
78.5558,79.5309,79.1339,79.2972,79.1339,79.2254,79.1339,79.2426,False
73.3117,72.6816,73.3013,73.4107,73.3013,73.1963,73.3013,73.1987,False
72.9824,72.4432,72.8230,73.1355,72.8230,72.9560,72.8230,72.8341,False
77.3685,78.1998,78.1717,78.1272,78.1717,77.8762,78.1717,78.1196,False
78.2220,78.7863,78.5510,78.6554,78.5510,78.5751,78.5510,78.6117,False
70.5926,70.1246,69.4560,70.6297,69.4560,70.4992,69.4560,69.9378,False
72.5303,71.9917,72.5496,72.6613,72.5496,72.3354,72.5496,72.4394,False
74.6589,74.5462,74.7494,74.7280,74.7494,74.7220,74.7494,74.7074,False
75.3181,75.2381,75.3964,75.4543,75.3964,75.3988,75.3964,75.3801,False
76.9918,77.3202,77.1390,77.2353,77.1390,77.1109,77.1390,77.1806,False
76.0735,75.7648,76.0564,76.0218,76.0564,75.8859,76.0564,75.9735,False
68.2216,68.8094,68.5557,67.8542,68.5557,68.5679,68.5557,68.4830,False
71.9360,71.3803,72.0351,72.0038,72.0351,71.9972,72.0351,71.9144,False
73.8908,73.3642,74.1215,73.7595,74.1215,73.8347,74.1215,73.8869,False
74.6504,74.1855,74.3929,74.5392,74.3929,74.6028,74.3929,74.4178,False
76.1838,76.2360,76.2153,76.2531,76.2153,76.1593,76.2153,76.2157,False
68.9540,69.0860,69.2405,68.7853,69.2405,69.3535,69.2405,69.1576,False
76.9058,77.4989,77.1016,77.2072,77.1016,77.1000,77.1016,77.1852,False
72.5455,72.2804,72.0930,72.0188,72.0930,72.0518,72.0930,72.1050,False
75.0204,75.2357,74.6369,74.9934,74.6369,74.9678,74.6369,74.8516,False
73.2643,73.4084,72.7105,73.1377,72.7105,73.6186,72.7105,73.0499,False
73.0291,72.6816,73.0769,72.8116,73.0769,73.0141,73.0769,72.9562,False
75.1424,75.4257,75.7403,74.9571,75.7403,75.0073,75.7403,75.4346,False
75.1424,74.9007,74.9637,75.0523,74.9637,75.0437,74.9637,74.9813,False
77.4231,77.4637,78.0678,77.6979,78.0678,77.8939,78.0678,77.8763,False
77.6784,78.2631,78.0322,77.9019,78.0322,77.9040,78.0322,78.0275,False
73.3038,73.1705,73.3680,72.9349,73.3680,73.6777,73.3680,73.3146,False
73.5973,73.1414,73.6472,73.7708,73.6472,73.6051,73.6472,73.5765,False
74.4892,74.6487,74.2258,74.1118,74.2258,74.3248,74.2258,74.2938,False
74.5399,74.2862,74.3361,74.5421,74.3361,74.6025,74.3361,74.4067,False
76.8819,77.5533,77.7681,77.3827,77.7681,76.1511,77.7681,77.3977,False
76.0369,76.3161,75.8352,76.1700,75.8352,76.2653,75.8352,76.0432,False
75.8122,76.2281,76.4624,76.1150,76.4624,75.3545,76.4624,76.1801,False
75.2239,75.4819,74.9745,75.3237,74.9745,75.3246,74.9745,75.1759,False
75.6733,75.8744,76.4088,75.4965,76.4088,75.4261,76.4088,76.0032,False
75.1914,75.0155,75.2211,75.1703,75.2211,75.1024,75.2211,75.1585,False
75.9001,75.4811,76.2965,76.1304,76.2965,76.3493,76.2965,76.1417,False
75.8457,76.1492,76.2479,76.1572,76.2479,76.0174,76.2479,76.1778,False
72.8833,72.6981,72.8458,72.5264,72.8458,73.5654,72.8458,72.8882,False
73.2579,72.9069,73.3185,73.2269,73.3185,72.9686,73.3185,73.1761,False
73.0993,73.2260,72.6097,72.7134,72.6097,73.5659,72.6097,72.8896,False
72.5909,72.0229,73.0463,72.4065,73.0463,72.3458,73.0463,72.6518,False
72.9801,73.1652,71.9779,72.6420,71.9779,73.3970,71.9779,72.5239,False
72.8625,72.4708,72.9857,72.4676,72.9857,72.6949,72.9857,72.7648,False
73.9752,74.3444,73.7417,73.6048,73.7417,73.9523,73.7417,73.8546,False
74.0493,73.6880,74.3184,73.8665,74.3184,73.9664,74.3184,74.0791,False
72.6137,72.7304,72.3049,72.2445,72.3049,73.0887,72.3049,72.4968,False
72.3199,71.9106,73.4274,72.0968,73.4274,72.1922,73.4274,72.7459,False
71.2712,70.9953,71.6978,70.7620,71.6978,71.7778,71.6978,71.4379,False
71.2362,70.8125,70.8343,70.8382,70.8343,70.9235,70.8343,70.8462,False
71.3907,71.4518,71.0682,70.4580,71.0682,70.9822,71.0682,71.0159,False
71.4472,70.8226,70.5107,71.9498,70.5107,71.7304,70.5107,71.0068,False
68.5404,68.9229,68.5491,68.2174,68.5491,68.2036,68.5491,68.4983,False
73.8337,73.9491,74.0951,73.3733,74.0951,73.9610,74.0951,73.9278,False
75.4331,75.8654,75.3152,75.3446,75.3152,75.7546,75.3152,75.4853,False
75.3888,75.3975,75.6085,75.3065,75.6085,75.4498,75.6085,75.4964,False
74.5823,74.3078,74.7285,74.4344,74.7285,74.4234,74.7285,74.5583,False
70.6801,70.3622,70.8936,70.1572,70.8936,70.3843,70.8936,70.5970,False
73.9399,73.6725,74.1063,73.6275,74.1063,73.9129,74.1063,73.9217,False
75.1336,75.3290,75.5841,75.1993,75.5841,75.3658,75.5841,75.4408,False
76.8581,77.5147,77.1118,77.3699,77.1118,77.1434,77.1118,77.2273,False
73.8663,73.3889,73.9449,73.7351,73.9449,73.6150,73.9449,73.7620,False
71.8125,71.2937,71.4738,71.5984,71.4738,71.5885,71.4738,71.4837,False
75.1511,74.9550,75.4768,74.9958,75.4768,74.9623,75.4768,75.2235,False
76.0919,76.8389,76.3309,76.5996,76.3309,76.4808,76.3309,76.4855,False
75.7463,75.9336,75.9473,75.8485,75.9473,75.8073,75.9473,75.9051,False
81.6398,80.4733,80.4619,80.6790,80.4619,80.3674,80.4619,80.4842,False
74.2875,74.8323,73.8571,73.3707,73.8571,73.6681,73.8571,73.9069,False
74.8818,74.6929,74.8420,74.7055,74.8420,74.8713,74.8420,74.7993,False
73.8092,73.3342,73.6514,73.5207,73.6514,73.6330,73.6514,73.5736,False
75.0204,74.8093,74.9147,74.8903,74.9147,75.0234,74.9147,74.9112,False
76.2115,76.1753,76.5486,76.3430,76.5486,75.9251,76.5486,76.3478,False
70.3398,69.9707,70.8771,69.9755,70.8771,70.5995,70.8771,70.5291,False
77.4857,77.9112,77.4464,77.8587,77.4464,77.5287,77.4464,77.6065,False
75.0464,74.7095,75.0427,74.8916,75.0427,74.8774,75.0427,74.9343,False
71.9726,71.4600,71.9375,71.7073,71.9375,71.8284,71.9375,71.8013,False
75.5399,75.6886,75.6630,75.6167,75.6630,75.7009,75.6630,75.6659,False
76.2207,76.2782,76.0911,76.2560,76.0911,76.2338,76.0911,76.1737,False
76.8391,76.9944,76.8910,76.9970,76.8910,76.7013,76.8910,76.8942,False
75.7643,75.5205,75.8737,75.6659,75.8737,75.3461,75.8737,75.6919,False
75.1249,75.0923,75.2477,75.0855,75.2477,75.0881,75.2477,75.1680,False
76.3690,77.0202,76.6746,76.8077,76.6746,76.7349,76.6746,76.7645,False
76.5839,76.9407,76.8758,76.8229,76.8758,76.5249,76.8758,76.8191,False
76.3783,76.7489,76.5888,76.5837,76.5888,76.3604,76.5888,76.5765,False
73.8990,73.6208,73.9882,73.6577,73.9882,73.8695,73.9882,73.8520,False
73.7524,73.9818,74.4045,73.7838,74.4045,73.9999,74.4045,74.1628,False
68.8641,70.3209,69.5161,70.5197,69.5161,69.5474,69.5161,69.8230,False
76.1654,76.1389,76.3600,76.5960,76.3600,75.9999,76.3600,76.3024,False
77.1070,77.3219,77.3857,77.5179,77.3857,77.8154,77.3857,77.4689,False
83.8185,82.9942,83.1014,83.2978,83.1014,83.3473,83.1014,83.1574,False
76.1654,75.9198,76.8609,76.4826,76.8609,76.2982,76.8609,76.5468,False
72.6294,75.0850,73.1669,75.6935,73.1669,72.2522,73.1669,73.7555,False
77.3198,77.0168,77.2586,77.4449,77.2586,76.9999,77.2586,77.2062,False
74.9529,76.8109,75.9857,76.1461,75.9857,76.2758,75.9857,76.1985,False
77.5543,79.6626,76.9626,77.7839,76.9626,77.3794,76.9626,77.6195,False
72.9514,73.3084,72.9131,73.5690,72.9131,72.4453,72.9131,73.0103,False
77.4955,77.0718,77.7800,77.1737,77.7800,77.5142,77.7800,77.5163,False
70.2655,70.0332,68.7194,70.9669,68.7194,70.2020,68.7194,69.5614,False
69.0144,70.9226,69.1655,70.3629,69.1655,68.6759,69.1655,69.5764,False
86.6877,87.3376,86.3952,85.3080,86.3952,87.5335,86.3952,86.5611,False
77.1070,76.9407,77.1231,77.1888,77.1231,77.0955,77.1231,77.0990,False
78.6400,82.9601,81.7309,82.1873,81.7309,80.3289,81.7309,81.7776,True
84.7415,86.2021,85.1001,85.5740,85.1001,84.6090,85.1001,85.2808,False
72.8278,73.2452,72.1789,73.4296,72.1789,72.4269,72.1789,72.6069,False
74.7443,75.1195,74.6409,75.3008,74.6409,74.4787,74.6409,74.8037,False
71.3273,72.9356,71.7783,71.8726,71.7783,71.2499,71.7783,71.8986,False
75.7148,77.1999,76.0347,76.3761,76.0347,76.7276,76.0347,76.4017,False
83.3544,80.9959,82.6240,83.5572,82.6240,83.2758,82.6240,82.6173,False
73.7443,73.7995,73.7252,73.9681,73.7252,73.5727,73.7252,73.7527,False
74.0716,74.1681,73.9584,74.1656,73.9584,73.9025,73.9584,74.0186,False
84.5121,84.8158,84.8243,83.8873,84.8243,83.5491,84.8243,84.4533,False
83.3544,84.1775,83.1425,83.8479,83.1425,83.0426,83.1425,83.4161,False
81.9884,82.1989,82.7366,82.3772,82.7366,82.5476,82.7366,82.5553,False
77.3198,77.3475,77.7066,77.4246,77.7066,76.8947,77.7066,77.4639,False
74.0933,73.9898,74.3239,73.8382,74.3239,73.4022,74.3239,74.0331,False
78.8230,79.1144,79.2048,78.8803,79.2048,78.7450,79.2048,79.0587,False
83.4936,84.7641,83.9049,84.7667,83.9049,84.0082,83.9049,84.2092,False
83.0807,83.2811,83.9675,83.3560,83.9675,83.8983,83.9675,83.7394,False
83.2082,83.3877,84.0433,83.8329,84.0433,84.2086,84.0433,83.9265,False
80.5588,79.4460,79.7520,78.9617,79.7520,79.8422,79.7520,79.5841,False
71.3185,68.2828,71.4673,72.0387,71.4673,72.2905,71.4673,71.1694,False
74.9103,75.5836,75.1291,72.8744,75.1291,73.9876,75.1291,74.6377,False
88.2600,86.9578,87.5522,88.7255,87.5522,89.5687,87.5522,87.9861,False
81.9884,81.9696,82.6021,82.3630,82.6021,82.7251,82.6021,82.4773,False
80.8449,81.0141,80.4197,80.7358,80.4197,80.6900,80.4197,80.6168,False
82.4536,81.4598,81.7656,81.9162,81.7656,82.3286,81.7656,81.8339,False
82.3935,83.2279,84.4388,83.2651,84.4388,84.3340,84.4388,84.0235,False
84.5218,84.4934,84.8547,84.4946,84.8547,84.5212,84.8547,84.6786,False
81.9484,83.0760,82.7679,83.3045,82.7679,82.7017,82.7679,82.8977,False
92.4892,92.2063,92.3917,92.8081,92.3917,92.6000,92.3917,92.4651,False
81.9884,81.9366,82.2076,82.2828,82.2076,82.6399,82.2076,82.2473,False
81.9884,82.4188,82.4157,82.2040,82.4157,82.3677,82.4157,82.3728,False
80.4038,80.5768,81.4104,80.9504,81.4104,81.8736,81.4104,81.2721,False
83.0066,83.6095,82.9166,83.3306,82.9166,82.7371,82.9166,83.0712,False
87.8071,87.5156,87.2835,86.9994,87.2835,87.3551,87.2835,87.2868,False
70.1502,67.0532,70.1258,69.9563,70.1258,70.3858,70.1258,69.6288,False
94.1677,96.1830,96.1333,95.5425,96.1333,95.3968,96.1333,95.9198,False
80.9784,81.1723,81.1943,81.1595,81.1943,81.0572,81.1943,81.1619,False
79.7106,79.9318,79.6832,80.2194,79.6832,80.1878,79.6832,79.8985,False
93.2509,91.0613,91.2148,92.2011,91.2148,91.4421,91.2148,91.3919,False
94.1534,96.8452,97.5065,96.0340,97.5065,96.6817,97.5065,97.0126,True
76.4808,75.8925,76.2762,76.4583,76.2762,76.3009,76.2762,76.2467,False
85.4835,83.9260,85.5134,84.0741,85.5134,85.3209,85.5134,84.9763,False
83.0530,83.6631,82.9544,83.1378,82.9544,82.5518,82.9544,83.0359,False
81.6528,81.6918,81.3320,81.9283,81.3320,81.4059,81.3320,81.5039,False
76.4834,79.8097,78.6909,76.9703,78.6909,79.5665,78.6909,78.7366,True
87.8095,84.6350,86.3345,88.7093,86.3345,87.0544,86.3345,86.5679,False
94.1496,97.4845,96.6247,94.9306,96.6247,93.6727,96.6247,95.9918,True
86.6681,87.3302,86.7235,87.2267,86.7235,86.8813,86.7235,86.9350,False
85.8920,86.0401,86.3185,86.1976,86.3185,86.4472,86.3185,86.2734,False
93.6012,94.3529,94.4684,93.9200,94.4684,94.8286,94.4684,94.4178,False
100.0000,100.0270,100.3172,99.5429,100.3172,99.9241,100.3172,100.0739,False
100.0000,100.4611,100.3526,100.5585,100.3526,100.8532,100.3526,100.4887,False
81.6528,81.5435,81.4922,81.5250,81.4922,81.6955,81.4922,81.5402,False
85.5395,85.0841,84.5339,85.3493,84.5339,85.2581,84.5339,84.8828,False
75.9341,75.7427,74.9546,75.7402,74.9546,74.2423,74.9546,75.0981,False
79.5505,79.4209,79.1138,79.5238,79.1138,79.7148,79.1138,79.3339,False
84.0276,84.2619,85.0184,84.5421,85.0184,85.0306,85.0184,84.8148,False
85.9451,85.9040,85.5942,84.8498,85.5942,86.3580,85.5942,85.6492,False
79.4124,79.4527,80.5811,79.6967,80.5811,79.6581,80.5811,80.0911,False
81.6641,81.9311,81.3278,81.3533,81.3278,81.5266,81.3278,81.4658,False
81.5170,81.4966,81.2405,81.6356,81.2405,81.2321,81.2405,81.3477,False
82.1020,79.7114,78.7370,80.1992,78.7370,79.6430,78.7370,79.2950,True
81.9169,82.0587,80.9876,82.3602,80.9876,81.9393,80.9876,81.5543,False
94.1547,94.8340,95.1350,95.5967,95.1350,92.8957,95.1350,94.7875,False
85.9062,86.1413,84.7279,85.2578,84.7279,85.7009,84.7279,85.2146,False
84.9709,84.4222,84.1139,84.7492,84.1139,84.9876,84.1139,84.4174,False
93.3743,93.2642,93.1631,92.3028,93.1631,93.0165,93.1631,93.0119,False
100.0000,97.7988,98.0558,97.5647,98.0558,97.6237,98.0558,97.8588,True
100.0000,98.3316,98.5086,98.0440,98.5086,100.3516,98.5086,98.7096,False
79.5185,79.2512,80.0000,79.5276,80.0000,80.0558,80.0000,79.8056,False
89.7487,89.3792,89.8337,88.6859,89.8337,88.7114,89.8337,89.3787,False
75.3909,75.1832,76.1370,74.2021,76.1370,77.2407,76.1370,75.8395,False
80.9188,78.9578,80.8525,79.1891,80.8525,79.6173,80.8525,80.0525,False
87.1114,89.2953,86.1220,89.0824,86.1220,85.3796,86.1220,87.0211,False
82.1884,83.2976,83.1451,83.1943,83.1451,82.5107,83.1451,83.0727,False
88.3967,87.9653,87.1577,88.2621,87.1577,86.8245,87.1577,87.4210,False
93.8056,93.6909,93.7387,93.6673,93.7387,94.3899,93.7387,93.8277,False
82.1884,83.2976,83.1451,83.1943,83.1451,82.5107,83.1451,83.0727,False
88.6254,87.9805,90.0197,88.2937,90.0197,87.8922,90.0197,89.0360,False
100.0000,99.8382,99.6818,100.7062,99.6818,99.7095,99.6818,99.8835,False
82.9025,83.0906,83.0040,83.0221,83.0040,82.4602,83.0040,82.9305,False
89.2393,89.6333,89.1737,89.6440,89.1737,89.5888,89.1737,89.3982,False
82.1392,81.5120,80.9005,80.4409,80.9005,79.1896,80.9005,80.6397,False
75.5236,77.7587,77.2786,76.6662,77.2786,76.7296,77.2786,77.1646,False
100.0000,95.5113,96.3343,95.2954,96.3343,96.8929,96.3343,96.1171,True
86.3640,85.3115,84.9619,85.4199,84.9619,84.8040,84.9619,85.0702,False
84.9160,83.8383,83.9477,84.0815,83.9477,84.1165,83.9477,83.9800,False
87.9071,91.9847,91.7969,90.5565,91.7969,91.6533,91.7969,91.5972,True
100.0000,98.7288,99.6696,99.6607,99.6696,100.1775,99.6696,99.5962,False
100.0000,100.0310,99.9243,100.4938,99.9243,99.9573,99.9243,100.0427,False
100.0000,98.1107,98.6845,97.8904,98.6845,100.4344,98.6845,98.7488,False
93.0121,93.2898,92.6388,94.2279,92.6388,93.1997,92.6388,93.1064,False
82.7984,83.1127,82.7120,82.6413,82.7120,82.4973,82.7120,82.7311,False
80.5906,80.4334,80.5900,80.4078,80.5900,80.1741,80.5900,80.4640,False
76.4630,78.4269,78.1327,77.5489,78.1327,77.7142,78.1327,78.0144,False
82.2913,81.2126,81.0888,80.4919,81.0888,81.0047,81.0888,80.9958,False
94.1673,96.7210,96.9687,95.9167,96.9687,96.1866,96.9687,96.6211,True
86.0485,86.1570,85.9746,86.4040,85.9746,86.2651,85.9746,86.1252,False
84.2935,83.9852,83.7738,84.2468,83.7738,84.5837,83.7738,84.0234,False
100.0000,98.8520,98.7385,99.1571,98.7385,99.4263,98.7385,98.9423,False
100.0000,100.2726,99.9553,100.3811,99.9553,100.3763,99.9553,100.1497,False
100.0000,99.0242,99.9056,101.3050,99.9056,100.3075,99.9056,100.0595,False
75.1424,74.6257,74.6766,74.0401,74.6766,75.2570,74.6766,74.6589,False
82.8908,81.7850,82.7033,82.1140,82.7033,82.9933,82.7033,82.5003,False
88.3663,88.1741,87.6951,88.1473,87.6951,87.8694,87.6951,87.8796,False
78.8412,77.8338,77.2972,78.7646,77.2972,78.9288,77.2972,77.9043,False
87.8536,87.9841,87.3053,87.7274,87.3053,87.8637,87.3053,87.5822,False
82.3699,80.6590,81.2352,83.0174,81.2352,82.5184,81.2352,81.6512,False
100.0000,96.0504,96.8646,96.6916,96.8646,100.2963,96.8646,97.2737,True
86.0771,85.6052,85.2238,85.1685,85.2238,85.4446,85.2238,85.3151,False
84.2268,83.6512,83.9189,82.9727,83.9189,83.0568,83.9189,83.5722,False
93.7975,93.4523,93.4376,93.6412,93.4376,92.4482,93.4376,93.3086,False
100.0000,99.8638,99.3862,100.7301,99.3862,100.1779,99.3862,99.8225,False
100.0000,98.3246,98.9146,100.4744,98.9146,100.3727,98.9146,99.3203,False
79.0234,79.0416,79.1138,79.1434,79.1138,80.1985,79.1138,79.2880,False
88.3815,89.0597,88.3588,88.8345,88.3588,88.5855,88.3588,88.5930,False
89.2239,89.3613,89.4290,88.4221,89.4290,88.7012,89.4290,89.1280,False
82.2122,83.6842,83.9377,83.8865,83.9377,84.0178,83.9377,83.9003,False
87.3890,89.3024,89.5471,88.7302,89.5471,89.5266,89.5471,89.3665,True
87.8672,88.3941,86.7671,88.2045,86.7671,87.9234,86.7671,87.4715,False
82.5528,82.2837,83.0022,82.7076,83.0022,82.8238,83.0022,82.8034,False
92.0821,92.0442,91.6361,91.3972,91.6361,91.2235,91.6361,91.5953,False
100.0000,99.8694,100.0091,100.5883,100.0091,100.0817,100.0091,100.0946,False
100.0000,97.5056,97.9889,98.4047,97.9889,98.6446,97.9889,98.0873,False
81.6637,79.7341,81.0612,80.2895,81.0612,81.0031,81.0612,80.7014,False
84.2001,84.1156,83.7685,84.5744,83.7685,84.5773,83.7685,84.0961,False
81.6198,80.6451,79.6655,79.3147,79.6655,81.9499,79.6655,80.1521,False
75.7613,77.5329,76.6754,75.8874,76.6754,76.3359,76.6754,76.6300,False
94.1673,97.8657,96.9570,97.3629,96.9570,95.1272,96.9570,96.8704,True
85.4556,84.7692,84.9174,84.8452,84.9174,84.5342,84.9174,84.8166,False
84.0938,82.8016,83.5176,83.3078,83.5176,83.4616,83.5176,83.3538,False
78.9296,77.5114,77.8041,76.9377,77.8041,78.4422,77.8041,77.7173,False
94.1641,96.7973,96.5640,95.2348,96.5640,95.0383,96.5640,96.1260,True
100.0000,99.6056,99.7712,99.6164,99.7712,100.2797,99.7712,99.8028,False
94.1664,95.2018,95.0707,96.0714,95.0707,92.5450,95.0707,94.8374,False
77.3782,76.4622,77.0279,76.8836,77.0279,77.8460,77.0279,77.0463,False
86.7264,86.7963,85.6635,86.2234,85.6635,86.7851,85.6635,86.1333,False
82.0168,82.2824,83.6102,83.2730,83.6102,82.0625,83.6102,83.0739,False
82.2692,83.4873,83.8323,82.8451,83.8323,83.6289,83.8323,83.5760,False
87.9807,82.3128,83.5709,85.4370,83.5709,84.7604,83.5709,83.8715,True
94.1671,96.1975,94.9554,94.9161,94.9554,93.5423,94.9554,94.9197,False
84.0040,85.8184,85.3912,86.2315,85.3912,85.6365,85.3912,85.6437,False
86.0520,86.9546,87.4634,87.2351,87.4634,87.3599,87.4634,87.3232,False
100.0000,98.6553,98.8371,99.2313,98.8371,99.0398,98.8371,98.9065,False
87.3857,88.3672,88.1913,89.2994,88.1913,88.5510,88.1913,88.4657,False
68.4867,68.6798,68.0170,69.7192,68.0170,68.1523,68.0170,68.4342,False
89.5633,90.4036,89.9334,90.0420,89.9334,89.4485,89.9334,89.9489,False
88.0330,88.3178,87.9534,87.7486,87.9534,87.9757,87.9534,87.9837,False
82.2722,83.7416,81.7270,82.6936,81.7270,81.7237,81.7270,82.2237,False
87.4021,89.9659,89.8650,88.7558,89.8650,89.3954,89.8650,89.6182,True
79.7964,79.8048,80.1208,79.9113,80.1208,80.0640,80.1208,80.0236,False
78.7018,78.4440,78.6053,78.8567,78.6053,79.3388,78.6053,78.7430,False
86.2936,88.0792,87.4674,87.4757,87.4674,88.3147,87.4674,87.7124,False
92.4892,93.0049,93.0952,92.8758,93.0952,93.0992,93.0952,93.0442,False
92.4892,91.3692,91.0938,91.3199,91.0938,90.8666,91.0938,91.1395,False
84.4200,84.8677,85.0937,84.2761,85.0937,84.4738,85.0937,84.8159,False
82.0283,82.4330,82.1080,82.1548,82.1080,81.7161,82.1080,82.1045,False
80.4806,80.5795,80.5051,80.8496,80.5051,80.4331,80.5051,80.5630,False
77.6232,77.5411,77.5094,77.6897,77.5094,77.7526,77.5094,77.5854,False
78.1513,78.0662,78.0545,78.3744,78.0545,78.6851,78.0545,78.2152,False
100.0000,99.6127,98.9114,100.2971,98.9114,99.7454,98.9114,99.3990,False
87.3890,87.0670,87.3151,86.0112,87.3151,88.0032,87.3151,87.1711,False
76.9058,76.3899,76.6085,76.8915,76.6085,77.6321,76.6085,76.7904,False
74.6653,73.2863,75.0946,76.3944,75.0946,74.9255,75.0946,74.9819,False
92.4892,88.9222,89.7031,90.6172,89.7031,91.0297,89.7031,89.9473,True
73.9892,72.9419,73.5242,73.5106,73.5242,74.5700,73.5242,73.5997,False
82.0283,82.2658,81.9342,81.8650,81.9342,81.7165,81.9342,81.9415,False
82.0054,82.0911,81.9488,82.0459,81.9488,81.6087,81.9488,81.9319,False
77.8609,77.5497,77.8017,77.6992,77.8017,78.4435,77.8017,77.8498,False
84.8443,85.7637,84.9212,84.8589,84.9212,84.7013,84.9212,85.0145,False
92.4892,91.7524,91.5106,92.4091,91.5106,92.0341,91.5106,91.7884,False
88.3336,92.7430,93.0662,91.4441,93.0662,89.9312,93.0662,92.2175,True
82.7399,80.5161,81.5550,80.4284,81.5550,82.2462,81.5550,81.3093,False
68.7226,70.3375,69.1092,68.3527,69.1092,68.4633,69.1092,69.0797,False
92.4892,88.0785,89.1081,89.5287,89.1081,90.2290,89.1081,89.1940,True
82.2801,82.3601,81.9838,81.8973,81.9838,82.1775,81.9838,82.0645,False
82.4180,82.3504,82.6662,82.2418,82.6662,81.4787,82.6662,82.3442,False
82.3313,81.2018,81.1445,80.6299,81.1445,81.3268,81.1445,81.0986,False
75.5425,75.8248,74.4089,75.1007,74.4089,75.9959,74.4089,75.0257,False
87.3592,88.1454,88.7322,89.5612,88.7322,87.6850,88.7322,88.5977,False
80.1637,80.2106,80.2147,80.2688,80.2147,80.4158,80.2147,80.2567,False
92.4892,89.8249,90.0310,90.5933,90.0310,91.3507,90.0310,90.3111,True
92.4892,91.9549,91.6692,92.3642,91.6692,91.6260,91.6692,91.8256,False
81.7596,81.6535,81.6903,82.3821,81.6903,81.5810,81.6903,81.7814,False
82.4295,82.7829,82.2387,82.1718,82.2387,82.1554,82.2387,82.3043,False
81.7208,81.7169,81.4502,81.7713,81.4502,80.9912,81.4502,81.4715,False
69.3176,71.2957,70.1355,70.3456,70.1355,68.8195,70.1355,70.1440,False
75.6056,76.9242,76.5909,76.8794,76.5909,75.8668,76.5909,76.5736,False
87.3592,87.0431,86.9847,86.9853,86.9847,86.8355,86.9847,86.9696,False
79.4336,79.6130,79.5759,79.5322,79.5759,79.4627,79.5759,79.5559,False
77.7913,78.1336,77.6803,78.2041,77.6803,78.3261,77.6803,77.9513,False
92.4892,90.7924,91.4562,91.9054,91.4562,92.0704,91.4562,91.5232,False
92.4892,91.6711,91.5741,91.1016,91.5741,91.8678,91.5741,91.5605,False
81.7836,83.0970,82.6926,82.0726,82.6926,81.6153,82.6926,82.4765,False
53.4766,55.0832,54.3890,53.3783,54.3890,53.4766,54.3890,54.1835,False
