,WaterbodyName,Years,SampleDate,Alkalinity-total (as CaCO3),Ammonia-Total (as N),BOD - 5 days (Total),Chloride,Conductivity @25°C,Dissolved Oxygen,ortho-Phosphate (as P) - unspecified,pH,Temperature,Total Hardness (as CaCO3),True Colour,CCME_Values,CCME_WQI,WAWQI_Values,WAWQI,Horton_values,Horton WQI,Brown_values,Brown WQI,SRDD_values,SRDD WQI,CCME_WQI Label,WAWQI Label,Horton WQI Label,Brown WQI Label,SRDD WQI Label
1,Allua,2007,Aug,14,0.033,1.2,10,71,61.85,0.019,7.42,17.8,13.4,35,76.75370842,Fair,68.94646259,Good,33.82545455,Moderate,97.64988839,Excellent,96.24257443,Excellent,3,2,4,1,1
2,Allua,2007,Aug,17,0.033,1.2,11.5,79,61.8,0.019,7.67,18.1,15.8,29,77.22281703,Fair,68.96114015,Good,35.03454545,Moderate,97.38831039,Excellent,95.98395194,Excellent,3,2,4,1,1
3,Allua,2007,Aug,18,0.033,1.2,11.3,78,62.4,0.019,7.63,17.8,15.9,31,76.95351058,Fair,68.99717432,Good,35.22,Moderate,97.30332719,Excellent,95.92207211,Excellent,3,2,4,1,1
4,Allua,2007,Sep,19,0.033,1.2,10.5,76,66.05,0.019,7.33,20.1,15.4,23,76.86765307,Fair,69.44972487,Good,36.27454545,Moderate,97.18203319,Excellent,95.71018027,Excellent,3,2,4,1,1
5,Allua,2007,Sep,19,0.066,1.2,11.4,81,65.95,0.019,7.39,20.5,17.1,26,76.65921798,Fair,68.80680787,Good,36.79636364,Moderate,97.14025898,Excellent,95.54889586,Excellent,3,2,4,1,1
6,Allua,2007,Sep,18,0.033,1.2,11.6,81,63.15,0.019,8.1,20.8,16.8,25,77.27125776,Fair,69.03691087,Good,35.96363636,Moderate,97.27949879,Excellent,95.74053143,Excellent,3,2,4,1,1
7,Allua,2008,Jan,8,0.069,1.2,13.2,69,54.1,0.005,6.89,8.9,10.8,33,78.43520927,Fair,92.76972371,Excellent,30.37818182,Poor,98.19380027,Excellent,97.15170921,Excellent,3,1,5,1,1
8,Allua,2008,Jan,9,0.068,1.2,14.8,77,54,0.005,6.89,9.7,11.7,28,78.8672536,Fair,92.83388666,Excellent,31.30545455,Moderate,98.09713424,Excellent,96.99679418,Excellent,3,1,4,1,1
9,Allua,2008,Jan,10,0.067,1.2,15,84,54.6,0.019,7.06,9.5,11,31,78.49647246,Fair,67.84504702,Good,32.33090909,Moderate,98.00894261,Excellent,96.80721711,Excellent,3,2,4,1,1
10,Allua,2008,Feb,14,0.133,1.2,16.1,88,53.75,0.019,6.83,7.5,16.1,17,82.26878393,Good,66.79467923,Good,32.76545455,Moderate,97.62833219,Excellent,96.76687954,Excellent,2,2,4,1,1
11,Allua,2008,Feb,14,0.111,1.2,15.2,82,54.15,0.019,6.83,8.4,14.7,18,82.17084135,Good,67.20977335,Good,32.28363636,Moderate,97.65479353,Excellent,96.83578518,Excellent,2,2,4,1,1
12,Allua,2008,Feb,14,0.113,1.2,15.8,85,53.7,0.019,6.82,7.6,15.7,17,82.28105708,Good,67.14942317,Good,32.44363636,Moderate,97.64970079,Excellent,96.82316431,Excellent,2,2,4,1,1
13,Allua,2008,Mar,15,0.033,1.4,16,106,53.9,0.019,7.18,6.6,17,22,79.39124557,Fair,68.46192922,Good,34.66545455,Moderate,97.61473719,Excellent,96.40674613,Excellent,3,2,4,1,1
14,Allua,2008,Mar,13,0.04,1.2,15.7,159,53.35,0.005,6.88,6.4,15,22,79.50791125,Fair,93.34678942,Excellent,38.96545455,Moderate,97.7945346,Excellent,95.73883065,Excellent,3,1,4,1,1
15,Allua,2008,Mar,12,0.039,1.1,16,144,53.4,0.019,7.23,6.3,16.3,24,79.32781898,Fair,68.29380032,Good,37.68363636,Moderate,97.86161437,Excellent,95.95523545,Excellent,3,2,4,1,1
16,Allua,2008,Apr,14,0.08,1.2,19.5,102,59.8,0.019,6.98,11.3,20.1,15,80.83250556,Good,68.24274851,Good,36.60181818,Moderate,97.5195646,Excellent,95.93472787,Excellent,2,2,4,1,1
17,Allua,2008,Apr,14,0.099,1.2,19.5,99,62.5,0.019,6.99,12.8,18.9,17,80.22171682,Good,68.10676441,Good,37.31454545,Moderate,97.46761797,Excellent,95.74543372,Excellent,2,2,4,1,1
18,Allua,2008,Apr,12,0.129,1.2,19.6,99,61,0.019,6.95,11.6,19.1,9,80.55881,Good,67.54224754,Good,36.58181818,Moderate,97.62186167,Excellent,96.01079271,Excellent,2,2,4,1,1
19,Allua,2008,May,14,0.052,1.2,19.1,101,58.55,0.019,7.24,13.3,152,13,81.12146865,Good,68.59431415,Good,36.11454545,Moderate,96.99243856,Excellent,94.262078,Excellent,2,2,4,1,1
20,Allua,2008,May,16,0.058,1.2,18.3,93,58.5,0.019,7.1,13.7,19.1,14,81.13311001,Good,68.51269315,Good,35.42727273,Moderate,97.41696554,Excellent,96.09167661,Excellent,2,2,4,1,1
21,Allua,2008,May,14,0.051,1.2,18.7,99,58,0.019,7.15,13.4,21.1,14,81.24987661,Good,68.58603015,Good,35.66363636,Moderate,97.57241733,Excellent,96.06626724,Excellent,2,2,4,1,1
22,Allua,2008,Jun,16,0.025,1.2,16.1,98,55.9,0.006,7.23,17.4,21.3,22,78.97121792,Fair,91.97217715,Excellent,34.78363636,Moderate,97.49637435,Excellent,96.06537865,Excellent,3,1,4,1,1
23,Allua,2008,Jun,18,0.041,1.2,14.9,92,52.7,0.005,7.08,16.3,19.5,26,79.30670973,Fair,93.18570735,Excellent,33.09272727,Moderate,97.40049463,Excellent,96.37374815,Excellent,3,1,4,1,1
24,Allua,2008,Jun,16,0.033,1.2,15.8,93,55.05,0.005,7.23,14.3,20,25,78.89839882,Fair,93.5116371,Excellent,33.99272727,Moderate,97.51278839,Excellent,96.27480663,Excellent,3,1,4,1,1
25,Allua,2008,Jul,15,0.033,1.2,11.9,75,62.6,0.019,7.14,16.2,16.4,37,76.4621547,Fair,69.04067945,Good,34.62363636,Moderate,97.53002999,Excellent,96.05712259,Excellent,3,2,4,1,1
26,Allua,2008,Jul,14,0.033,1.2,11.6,73,57.7,0.019,7.02,15.8,15.5,41,77.08774811,Fair,68.60498724,Good,32.49818182,Moderate,97.69241439,Excellent,96.46406575,Excellent,3,2,4,1,1
27,Allua,2008,Jul,20,0.023,1.2,11.8,73,60.4,0.019,7.04,16.1,15.4,47,76.12861427,Fair,68.94014234,Good,34.05090909,Moderate,97.18942369,Excellent,96.03214317,Excellent,3,2,4,1,1
28,Allua,2008,Aug,14,0.033,1.2,11.2,77,58.5,0.019,7.24,17.7,16.9,35,77.39770155,Fair,68.69662308,Good,33.19636364,Moderate,97.67577199,Excellent,96.32906662,Excellent,3,2,4,1,1
29,Allua,2008,Aug,13,0.033,1.2,9.72,74,61.7,0.019,6.99,18.1,15.6,39,76.48084306,Fair,68.96953479,Good,33.77090909,Moderate,97.72765719,Excellent,96.21040583,Excellent,3,2,4,1,1
30,Allua,2008,Aug,12,0.033,1.2,10.7,74,56.9,0.019,7.12,17.6,16.1,36,77.63302858,Fair,68.57325226,Good,32.07090909,Moderate,97.86627639,Excellent,96.56636135,Excellent,3,2,4,1,1
31,Allua,2008,Sep,18,0.048,1.2,9.99,72,48.35,0.019,7.02,15.8,17.3,44,78.71209585,Fair,67.51286081,Good,29.22454545,Poor,97.52454624,Excellent,96.96533845,Excellent,3,2,5,1,1
32,Allua,2008,Sep,15,0.033,1.2,9.89,74,53.4,0.019,6.93,15,17.7,40,78.0106586,Fair,68.26980874,Good,30.92818182,Poor,97.69138659,Excellent,96.74945063,Excellent,3,2,5,1,1
33,Allua,2008,Sep,16,0.094,1.2,9.58,69,50.05,0.019,6.86,15.1,16.1,47,78.12112344,Fair,66.83291868,Good,29.29272727,Poor,97.62916222,Excellent,96.97921696,Excellent,3,2,5,1,1
34,Allua,2008,Oct,17,0.055,1.2,9.88,79,50.75,0.019,7.03,12.8,18.2,38,78.71209585,Fair,67.65773095,Good,30.63636364,Poor,97.55723265,Excellent,96.84037999,Excellent,3,2,5,1,1
35,Allua,2008,Oct,15,0.046,1.2,9.82,73,54.9,0.019,6.86,10.7,17.2,34,78.19168808,Fair,68.24770592,Good,31.35090909,Moderate,97.66221318,Excellent,96.81340371,Excellent,3,2,4,1,1
36,Allua,2008,Oct,13,0.065,1.2,9.23,68,53.05,0.012,7.08,12.7,15.8,42,77.92066254,Fair,80.11664795,Excellent,30.06818182,Poor,97.84228855,Excellent,96.97171788,Excellent,3,1,5,1,1
37,Allua,2008,Nov,13,0.068,1.2,8.99,61,46.4,0.007,6.71,8.1,12.4,38,79.62507036,Fair,88.54463143,Excellent,26.85727273,Poor,97.96541564,Excellent,97.63273466,Excellent,3,1,5,1,1
38,Allua,2008,Nov,14,0.075,1.2,9.23,63,46.9,0.008,6.69,8.3,13.3,35,79.77488949,Fair,86.71361617,Excellent,27.32636364,Poor,97.86800885,Excellent,97.55808122,Excellent,3,1,5,1,1
39,Allua,2008,Nov,14,0.068,1.2,8.12,60,44.7,0.006,6.79,8.5,11.4,35,80.25080741,Good,90.20428007,Excellent,26.18909091,Poor,97.92696764,Excellent,97.74518543,Excellent,2,1,5,1,1
40,Allua,2008,Dec,19,0.062,1.2,10.4,74,52.85,0.019,6.94,6.3,15.2,28,79.1069975,Fair,67.84352783,Good,31.14181818,Moderate,97.37280086,Excellent,96.95526815,Excellent,3,2,4,1,1
41,Allua,2008,Dec,20,0.063,1.2,10.7,75,53.45,0.019,6.9,6.3,15.3,25,79.23295745,Fair,67.91722223,Good,31.55454545,Moderate,97.28162169,Excellent,96.89145018,Excellent,3,2,4,1,1
42,Allua,2008,Dec,20,0.023,1.2,10.1,71,52.8,0.019,6.95,6.5,14.3,29,79.03379768,Fair,68.52240671,Good,30.91818182,Poor,97.33310049,Excellent,96.97786809,Excellent,3,2,5,1,1
43,Allua,2009,Apr,17,0.022,1.2,9.98,356,57.4,0.019,6.7,9.3,152,30,78.0106586,Fair,68.93995774,Good,58.12545455,Fair,96.90410926,Excellent,88.6842037,Good,3,2,3,1,2
44,Allua,2009,Apr,21,0.018,1.2,10.37,356,59,0.019,6.9,9.4,152,22,78.33344407,Fair,69.19775269,Good,59.17909091,Fair,96.56497654,Excellent,88.33649092,Good,3,2,3,1,2
45,Allua,2009,Jun,16,0.044,2.3,8.81,69,55.55,0.019,7.51,15.2,17.6,31,78.30299749,Fair,68.19742357,Good,31.45909091,Moderate,97.54941352,Excellent,96.63967107,Excellent,3,2,4,1,1
46,Allua,2009,Jun,15,0.046,2.4,7.34,57,50.1,0.019,7.05,14.5,14.2,42,78.51692749,Fair,67.66165523,Good,27.99454545,Poor,97.74292558,Excellent,97.20761195,Excellent,3,2,5,1,1
47,Allua,2009,Jun,17,0.03,1.7,8.56,68,53.4,0.019,7.19,14.9,17.3,31,78.7430515,Fair,68.35268846,Good,30.53818182,Poor,97.5386565,Excellent,96.83411998,Excellent,3,2,5,1,1
48,Allua,2009,Aug,14,0.035,2.7,7.38,62,58.3,0.019,7,16.2,16.5,42,76.89623419,Fair,68.54564877,Good,31.32545455,Moderate,97.68376065,Excellent,96.57212549,Excellent,3,2,4,1,1
49,Allua,2009,Aug,11,0.025,1.6,6.16,52,59.3,0.019,6.75,15.8,13.7,48,76.25768429,Fair,68.83903841,Good,30.30545455,Poor,97.96559615,Excellent,96.83796208,Excellent,3,2,5,1,1
50,Allua,2009,Aug,12,0.04,1.6,6.68,56,56.7,0.019,6.92,15.9,14.8,44,77.04930979,Fair,68.36376607,Good,29.92363636,Poor,97.9045774,Excellent,96.91058914,Excellent,3,2,5,1,1
51,Allua,2009,Oct,16,0.048,2.1,6.2,61,44.7,0.019,6.92,13.9,16.9,37,80.07687046,Good,67.26304237,Good,26.33454545,Poor,97.75731184,Excellent,97.5077442,Excellent,2,2,5,1,1
52,Allua,2009,Oct,18,0.025,1.3,6.53,67,41.95,0.019,6.82,13,18.3,28,81.48313691,Good,67.59616649,Good,26.05545455,Poor,97.67466295,Excellent,97.6348882,Excellent,2,2,5,1,1
53,Allua,2009,Oct,16,0.037,2,5.74,54,47.45,0.019,6.87,13.4,15.2,36,79.57175529,Fair,67.71760396,Good,26.63818182,Poor,97.73852291,Excellent,97.48842164,Excellent,3,2,5,1,1
54,Allua,2010,Mar,11,0.024,1.2,7.86,64,46.95,0.019,6.94,7.4,15,34,79.85009372,Fair,67.95672042,Good,27.12909091,Poor,98.14453532,Excellent,97.63756952,Excellent,3,2,5,1,1
55,Allua,2010,Mar,10,0.049,1.2,7.63,64,45.1,0.019,7.17,7.6,14,32,80.42572287,Good,67.33325106,Good,26.42818182,Poor,98.23619467,Excellent,97.77101072,Excellent,2,2,5,1,1
56,Allua,2010,Mar,9,0.027,1.1,7.78,62,45.95,0.019,7.05,7.1,14.2,32,80.23990748,Good,67.82532875,Good,26.43454545,Poor,98.31924841,Excellent,97.78925924,Excellent,2,2,5,1,1
57,Allua,2010,Jul,15,0.066,1.2,5.39,49,63.8,0.019,6.98,20.3,13.7,44,75.72822557,Fair,68.50326232,Good,32.04636364,Moderate,97.56816558,Excellent,96.41948833,Excellent,3,2,4,1,1
58,Allua,2010,Jul,15,0.079,1.2,5.61,51,63.4,0.019,6.95,18.6,14.6,39,76.16540855,Fair,68.2998334,Good,32.09181818,Moderate,97.55858877,Excellent,96.47889787,Excellent,3,2,4,1,1
59,Allua,2010,Jul,13,0.068,1.2,5.44,49,62.25,0.019,7.01,19.9,13.4,42,76.15620377,Fair,68.35375982,Good,31.31636364,Moderate,97.74685904,Excellent,96.6074486,Excellent,3,2,4,1,1
60,Allua,2010,Aug,16,0.033,2.4,5.66,59,57.4,0.007,7.36,18.9,17.2,29,78.09094544,Fair,90.01561979,Excellent,30.88181818,Poor,97.56395079,Excellent,96.67633556,Excellent,3,1,5,1,1
61,Allua,2010,Aug,14,0.033,3.4,5.15,51,59.6,0.019,7.23,17.5,14.5,39,76.87717588,Fair,68.64990758,Good,30.67909091,Poor,97.67708419,Excellent,96.65882546,Excellent,3,2,5,1,1
62,Allua,2010,Aug,17,0.033,3.5,5.04,53,59.55,0.019,7.04,19.2,15.4,37,77.0397108,Fair,68.69756108,Good,31.03636364,Moderate,97.44073739,Excellent,96.52062607,Excellent,3,2,4,1,1
63,Allua,2010,Oct,15,0.044,2.3,7.28,70,49.45,0.019,7.15,12.8,17.4,29,79.74271906,Fair,67.77359877,Good,28.97090909,Poor,97.74330892,Excellent,97.16192068,Excellent,3,2,5,1,1
64,Allua,2010,Oct,12,0.042,1.4,6.98,62,48.85,0.019,6.99,12.6,14.1,27,80.04436774,Good,67.85220344,Good,27.66727273,Poor,98.03000306,Excellent,97.48918228,Excellent,2,2,5,1,1
65,Allua,2010,Oct,14,0.04,2.3,7,66,49.35,0.019,7.15,13,15.9,28,79.85009372,Fair,67.84796497,Good,28.45454545,Poor,97.835232,Excellent,97.27145104,Excellent,3,2,5,1,1
66,Allua,2011,Jan,12,0.033,1.2,7.44,55,54.85,0.009,7.02,4.9,14,30,78.52716137,Fair,86.34674564,Excellent,29.26545455,Poor,97.94604079,Excellent,97.36207831,Excellent,3,1,5,1,1
67,Allua,2011,Jan,9,0.02,1.2,7.4,54,54.55,0.011,6.87,4.8,13.5,31,78.50669785,Fair,83.00070338,Excellent,28.73454545,Poor,98.1981304,Excellent,97.47956434,Excellent,3,1,5,1,1
68,Allua,2011,Jan,11,0.03,1.2,7.39,55,54.95,0.012,6.67,4.9,13.9,33,78.26246168,Fair,81.08576615,Excellent,29.07909091,Poor,98.0287563,Excellent,97.38512989,Excellent,3,1,5,1,1
69,Allua,2011,Feb,8,0.028,1.2,12.5,72,52.7,0.019,6.83,7.8,17.5,22,79.64642474,Fair,68.52535093,Good,30.05636364,Poor,98.22572504,Excellent,97.24331093,Excellent,3,2,5,1,1
70,Allua,2011,Feb,10,0.024,1.2,11.4,68,52.7,0.019,6.78,7.8,16.5,22,79.64642474,Fair,68.60617143,Good,29.75636364,Poor,98.08985692,Excellent,97.27822595,Excellent,3,2,5,1,1
71,Allua,2011,Feb,9,0.025,1.2,11.5,69,52.95,0.019,6.76,8,16.9,22,79.59306916,Fair,68.61310692,Good,29.84909091,Poor,98.16034935,Excellent,97.2678158,Excellent,3,2,5,1,1
72,Allua,2011,Mar,12,0.034,1.2,10.1,74,56.8,0.019,7.08,9.8,17.7,19,81.53275291,Good,68.74940684,Good,31.96545455,Moderate,97.86822322,Excellent,96.86391319,Excellent,2,2,4,1,1
73,Allua,2011,Mar,12,0.033,1.2,9.68,73,57.9,0.019,7.06,9.7,17,16,81.27330714,Good,68.8976467,Good,32.22909091,Moderate,97.85963039,Excellent,96.84899159,Excellent,2,2,4,1,1
74,Allua,2011,Mar,12,0.033,1.2,10.2,71,56.2,0.019,7.01,9.8,16.5,17,81.67559917,Good,68.75222772,Good,31.45818182,Moderate,97.88312759,Excellent,96.97299853,Excellent,2,2,4,1,1
75,Allua,2011,Apr,18,0.033,1.3,9.37,67,54,0.019,7,12.1,15.8,26,79.03379768,Fair,68.46120972,Good,30.76090909,Poor,97.45963399,Excellent,96.90849364,Excellent,3,2,5,1,1
76,Allua,2011,Apr,17,0.033,1.2,8.69,61,54.6,0.019,6.99,12.3,14.2,27,78.82578551,Fair,68.50743875,Good,30.27727273,Poor,97.54497139,Excellent,97.00811023,Excellent,3,2,5,1,1
77,Allua,2011,Apr,14,0.033,1.5,9.01,62,53.5,0.009,6.9,12.2,13.8,29,78.88801288,Fair,86.2474421,Excellent,29.69181818,Poor,97.78766839,Excellent,97.12077474,Excellent,3,1,5,1,1
78,Allua,2011,May,6,0.051,2.3,8.62,62,50.6,0.019,7.51,12.5,14.3,63,76.76318062,Fair,67.30061116,Good,28.09636364,Poor,98.41571833,Excellent,97.20152604,Excellent,3,2,5,1,1
79,Allua,2011,May,9,0.02,1.3,7.8,55,51.75,0.019,7.24,12.6,12.1,23,79.76416201,Fair,68.49290371,Good,27.97818182,Poor,98.2353906,Excellent,97.50861556,Excellent,3,2,5,1,1
80,Allua,2011,May,9,0.039,2.5,8.22,59,51.25,0.019,7.13,12.2,13.3,24,79.78562098,Fair,68.06745105,Good,28.15818182,Poor,98.18871157,Excellent,97.41632954,Excellent,3,2,5,1,1
81,Allua,2011,Jun,16,0.028,2.1,10.2,70,56.65,0.019,7.35,15.3,18.7,31,78.08089465,Fair,68.614767,Good,32.01818182,Moderate,97.53178964,Excellent,96.5289031,Excellent,3,2,4,1,1
83,Allua,2011,Jun,16,0.027,2.1,10.3,69,56.1,0.019,7.41,15.5,18.5,22,78.92958184,Fair,68.67517874,Good,31.75818182,Moderate,97.54030041,Excellent,96.6384391,Excellent,3,2,4,1,1
84,Allua,2011,Jul,13,0.033,2,8.8,68,54.95,0.019,7.37,15.8,17.6,24,79.00248897,Fair,68.46081424,Good,30.82545455,Poor,97.80985839,Excellent,96.84330868,Excellent,3,2,5,1,1
85,Allua,2011,Jul,12,0.033,1.9,8.65,66,56.05,0.019,7.3,15.7,16.8,25,78.69147987,Fair,68.56057844,Good,30.91363636,Poor,97.87889879,Excellent,96.84636388,Excellent,3,2,5,1,1
86,Allua,2011,Jul,11,0.033,2.4,8.72,64,54.95,0.019,7.32,15.9,16.1,25,78.9191833,Fair,68.441635,Good,30.25454545,Poor,97.96289559,Excellent,96.94649538,Excellent,3,2,5,1,1
87,Allua,2011,Aug,16,0.033,1.2,8.63,70,55.8,0.019,7.43,18.2,19.5,26,78.6605876,Fair,68.53250014,Good,31.59545455,Moderate,97.57662699,Excellent,96.62848708,Excellent,3,2,4,1,1
88,Allua,2011,Aug,16,0.033,1.3,7.72,69,56.1,0.019,7.52,17.5,19,26,78.5989173,Fair,68.53707058,Good,31.56363636,Moderate,97.58053659,Excellent,96.6528273,Excellent,3,2,4,1,1
89,Allua,2011,Aug,16,0.033,1.2,8.3,68,55.85,0.019,7.48,17.8,19.7,27,78.56813932,Fair,68.51649206,Good,31.42,Moderate,97.57810719,Excellent,96.65772864,Excellent,3,2,4,1,1
90,Allua,2011,Sep,12,0.033,1.6,9.11,71,52.05,0.005,7.34,13.9,16.1,31,79.02335726,Fair,93.1544962,Excellent,29.97,Poor,97.94798979,Excellent,97.03534966,Excellent,3,1,5,1,1
91,Allua,2011,Sep,12,0.021,1.3,9.81,96,51.95,0.019,7.32,13.7,16.5,31,79.04424227,Fair,68.3848954,Good,32.26272727,Moderate,97.95655163,Excellent,96.69006018,Excellent,3,2,4,1,1
92,Allua,2011,Sep,13,0.033,1.6,10.1,118,51.85,0.019,7.18,13.8,18.2,31,79.06514399,Fair,68.17415575,Good,34.29272727,Moderate,97.85407919,Excellent,96.30173254,Excellent,3,2,4,1,1
93,Allua,2011,Oct,127,0.04,1.2,11,69,101.8,0.019,7.2,15.9,152,58,69.22708275,Fair,71.95623365,Good,58.45454545,Fair,87.624371,Good,83.95170761,Good,3,2,3,2,2
94,Allua,2011,Oct,16,0.03,1.2,11,68,98,0.019,7,15.5,152,44,70.42581778,Fair,72.0200304,Good,46.81818182,Moderate,96.3290867,Excellent,90.93079547,Excellent,3,2,4,1,1
95,Allua,2011,Oct,127,0.04,1.2,11,68,99.6,0.019,7,15.6,152,43,70.26737949,Fair,71.97545737,Good,57.49090909,Fair,87.660595,Good,84.57841967,Good,3,2,3,2,2
96,Allua,2011,Nov,127,0.03,1.2,9,61,90.4,0.019,7,10.6,152,48,71.24319788,Fair,71.32428716,Good,53.32727273,Fair,87.8338067,Good,86.30028948,Good,3,2,3,2,2
97,Allua,2011,Nov,127,0.04,1.2,9,61,87.1,0.019,6.9,10.6,152,50,71.59663182,Fair,70.8633229,Good,52.09090909,Fair,87.878347,Good,86.71957313,Good,3,2,3,2,2
98,Allua,2011,Nov,127,0.03,1.2,10,63,88.4,0.019,6.8,10.5,152,47,71.58234454,Fair,71.20397523,Good,52.8,Fair,87.8561467,Good,86.50824824,Good,3,2,3,2,2
99,Allua,2011,Dec,16,0.04,1.2,10,70,92.1,0.019,7,7.9,152,34,71.79798486,Fair,71.45966109,Good,44.76363636,Moderate,96.425067,Excellent,91.92399088,Excellent,3,2,4,1,1
100,Allua,2011,Dec,21,0.05,1.2,11,75,91.8,0.019,6.9,8,152,32,71.95795122,Fair,71.2961107,Good,45.61818182,Moderate,96.0231713,Excellent,91.60535139,Excellent,3,2,4,1,1
101,Allua,2011,Dec,127,0.03,1.2,10,69,91.4,0.019,6.8,7.9,152,19,74.676234,Fair,71.77158998,Good,54.43636364,Fair,87.8098827,Good,86.46119144,Good,3,2,3,2,2
102,Allua,2013,Oct,13,0.04,1.2,18.6,76,46.95,0.019,6.9,13.6,152,29,80.28353012,Good,67.71404241,Good,29.36363636,Poor,97.268697,Excellent,95.57683579,Excellent,2,2,5,1,1
103,Allua,2014,Nov,8,0.036,1.2,18.6,74,47.5,0.019,6.7,9.5,152,54,78.07084812,Fair,67.59406276,Good,28.85454545,Poor,97.65485088,Excellent,95.64533254,Excellent,3,2,5,1,1
104,Allua,2014,Nov,8,0.046,1.2,18.6,71,47.25,0.019,6.7,9.5,152,51,78.36392896,Fair,67.42797332,Good,28.49090909,Poor,97.65096118,Excellent,95.73823612,Excellent,3,2,5,1,1
105,Allua,2014,Nov,10,0.034,1.2,18.6,70,48.25,0.019,6.7,9.5,152,53,78.00064196,Fair,67.70420359,Good,28.94545455,Poor,97.48913682,Excellent,95.59730497,Excellent,3,2,5,1,1
106,Allua,2014,Dec,12,0.044,1.2,18.6,76,46.9,0.019,6.8,8.5,152,46,78.84651114,Fair,67.47119897,Good,29.21818182,Poor,97.34595112,Excellent,95.60728703,Excellent,3,2,5,1,1
107,Allua,2014,Dec,11,0.04,1.2,18.6,71,48.7,0.019,6.7,8.3,152,42,78.80507672,Fair,67.7585564,Good,29.29090909,Poor,97.399859,Excellent,95.63510965,Excellent,3,2,5,1,1
108,Allua,2014,Dec,10,0.04,1.2,18.6,72,46.95,0.019,6.8,8.6,152,43,79.08606241,Fair,67.58056684,Good,28.69090909,Poor,97.503869,Excellent,95.75915171,Excellent,3,2,5,1,1
109,Allua,2017,Oct,127,0.04,1.2,18.6,71,47.55,0.01,7.1,12.8,152,48,78.54764186,Fair,83.56938721,Excellent,39.56363636,Moderate,88.3890452,Good,90.74222012,Excellent,3,1,4,2,1
111,ASKANAGAP STREAM_010,2007,Mar,15,0.008,1.2,11,356,57.66,0.01,6.61,7.2,22,15,81.32964577,Good,85.47851372,Excellent,58.09818182,Fair,97.61911144,Excellent,91.44884382,Excellent,2,1,3,1,1
112,ASKANAGAP STREAM_010,2007,Apr,20,0,2.9,12.1,356,58.45,0.01,6.9,8.7,24,10,81.14475778,Good,85.6116751,Excellent,59.04545455,Fair,97.156449,Excellent,90.87549234,Excellent,2,1,3,1,1
113,ASKANAGAP STREAM_010,2007,Jul,15,0.047,1.35,7.9,356,56.04,0.008,5.84,11.9,20,30,78.28474794,Fair,88.18329411,Excellent,56.94727273,Fair,97.65891031,Excellent,91.48808872,Excellent,3,1,3,1,1
115,ASKANAGAP STREAM_010,2007,Oct,40,0.008,1.2,11.6,356,56.36,0.004,6.57,10.5,38,10,81.63741448,Good,96.13586155,Excellent,59.93818182,Fair,95.61910304,Excellent,90.00512008,Excellent,2,1,3,1,1
116,ASKANAGAP STREAM_010,2008,Jan,50.5,0.025,1,18.6,356,58.65,0.007,6.9,8.2,36,15,81.09820514,Good,90.56220161,Excellent,62.48181818,Fair,94.68891815,Excellent,88.96394393,Good,2,1,3,1,2
118,ASKANAGAP STREAM_010,2008,Mar,13,0,1,10.2,356,56.285,0.002,7.33,6.4,21,5,81.65530517,Good,99.77229749,Excellent,57.60545455,Fair,97.8141802,Excellent,91.81647561,Excellent,2,1,3,1,1
119,ASKANAGAP STREAM_010,2008,Apr,17,0,0.8,9.8,356,56.3,0.004,6.46,11.3,23,10,81.65172585,Good,96.3158363,Excellent,57.62181818,Fair,97.5111056,Excellent,91.48929069,Excellent,2,1,3,1,1
121,ASKANAGAP STREAM_010,2008,Jun,15,0.002,1.3,18.6,356,54.87,0.007,7.14,10.7,26,15,81.99562755,Good,90.5981306,Excellent,57.96727273,Fair,97.56021646,Excellent,91.21731213,Excellent,2,1,3,1,1
122,ASKANAGAP STREAM_010,2008,Jul,26,0.017,1.2,18.6,356,55.25,0.01,6.97,12.3,22.8,45,77.25186871,Fair,84.70678133,Excellent,59.04363636,Fair,96.70441411,Excellent,90.30272997,Excellent,3,1,3,1,1
123,ASKANAGAP STREAM_010,2008,Jul,21,0.011,1.9,18.6,356,54.4,0.01,7.21,14.1,26,60,76.27618924,Fair,84.49729569,Excellent,58.36727273,Fair,97.07671213,Excellent,90.24129877,Excellent,3,1,3,1,1
124,ASKANAGAP STREAM_010,2008,Sep,19,0.016,2.8,18.6,356,54.575,0.008,6.66,10.6,21,45,77.38307516,Fair,88.2268639,Excellent,58.04909091,Fair,97.23002388,Excellent,90.70551367,Excellent,3,1,3,1,1
125,ASKANAGAP STREAM_010,2008,Oct,17,0,0.9,18.6,356,54.87,0.007,6.6,10.3,33,40,77.7179523,Fair,90.4735029,Excellent,57.95272727,Fair,97.3916172,Excellent,90.8044532,Excellent,3,1,3,1,1
126,ASKANAGAP STREAM_010,2009,Jan,23,0,1.3,18.6,356,54.285,0.008,6.87,5.2,22,10,82.1378829,Good,88.90916151,Excellent,58.38363636,Fair,96.9691816,Excellent,91.25524022,Excellent,2,1,3,1,1
128,ASKANAGAP STREAM_010,2009,May,19,0.004,1,18.6,356,55.155,0.005,7.43,10.1,31,20,81.92665486,Good,94.05931167,Excellent,58.54,Fair,97.22663772,Excellent,90.86257134,Excellent,2,1,3,1,1
129,ASKANAGAP STREAM_010,2009,Jul,20,0.008,0.8,18.6,356,54.075,0.012,6.99,13.6,24,50,77.09255768,Fair,81.15579425,Excellent,58.07818182,Fair,97.20112884,Excellent,90.63296024,Excellent,3,1,3,1,1
130,ASKANAGAP STREAM_010,2009,Sep,14,0.002,1,18.6,356,54.51,0.005,6.56,11.4,26,25,79.01083428,Fair,94.14840129,Excellent,57.53454545,Fair,97.65707826,Excellent,91.24831911,Excellent,3,1,3,1,1
131,ASKANAGAP STREAM_010,2010,Mar,12,0.004,1.3,18.6,356,55.705,0.006,6.87,5.4,20,7.5,81.79416012,Good,92.55725402,Excellent,57.9,Fair,97.80853812,Excellent,91.67708658,Excellent,2,1,3,1,1
134,ASKANAGAP STREAM_010,2010,Sep,18,0.004,0.7,18.6,356,55.14,0.002,6.91,10.2,21,7.5,81.93027961,Good,99.66517265,Excellent,58.25454545,Fair,97.36092192,Excellent,91.31952844,Excellent,2,1,3,1,1
135,ASKANAGAP STREAM_010,2010,Nov,14,0.008,1.6,18.6,356,55.36,0.011,6.58,8,16,45,77.2305604,Fair,83.1521348,Excellent,57.85090909,Fair,97.66670924,Excellent,91.16303093,Excellent,3,1,3,1,1
136,ASKANAGAP STREAM_010,2011,Jan,15,0.008,1.3,18.6,356,56.2,0.003,6.68,6,20,20,81.67559917,Good,97.77857999,Excellent,58.28363636,Fair,97.56630824,Excellent,91.33839784,Excellent,2,1,3,1,1
137,ASKANAGAP STREAM_010,2011,Mar,16,0.01,1.4,18.6,356,53.7,0.004,6.67,4.8,21,10,82.28105708,Good,95.85603403,Excellent,57.46181818,Fair,97.5191507,Excellent,91.68708856,Excellent,2,1,3,1,1
138,ASKANAGAP STREAM_010,2011,May,19,0.017,0.7,18.6,356,54.815,0.003,6.89,9.2,21,10,82.008963,Good,97.59695064,Excellent,58.22,Fair,97.27834191,Excellent,91.31390606,Excellent,2,1,3,1,1
139,ASKANAGAP STREAM_010,2011,Jul,17,0.013,0.4,18.6,356,55.115,0.003,7.14,12.6,21,30,78.47297016,Fair,97.43483469,Excellent,58.23818182,Fair,97.43719079,Excellent,91.01817082,Excellent,3,1,3,1,1
140,ASKANAGAP STREAM_010,2011,Sep,22,0.004,1.2,18.6,356,53.45,0.008,7.05,11.4,18,40,78.00064196,Fair,88.3993398,Excellent,58.05454545,Fair,97.07399372,Excellent,90.87288228,Excellent,3,1,3,1,1
141,ASKANAGAP STREAM_010,2011,Nov,20,0.009,0.8,18.6,356,55.965,0.006,6.83,10.9,20,30,78.29995494,Fair,92.26404141,Excellent,58.70727273,Fair,97.19067647,Excellent,90.85865335,Excellent,3,1,3,1,1
142,ASKANAGAP STREAM_010,2012,Jan,18,0.006,0.7,18.6,356,56.31,0.003,6.76,9,21,15,81.64933997,Good,97.88857183,Excellent,58.62545455,Fair,97.34273298,Excellent,91.16450533,Excellent,2,1,3,1,1
143,ASKANAGAP STREAM_010,2012,Mar,19,0.006,0.6,18.6,356,55.855,0.008,6.71,7.9,20,25,78.73169669,Fair,88.82749074,Excellent,58.53272727,Fair,97.27919878,Excellent,91.11777615,Excellent,3,1,3,1,1
144,ASKANAGAP STREAM_010,2012,May,14,0.007,0.6,18.6,356,53.345,0.003,6.27,8.5,14,20,82.36839079,Good,97.66243713,Excellent,57.00545455,Fair,97.73696621,Excellent,91.80450212,Excellent,2,1,3,1,1
146,ASKANAGAP STREAM_010,2012,Sep,16,0.019,0.3,18.6,356,54.1,0.005,6.45,13.6,21,25,79.09652787,Fair,93.86098411,Excellent,57.52727273,Fair,97.53510057,Excellent,91.28057057,Excellent,3,1,3,1,1
147,ASKANAGAP STREAM_010,2012,Nov,15,0.01,0.6,18.6,356,55.65,0.006,6.17,10.5,22,15,81.80737351,Good,92.52048087,Excellent,57.89818182,Fair,97.5868251,Excellent,91.37680331,Excellent,2,1,3,1,1
148,ASKANAGAP STREAM_010,2013,Jan,19,0.005,0.5,18.6,356,54.6,0.005,6.52,5.6,23,15,82.06117004,Good,94.24767716,Excellent,58.00727273,Fair,97.29158575,Excellent,91.42705024,Excellent,2,1,3,1,1
149,ASKANAGAP STREAM_010,2013,Mar,27,0.014,0.4,18.6,356,53.61,0.006,6.49,7.4,25,17,82.30316577,Good,92.20361632,Excellent,58.36363636,Fair,96.67146722,Excellent,91.04185522,Excellent,2,1,3,1,1
150,ASKANAGAP STREAM_010,2013,May,15,0.016,0.5,18.6,356,56.355,0.006,7.25,7.4,20,18,81.63860673,Good,92.24339644,Excellent,58.54727273,Fair,97.57241888,Excellent,91.30558112,Excellent,2,1,3,1,1
151,ASKANAGAP STREAM_010,2013,Jul,22,0.017,1.3,18.6,356,54,0.003,6.18,11.8,23,47,77.33925347,Fair,97.21951892,Excellent,57.93818182,Fair,97.03991051,Excellent,90.70745254,Excellent,3,1,3,1,1
153,ASKANAGAP STREAM_010,2013,Nov,13,0.004,0.58,18.6,356,55.18,0.003,6.13,9.2,19,19,81.92061495,Good,97.90851425,Excellent,57.53090909,Fair,97.76871492,Excellent,91.57751377,Excellent,2,1,3,1,1
154,ASKANAGAP STREAM_010,2014,Jan,15,0.006,0.38,18.6,356,56.15,0.007,6.09,7.3,22,8,81.6875457,Good,90.95419462,Excellent,58.05090909,Fair,97.58907338,Excellent,91.54616463,Excellent,2,1,3,1,1
155,ASKANAGAP STREAM_010,2014,Mar,14,0.024,0.38,18.6,356,54.505,0.004,6.23,7,26,0,82.08427766,Good,95.91205951,Excellent,57.41272727,Fair,97.66010672,Excellent,91.78117108,Excellent,2,1,3,1,1
156,ASKANAGAP STREAM_010,2014,May,18,0.008,0.6,18.6,356,51.83,0.004,6.22,9.3,24,41,78.24626644,Fair,95.50437384,Excellent,56.8,Fair,97.40564184,Excellent,91.33623161,Excellent,3,1,3,1,1
157,ASKANAGAP STREAM_010,2014,Jul,20,0.005,0.4,18.6,356,51.5,0.005,6.18,11.8,21,12,82.82780481,Good,94.08326582,Excellent,56.84727273,Fair,97.27556755,Excellent,91.60310289,Excellent,2,1,3,1,1
158,ASKANAGAP STREAM_010,2014,Nov,17,0.014,0.6,18.6,356,54.395,0.004,6.04,8.6,20,33,78.37511635,Fair,95.73819476,Excellent,57.57636364,Fair,97.45800422,Excellent,91.31972879,Excellent,3,1,3,1,1
159,ASKANAGAP STREAM_010,2015,Jan,16,0.004,0.7,18.6,356,55.275,0.004,6.34,6.7,20,55,76.48551776,Fair,95.68623376,Excellent,57.91454545,Fair,97.52468612,Excellent,91.0392571,Excellent,3,1,3,1,1
160,ASKANAGAP STREAM_010,2015,Mar,14,0.008,0.8,18.6,356,56.145,0.003,6.36,4.9,18,17,81.68874071,Good,97.89094932,Excellent,58.05636364,Fair,97.66985544,Excellent,91.57717712,Excellent,2,1,3,1,1
161,ASKANAGAP STREAM_010,2015,Apr,14,0.004,0.6,18.6,356,55.42,0.006,6.26,6.1,16,22,79.07141776,Fair,92.51698631,Excellent,57.75636364,Fair,97.69862092,Excellent,91.61587127,Excellent,3,1,3,1,1
163,ASKANAGAP STREAM_010,2015,Sep,20,0.009,0.6,18.6,356,55.385,0.004,6.16,10.7,19,25,78.82889328,Fair,95.97614994,Excellent,58.25272727,Fair,97.21590727,Excellent,91.09723594,Excellent,3,1,3,1,1
165,ASKANAGAP STREAM_010,2016,Jan,127,0.033,1.2,10.4,83,54.8,0.019,6.5,7.3,21,18,82.01260134,Good,68.70664366,Good,42.32727273,Moderate,88.94168079,Good,92.84358318,Excellent,2,2,4,2,1
166,ASKANAGAP STREAM_010,2016,Mar,127,0.033,1.2,10.3,81,54.6,0.019,6.4,9,21,11,82.06117004,Good,68.78550167,Good,42.02727273,Moderate,88.94656679,Good,92.93850161,Excellent,2,2,4,2,1
167,ASKANAGAP STREAM_010,2016,May,127,0.033,1.2,10.2,85,56.75,0.019,6.8,9.9,24,20,81.54462074,Good,68.79057755,Good,43.30909091,Moderate,88.89719479,Good,92.4317349,Excellent,2,2,4,2,1
168,ASKANAGAP STREAM_010,2016,Jul,127,0.033,1.2,10.4,79,55.45,0.019,6.7,11.7,21,16,81.85548972,Good,68.74335967,Good,42.27272727,Moderate,88.92891879,Good,92.72701086,Excellent,2,2,4,2,1
169,ASKANAGAP STREAM_010,2016,Sep,127,0.033,1.2,10.2,68,54.15,0.019,6.4,13.2,21,81,74.82156161,Fair,67.963905,Good,40.67272727,Moderate,88.95397079,Good,92.37219562,Excellent,3,2,4,2,1
170,ASKANAGAP STREAM_010,2017,Feb,127,0.033,1.2,10.9,82,54.95,0.019,7,6.9,22,11,81.97624494,Good,68.70365368,Good,42.51818182,Moderate,88.92486079,Good,92.85802169,Excellent,2,2,4,2,1
171,ASKANAGAP STREAM_010,2017,Mar,127,0.033,1.2,10.8,82,60.8,0.019,6.8,8.8,22,13,80.60417595,Good,69.2120604,Good,44.56363636,Moderate,88.83654879,Good,92.22176905,Excellent,2,2,4,2,1
172,ASKANAGAP STREAM_010,2017,May,127,0.033,1.2,10.5,86,57.3,0.04,7.1,10.1,21,11,81.41443335,Good,31.39342399,Moderate,43.73636364,Moderate,88.89379299,Good,92.45664986,Excellent,2,4,4,2,1
173,ASKANAGAP STREAM_010,2017,Jul,127,0.024,1.2,10,82,55.3,0.019,7.1,12.5,22,18,81.89164649,Good,68.79311958,Good,42.6,Moderate,88.93421452,Good,92.58723143,Excellent,2,2,4,2,1
174,ASKANAGAP STREAM_010,2017,Sep,127,0.033,1.2,9.33,73,55.75,0.019,7,13.3,19,42,77.38794956,Fair,68.42155338,Good,41.84818182,Moderate,88.94121059,Good,92.53165112,Excellent,3,2,4,2,1
175,ASKANAGAP STREAM_010,2018,Feb,127,0.033,1.2,11.5,77,57.55,0.019,7,4.8,20,36,77.50525481,Fair,68.64630352,Good,43.06363636,Moderate,88.88693679,Good,92.52388787,Excellent,3,2,4,2,1
176,ASKANAGAP STREAM_010,2018,Mar,127,0.033,1.2,11,94,58.6,0.019,7,5.1,24,10,81.1098337,Good,69.02401693,Good,44.94545455,Moderate,88.85864079,Good,92.27188912,Excellent,2,2,4,2,1
177,ASKANAGAP STREAM_010,2018,May,127,0.033,1.2,10.4,81,57.4,0.019,6.9,9.3,23,19,81.39084752,Good,68.83852196,Good,43.23636364,Moderate,88.88837679,Good,92.48610764,Excellent,2,2,4,2,1
178,ASKANAGAP STREAM_010,2018,Jul,127,0.033,1.2,11.2,152,60.6,0.019,7.2,14.7,27,7,80.64964155,Good,69.18030302,Good,51.03636364,Fair,88.80893279,Good,90.30706423,Excellent,2,2,3,2,1
179,ASKANAGAP STREAM_010,2018,Oct,127,0.033,1.2,11.5,93,58.3,0.003,6.9,7.3,21,26,78.15133983,Fair,97.39992417,Excellent,44.75454545,Moderate,88.87276359,Good,92.11614685,Excellent,3,1,4,2,1
180,ASKANAGAP STREAM_010,2019,Feb,127,0.033,1.2,10.4,87,57.35,0.019,6.9,6,23,16,81.40263719,Good,68.86990087,Good,43.76363636,Moderate,88.88968279,Good,92.50090255,Excellent,2,2,4,2,1
181,ASKANAGAP STREAM_010,2019,Mar,127,0.033,1.2,10.6,86,57.4,0.019,7,5.5,25,27,78.25233838,Fair,68.73275792,Good,43.74545455,Moderate,88.87722479,Good,92.36390783,Excellent,3,2,4,2,1
182,ASKANAGAP STREAM_010,2019,May,127,0.033,1.2,9.66,82,59.8,0.019,6.9,7.9,22,15,80.83250556,Good,69.08707978,Good,44.13272727,Moderate,88.86352439,Good,92.35749552,Excellent,2,2,4,2,1
183,ASKANAGAP STREAM_010,2019,Jul,127,0.033,1.5,10.2,89,59.9,0.019,7,11.5,22,13,80.8095596,Good,69.08295167,Good,44.89090909,Moderate,88.84684179,Good,92.03943118,Excellent,2,2,4,2,1
184,ASKANAGAP STREAM_010,2019,Oct,127,0.033,1.2,10.4,84,56.85,0.019,6.9,9.2,24,31,78.04073415,Fair,68.65802338,Good,43.30909091,Moderate,88.89263079,Good,92.32904996,Excellent,3,2,4,2,1
185,ASKANAGAP STREAM_010,2020,Mar,127,0.033,1.2,10.7,85,59.65,0.019,6.9,5.4,17,13,80.86697183,Good,69.09891437,Good,44.44545455,Moderate,88.87668879,Good,92.45922038,Excellent,2,2,4,2,1
186,ASKANAGAP STREAM_010,2020,Jun,127,0.033,1.2,10.6,92,56.9,0.019,7.1,9,30,14,81.50903684,Good,68.81358172,Good,44.14545455,Moderate,88.86187279,Good,92.21507414,Excellent,2,2,4,2,1
187,ASKANAGAP STREAM_010,2020,Sep,127,0.033,1.2,9.9,83,57.5,0.019,7.1,8.5,22,20,81.36728765,Good,68.79885798,Good,43.48181818,Moderate,88.89469479,Good,92.46086792,Excellent,2,2,4,2,1
188,ASKANAGAP STREAM_010,2020,Oct,127,0.033,1.2,9.41,76,56.5,0.019,7,7.7,19,23,78.76370971,Fair,68.70075069,Good,42.40090909,Moderate,88.92957739,Good,92.77891316,Excellent,3,2,4,2,1
189,ASKANAGAP STREAM_010,2021,Mar,127,0.033,1.2,10.5,84,59.05,0.019,7,6,25,16,81.00540656,Good,68.9946586,Good,44.15454545,Moderate,88.85254479,Good,92.35229736,Excellent,2,2,4,2,1
190,ASKANAGAP STREAM_010,2021,Apr,127,0.033,1.2,10.5,85,59.65,0.019,7.1,5.6,25,12,80.86697183,Good,69.0714612,Good,44.5,Moderate,88.84230079,Good,92.31796736,Excellent,2,2,4,2,1
191,ASKANAGAP STREAM_010,2021,Jun,127,0.033,1.2,10.2,86,57.9,0.019,7.2,9.8,25,23,78.4760344,Fair,68.77907491,Good,43.96363636,Moderate,88.87110879,Good,92.20837634,Excellent,3,2,4,2,1
192,ASKANAGAP STREAM_010,2021,Aug,127,0.033,1.2,10.2,80,57.95,0.019,7.2,9.4,23,11,81.26158865,Good,68.91785567,Good,43.43636364,Moderate,88.87903479,Good,92.51513572,Excellent,2,2,4,2,1
193,ASKANAGAP STREAM_010,2021,Oct,127,0.043,1.2,10.7,80,57.9,0.019,7.1,9.2,21,9,81.27330714,Good,68.77657472,Good,43.42727273,Moderate,88.87630709,Good,92.5740044,Excellent,2,2,4,2,1
194,ASKANAGAP STREAM_010,2022,Mar,127,0.033,1.2,11.4,84,58.05,0.019,7,8.8,36,40,77.0973683,Fair,68.63916899,Good,43.87272727,Moderate,88.81047079,Good,91.87380598,Excellent,3,2,4,2,1
195,ASKANAGAP STREAM_010,2022,Apr,127,0.033,1.2,11.2,84,58,0.019,7.1,9.1,27,21,78.61945713,Fair,68.82893526,Good,43.87272727,Moderate,88.85125679,Good,92.23180603,Excellent,3,2,4,2,1
196,ASKANAGAP STREAM_010,2022,Jun,127,0.033,1.2,10.4,86,56.45,0.019,7.1,12.4,23,9,81.61596514,Good,68.82991269,Good,43.41818182,Moderate,88.90071879,Good,92.45812192,Excellent,2,2,4,2,1
197,ASKANAGAP STREAM_010,2022,Sep,127,0.033,1.2,9.51,73,57.6,0.019,7,11.7,17,9,81.3437537,Good,68.94744161,Good,42.53727273,Moderate,88.91938739,Good,92.78750967,Excellent,2,2,4,2,1
198,ASKANAGAP STREAM_010,2022,Oct,127,0.033,1.2,10.1,78,56.5,0.019,6.9,8.1,22,16,81.60405803,Good,68.79695952,Good,42.60909091,Moderate,88.91011479,Good,92.73725528,Excellent,2,2,4,2,1
199,ASKANAGAP STREAM_010,2023,Mar,127,0.033,1.2,9.53,73,56.25,0.019,6.9,9.7,19,20,81.66365923,Good,68.73056892,Good,42.01181818,Moderate,88.93283059,Good,92.84101481,Excellent,2,2,4,2,1
200,AVONMORE_040,2007,Jan,10,0.023,1.2,8.3,356,55.2,0.004,5.67,8.2,12,90,74.03857783,Fair,95.0545051,Excellent,56.16181818,Fair,98.11636109,Excellent,91.39769871,Excellent,3,1,3,1,1
201,AVONMORE_040,2007,Mar,15,0.018,1.4,9.4,356,57.2,0.009,6.26,5.6,12,90,73.71184722,Fair,86.26857505,Excellent,57.65818182,Fair,97.67742314,Excellent,90.91840791,Excellent,3,1,3,1,1
202,AVONMORE_040,2007,Apr,20,0.009,1.2,12.6,356,56.8,0.006,6.85,9.3,12,45,76.95351058,Fair,92.1477679,Excellent,58.47272727,Fair,97.26637347,Excellent,90.96843637,Excellent,3,1,3,1,1
203,AVONMORE_040,2007,Jul,15,0.046,0.99,7,356,56.2,0.016,6.24,13.1,12,120,72.01650907,Fair,72.87042133,Good,57.06909091,Fair,97.70605708,Excellent,90.513292,Excellent,3,2,3,1,1
204,AVONMORE_040,2007,Sep,15,0,0.6,8.5,356,52.3,0.005,6.31,15,16,80,75.21246974,Fair,93.44716953,Excellent,55.81272727,Fair,97.7791218,Excellent,91.25603272,Excellent,3,1,3,1,1
205,AVONMORE_040,2007,Nov,15,0.009,0.9,7.9,356,57.7,0.009,6.32,11.2,24,280,64.62259839,Moderate,84.35747321,Excellent,57.72545455,Fair,97.65240067,Excellent,88.05163991,Good,4,1,3,1,2
206,AVONMORE_040,2008,Jan,15.5,0.026,1.9,9.8,356,57.65,0.012,6.32,6.2,15,90,73.63914568,Fair,80.77398863,Excellent,57.92545455,Fair,97.59416378,Excellent,90.7013548,Excellent,3,1,3,1,1
207,AVONMORE_040,2008,Feb,9,0.032,1,18.6,356,56.65,0.016,6.37,6.9,11,120,71.9506461,Fair,73.13839869,Good,57.78909091,Fair,98.05595176,Excellent,90.56360242,Excellent,3,2,3,1,1
208,AVONMORE_040,2008,Mar,8,0.033,1.6,18.6,356,57.35,0.006,6.3,5.9,51,80,74.34613021,Fair,91.46007486,Excellent,57.92727273,Fair,97.93534219,Excellent,90.277178,Excellent,3,1,3,1,1
209,AVONMORE_040,2008,Apr,11,0.005,1.4,9.1,356,56.6,0.003,6.63,6.1,15,65,75.51316407,Fair,97.36991069,Excellent,57.18363636,Fair,97.99512515,Excellent,91.37154024,Excellent,3,1,3,1,1
210,AVONMORE_040,2008,May,13,0,0.7,9.7,356,56.4,0.002,6.71,12.3,15,50,76.64979206,Fair,99.40640461,Excellent,57.37636364,Fair,97.8565422,Excellent,91.28867136,Excellent,3,1,3,1,1
211,AVONMORE_040,2008,Jun,11,0.006,1,18.6,356,55.315,0.007,7.09,13.9,16,45,77.23927495,Fair,90.25173976,Excellent,57.74727273,Fair,97.91233338,Excellent,91.09921704,Excellent,3,1,3,1,1
212,AVONMORE_040,2008,Jul,10,0.017,1.7,18.6,356,56.25,0.005,5.84,12.7,14,100,73.22483957,Fair,93.29585277,Excellent,57.54181818,Fair,97.97001371,Excellent,90.53106172,Excellent,3,1,3,1,1
213,AVONMORE_040,2008,Aug,9,0.023,1,7.33,356,57.2,0.011,6.5,14.3,13,120,71.87050343,Fair,82.24161579,Excellent,57.01181818,Fair,98.16473669,Excellent,90.59508124,Excellent,3,1,3,1,1
214,AVONMORE_040,2008,Sep,9,0.005,1.1,7.8,356,56,0.008,6.34,15.5,16,175,69.1050753,Fair,87.2277008,Excellent,56.56,Fair,98.17840795,Excellent,89.93496457,Good,3,1,3,1,2
215,AVONMORE_040,2008,Oct,22,0.027,1.2,18.6,356,57.8,0.011,6.34,10.3,20,130,71.21525717,Fair,82.13084992,Excellent,59.37818182,Fair,96.98661821,Excellent,89.33107527,Good,3,1,3,1,2
216,AVONMORE_040,2009,Jan,6,0.016,1.7,18.6,356,57.85,0.006,6.46,4.4,14,100,72.97467444,Fair,91.55353665,Excellent,57.98545455,Fair,98.25231948,Excellent,90.7868325,Excellent,3,1,3,1,1
217,AVONMORE_040,2009,Mar,12,0.01,1,18.6,356,59.015,0.005,6.47,7.4,12,90,73.42042082,Fair,93.68264358,Excellent,58.95818182,Fair,97.7983515,Excellent,90.47728291,Excellent,3,1,3,1,1
218,AVONMORE_040,2009,May,14,0,0.7,18.6,356,56.71,0.004,6.6,10.7,12,25,78.55583881,Fair,96.16311334,Excellent,58.34909091,Fair,97.6924622,Excellent,91.30981484,Excellent,3,1,3,1,1
219,AVONMORE_040,2009,Jul,10,0.001,0.8,18.6,356,55.7,0.008,6.17,13.8,12,100,73.31167111,Fair,88.15719184,Excellent,57.46181818,Fair,98.01937923,Excellent,90.63556766,Excellent,3,1,3,1,1
220,AVONMORE_040,2009,Sep,8,0.004,0.8,18.6,356,57.8,0.008,6.27,11,10,100,72.98243763,Fair,88.26474491,Excellent,58.08,Fair,98.14808532,Excellent,90.63045042,Excellent,3,1,3,1,1
221,AVONMORE_040,2010,Mar,13,0.017,1.9,18.6,356,58.65,0.005,6.42,1.8,14,35,77.36845835,Fair,94.11327352,Excellent,58.89818182,Fair,97.69019011,Excellent,91.22416254,Excellent,3,1,3,1,1
222,AVONMORE_040,2010,May,15,0.003,1.4,18.6,356,56.35,0.003,6.89,8.5,15,30,78.22199405,Fair,97.72383514,Excellent,58.41454545,Fair,97.58442989,Excellent,91.17327784,Excellent,3,1,3,1,1
223,AVONMORE_040,2010,Jul,10,0.046,1.1,18.6,356,54.35,0.003,6.4,15,9,150,70.59261083,Fair,95.55048702,Excellent,57.05454545,Fair,98.00851898,Excellent,90.12044463,Excellent,3,1,3,1,1
224,AVONMORE_040,2010,Sep,12,0,1.1,18.6,356,56.75,0.005,5.98,14.2,7,110,72.53032605,Fair,93.52999821,Excellent,57.95636364,Fair,97.8640564,Excellent,90.36841189,Excellent,3,1,3,1,1
226,AVONMORE_040,2011,Jan,11,0.021,1.6,18.6,356,57.5,0.007,6.06,2.4,14,75,74.65889637,Fair,90.00895184,Excellent,58.16727273,Fair,97.87159883,Excellent,91.0096694,Excellent,3,1,3,1,1
227,AVONMORE_040,2011,Mar,14,0.011,1.3,18.6,356,57.7,0.005,6.23,4.1,19,65,75.31806803,Fair,93.86557794,Excellent,58.57454545,Fair,97.62727673,Excellent,90.82145113,Excellent,3,1,3,1,1
228,AVONMORE_040,2011,May,19,0.008,0.7,18.6,356,56.6,0.004,6.43,11.5,17,45,76.99177944,Fair,95.81813396,Excellent,58.70181818,Fair,97.27887444,Excellent,90.7415629,Excellent,3,1,3,1,1
229,AVONMORE_040,2011,Jul,14,0.031,0.9,18.6,356,55.5,0.004,6.78,14.7,20,60,76.07354691,Fair,95.07051844,Excellent,57.97454545,Fair,97.64503713,Excellent,90.69296105,Excellent,3,1,3,1,1
230,AVONMORE_040,2011,Sep,17,0.015,2.4,18.6,356,53.5,0.007,6.11,12.4,12,200,68.22158736,Fair,88.33081143,Excellent,57.27636364,Fair,97.45751665,Excellent,89.16789724,Good,3,1,3,1,2
231,AVONMORE_040,2011,Nov,14,0.014,1.1,18.6,356,56.75,0.011,6.31,9.2,15,120,71.9360456,Fair,82.39805644,Excellent,58.25818182,Fair,97.66013042,Excellent,90.14268579,Excellent,3,1,3,1,1
232,AVONMORE_040,2012,Jan,20,0.011,0.6,18.6,356,56.1,0.006,6.28,6.9,16,90,73.89081536,Fair,91.68583475,Excellent,58.55636364,Fair,97.21547193,Excellent,90.40846712,Excellent,3,1,3,1,1
233,AVONMORE_040,2012,Mar,10,0.007,0.8,18.6,356,55.55,0.006,6.33,8.2,10,80,74.65037389,Fair,91.80488073,Excellent,57.46545455,Fair,98.02518181,Excellent,91.11499828,Excellent,3,1,3,1,1
234,AVONMORE_040,2012,May,15,0.008,0.6,18.6,356,56.9,0.002,6.33,9.9,15,55,76.18383053,Fair,99.32722982,Excellent,58.41090909,Fair,97.59802304,Excellent,90.89619037,Excellent,3,1,3,1,1
235,AVONMORE_040,2012,Jul,9,0.008,1.2,18.6,356,55.25,0.005,6.05,14.5,8,180,68.95399217,Fair,92.4618029,Excellent,57.16363636,Fair,98.10693124,Excellent,89.75912958,Good,3,1,3,1,2
236,AVONMORE_040,2012,Sep,14,0.016,0.6,18.6,356,55.05,0.01,6,11.6,15,50,76.90576969,Fair,84.86368849,Excellent,57.52727273,Fair,97.70069848,Excellent,91.17689018,Excellent,3,1,3,1,1
237,AVONMORE_040,2012,Nov,9,0.036,0.5,18.6,356,56.65,0.007,5.43,7.1,13,110,72.54545674,Fair,89.44336941,Excellent,57.44727273,Fair,98.06696988,Excellent,90.7910329,Excellent,3,1,3,1,1
238,AVONMORE_040,2013,Jan,9,0.02,0.4,18.6,356,57.4,0.005,5.6,5.3,11,70,75.02036066,Fair,93.78293509,Excellent,57.78181818,Fair,98.0777716,Excellent,91.28168082,Excellent,3,1,3,1,1
239,AVONMORE_040,2013,Mar,127,0.021,1.2,18.6,356,57.6,0.009,5.82,4.4,152,96,73.26425501,Fair,86.24605009,Excellent,68.66181818,Fair,88.26131203,Good,80.76402154,Good,3,1,3,2,2
240,AVONMORE_040,2013,Mar,11,0.019,0.8,18.6,356,57.1,0.01,5.86,4.5,10,101,73.02909025,Fair,84.4376207,Excellent,57.94909091,Fair,97.91877737,Excellent,90.83007744,Excellent,3,1,3,1,1
241,AVONMORE_040,2013,May,127,0.011,0.7,18.6,356,56.3,0.002,6.12,8.4,152,71,75.14238973,Fair,99.05271099,Excellent,68.29818182,Fair,88.29927333,Good,81.21464101,Good,3,1,3,2,2
242,AVONMORE_040,2013,May,7,0.01,0.6,18.6,356,56.3,0.002,6.15,8.3,10,71,75.14238973,Fair,99.09868924,Excellent,57.4,Fair,98.2518087,Excellent,91.31733628,Excellent,3,1,3,1,1
243,AVONMORE_040,2013,Jul,127,0.014,0.6,18.6,356,56.37,0.007,6.57,17.2,152,40,77.42307668,Fair,90.33903366,Excellent,68.48727273,Fair,88.29227222,Good,81.22559629,Good,3,1,3,2,2
244,AVONMORE_040,2013,Jul,12,0.012,0.8,18.6,356,55.47,0.01,6.53,17.2,18,39,77.67841361,Fair,84.98078783,Excellent,57.69090909,Fair,97.82868156,Excellent,91.02983124,Excellent,3,1,3,1,1
245,AVONMORE_040,2013,Sep,127,0,0.91,18.6,356,56.95,0.007,5.88,11.5,152,97,73.3037595,Fair,90.12181884,Excellent,68.44727273,Fair,88.2937195,Good,80.50560276,Good,3,1,3,2,2
246,AVONMORE_040,2013,Sep,11,0,0.99,18.6,356,55.91,0.012,6.05,11.4,8,95,73.5972752,Fair,81.12411473,Excellent,57.58545455,Fair,97.9526821,Excellent,90.78133168,Excellent,3,1,3,1,1
247,AVONMORE_040,2013,Nov,127,0.01,0.7,18.6,356,56.1,0.007,6.21,6.3,152,81,74.48918064,Fair,90.00096195,Excellent,68.25818182,Fair,88.3022355,Good,81.1673858,Good,3,1,3,2,2
248,AVONMORE_040,2013,Nov,18,0.024,0.7,18.6,356,56.6,0.01,6.2,6.3,16,79,74.53993347,Fair,84.48942651,Excellent,58.52727273,Fair,97.35114772,Excellent,90.60781005,Excellent,3,1,3,1,1
249,AVONMORE_040,2014,Jan,127,0.012,0.4,18.6,356,56.775,0.008,5.86,5.7,152,46,76.88193888,Fair,88.70725056,Excellent,68.37636364,Fair,88.30137576,Good,81.78897292,Good,3,1,3,2,2
250,AVONMORE_040,2014,Jan,10,0.013,0.3,18.6,356,56.5,0.009,5.92,5.7,18,58,76.03691791,Fair,86.76832724,Excellent,57.66181818,Fair,97.98828879,Excellent,91.30877714,Excellent,3,1,3,1,1
251,AVONMORE_040,2014,Mar,127,0.008,0.43,18.6,356,58.135,0.01,5.72,5.3,152,57,75.81219165,Fair,85.22585623,Excellent,68.82,Fair,88.28381734,Good,81.42893374,Good,3,1,3,2,2
252,AVONMORE_040,2014,Mar,13,0.014,0.44,18.6,356,58.635,0.008,5.83,5.3,16,64,75.2238818,Fair,88.65995755,Excellent,58.67818182,Fair,97.72691662,Excellent,90.91217478,Excellent,3,1,3,1,1
253,AVONMORE_040,2014,May,127,0.002,0.6,18.6,356,54.105,0.004,5.93,9.8,152,69,75.67334249,Fair,95.51907677,Excellent,67.43090909,Fair,88.34448946,Good,81.56082542,Good,3,1,3,2,2
254,AVONMORE_040,2014,May,15,0.012,0.6,18.6,356,56.02,0.005,6.04,9.9,17,71,75.191419,Fair,93.7017943,Excellent,57.98545455,Fair,97.60254936,Excellent,90.79324198,Excellent,3,1,3,1,1
255,AVONMORE_040,2014,Jul,127,0.018,0.9,18.6,356,54.05,0.022,5.74,13.6,152,66,75.90014589,Fair,63.14950372,Good,67.34181818,Fair,88.32495714,Good,81.41258884,Good,3,2,3,2,2
256,AVONMORE_040,2014,Jul,12,0.012,1,18.6,356,53.55,0.018,5.65,13.3,17,68,75.84569575,Fair,70.37312866,Good,56.67272727,Fair,97.86624596,Excellent,91.12384301,Excellent,3,2,3,1,1
257,AVONMORE_040,2014,Sep,127,0.009,0.8,18.6,356,56.44,0.005,5.62,13.4,152,105,72.8833321,Fair,93.45150439,Excellent,68.16727273,Fair,88.29988447,Good,80.39965224,Good,3,1,3,2,2
258,AVONMORE_040,2014,Sep,8,0.017,0.6,18.6,356,56.04,0.007,5.72,13.4,10,100,73.25794256,Fair,89.77965353,Excellent,57.24,Fair,98.17558311,Excellent,90.81340272,Excellent,3,1,3,1,1
259,AVONMORE_040,2014,Nov,127,0.015,1,18.6,356,55.45,0.003,5.78,8.4,152,104,73.09930601,Fair,96.80664153,Excellent,67.86545455,Fair,88.30483545,Good,80.78629538,Good,3,1,3,2,2
260,AVONMORE_040,2014,Nov,9,0.016,0.8,18.6,356,56.35,0.003,6.06,8.5,13,110,72.59093021,Fair,96.78283387,Excellent,57.56727273,Fair,98.07338188,Excellent,90.67799419,Excellent,3,1,3,1,1
261,AVONMORE_040,2015,Jan,127,0.01,0.7,18.6,356,56.615,0.008,5.57,4.8,152,103,72.98010831,Fair,88.13520768,Excellent,68.21272727,Fair,88.3006051,Good,80.88199581,Good,3,1,3,2,2
262,AVONMORE_040,2015,Jan,9,0.015,0.7,18.6,356,56.575,0.007,5.69,4.8,12,105,72.8624998,Fair,89.81162747,Excellent,57.51454545,Fair,98.08144905,Excellent,90.91637062,Excellent,3,1,3,1,1
263,AVONMORE_040,2015,Mar,127,0.007,0.7,18.6,356,57.185,0.004,6.01,4.6,152,86,73.9752206,Fair,95.4846121,Excellent,68.58,Fair,88.29013621,Good,81.03113543,Good,3,1,3,2,2
264,AVONMORE_040,2015,Mar,11,0.011,0.6,18.6,356,56.735,0.003,5.99,4.7,11,86,74.04929637,Fair,97.19713161,Excellent,57.86363636,Fair,97.93079553,Excellent,91.02993906,Excellent,3,1,3,1,1
265,AVONMORE_040,2015,May,127,0.003,0.9,18.6,356,57.4,0.006,5.68,8,152,107,72.61371282,Fair,91.82033353,Excellent,68.53818182,Fair,88.28722469,Good,80.47576195,Good,3,1,3,2,2
266,AVONMORE_040,2015,May,10,0.005,0.9,18.6,356,57.35,0.008,5.77,8.2,9,112,72.31991159,Fair,88.16630542,Excellent,57.91636364,Fair,98.00574435,Excellent,90.60219474,Excellent,3,1,3,1,1
267,AVONMORE_040,2015,Jul,127,0.012,1.4,18.6,356,56.6,0.007,5.88,14.6,152,132,71.27118764,Fair,89.4634914,Excellent,68.32,Fair,88.27662816,Good,79.7046146,Fair,3,1,3,2,3
268,AVONMORE_040,2015,Jul,13,0.029,1.7,18.6,356,56.05,0.008,5.85,14.6,13,134,71.2362081,Fair,87.32655702,Excellent,57.74545455,Fair,97.73407547,Excellent,89.92374333,Good,3,1,3,1,2
269,AVONMORE_040,2015,Sep,127,0.002,0.7,18.6,356,56.55,0.004,6.69,10.9,152,130,71.39069395,Fair,94.897113,Excellent,68.59636364,Fair,88.29628906,Good,79.91278752,Fair,3,1,3,2,3
270,AVONMORE_040,2015,Sep,5,0.011,0.8,18.6,356,56.55,0.004,6.73,11,3,129,71.44724195,Fair,94.76579471,Excellent,57.52,Fair,98.42156953,Excellent,90.63759948,Excellent,3,1,3,1,1
271,AVONMORE_040,2015,Oct,127,0.019,1.4,18.6,356,57.94,0.01,5.77,9.8,152,182,68.54037424,Fair,83.56254926,Excellent,68.76727273,Fair,88.25193577,Good,78.85390811,Fair,3,1,3,2,3
273,AVONMORE_040,2016,Jan,127,0.033,1.2,7.96,44,58.45,0.019,5.8,5.9,11,85,73.83367722,Fair,68.40238844,Good,39.63272727,Moderate,88.96132039,Good,92.96048731,Excellent,3,2,4,2,1
274,AVONMORE_040,2016,Mar,127,0.033,1.2,8.35,50,57.45,0.019,6,5.2,13,64,75.43311678,Fair,68.51467287,Good,39.92272727,Moderate,88.96221979,Good,93.109648,Excellent,3,2,4,2,1
275,AVONMORE_040,2016,May,127,0.025,1.2,8.41,55,55.7,0.019,6.4,9.7,13,69,75.38878698,Fair,68.3753401,Good,39.89181818,Moderate,88.99042115,Good,92.9355038,Excellent,3,2,4,2,1
276,AVONMORE_040,2016,Jul,127,0.033,1.2,7.8,48,55.15,0.019,6.5,13.4,11,82,74.58233335,Fair,68.02005741,Good,39.03636364,Moderate,89.00638279,Good,92.92201644,Excellent,3,2,4,2,1
277,AVONMORE_040,2016,Sep,127,0.033,1.2,6.64,40,55.7,0.019,6.2,14.3,13,145,70.68005866,Fair,67.41941404,Good,38.29454545,Moderate,89.00441519,Good,92.36368676,Excellent,3,2,4,2,1
278,AVONMORE_040,2017,Feb,127,0.028,1.2,10.2,52,57,0.019,6.4,5.2,12,87,73.9399355,Fair,68.23414002,Good,40.25454545,Moderate,88.95367464,Good,92.78493126,Excellent,3,2,4,2,1
279,AVONMORE_040,2017,Mar,127,0.033,1.2,9.84,62,59.95,0.019,6.6,7.2,17,62,75.13364762,Fair,68.63334808,Good,42.27636364,Moderate,88.88388519,Good,92.39515689,Excellent,3,2,4,2,1
280,AVONMORE_040,2017,May,127,0.065,1.2,9.71,69,57.3,0.019,6.9,10.3,17,45,76.85813447,Fair,67.96906089,Good,42.04636364,Moderate,88.89820835,Good,92.56024188,Excellent,3,2,4,2,1
281,AVONMORE_040,2017,Jul,127,0.033,1.2,7.93,47,55.05,0.019,6.6,14.8,10,93,73.86630538,Fair,67.869247,Good,38.95727273,Moderate,89.00966659,Good,92.7927725,Excellent,3,2,4,2,1
282,AVONMORE_040,2017,Sep,127,0.033,1.2,8.77,48,55.6,0.019,6.4,14.8,12,125,71.81246288,Fair,67.59602358,Good,39.25181818,Moderate,88.98539099,Good,92.32727728,Excellent,3,2,4,2,1
283,AVONMORE_040,2018,Feb,127,0.022,1.2,11.9,61,56.65,0.019,6.8,3.8,14,70,75.15113582,Fair,68.42664371,Good,41.24545455,Moderate,88.93322646,Good,92.72772282,Excellent,3,2,4,2,1
284,AVONMORE_040,2018,Mar,127,0.033,1.2,12.4,79,62.2,0.019,6.7,3.9,17,43,76.09188617,Fair,69.01850107,Good,44.90909091,Moderate,88.82093679,Good,92.0162785,Excellent,3,2,4,2,1
285,AVONMORE_040,2018,May,127,0.033,1.2,10.4,57,57.3,0.019,6.6,10.1,14,60,75.746253,Fair,68.43011706,Good,40.90909091,Moderate,88.93160079,Good,92.72215573,Excellent,3,2,4,2,1
286,AVONMORE_040,2018,Jul,127,0.026,1.2,11.6,99,56.35,0.019,7.1,18,21,19,81.63979905,Good,68.83078299,Good,44.67272727,Moderate,88.90257658,Good,91.87086385,Excellent,2,2,4,2,1
287,AVONMORE_040,2018,Oct,127,0.033,1.2,9.58,54,55.7,0.004,5.9,9.6,152,85,74.28754752,Fair,94.90957047,Excellent,39.72545455,Moderate,88.37719459,Good,90.38809031,Excellent,3,1,4,2,1
288,AVONMORE_040,2019,Feb,127,0.033,1.2,10.2,67,56.2,0.019,6.6,6.1,16,75,74.88184587,Fair,68.17207558,Good,41.4,Moderate,88.94286479,Good,92.55393435,Excellent,3,2,4,2,1
289,AVONMORE_040,2019,Mar,127,0.033,1.2,10.2,69,55.8,0.019,6.8,5.1,16,92,73.80924491,Fair,67.91165529,Good,41.50909091,Moderate,88.94730479,Good,92.37606172,Excellent,3,2,4,2,1
290,AVONMORE_040,2019,May,127,0.028,1.2,9.52,64,57,0.019,6.8,8.4,17,71,75.02036066,Fair,68.33437812,Good,41.42909091,Moderate,88.93497784,Good,92.49564381,Excellent,3,2,4,2,1
291,AVONMORE_040,2019,Jul,127,0.025,1.9,9.65,70,55.55,0.019,6.9,15.6,17,58,76.21149458,Fair,68.35519429,Good,41.49545455,Moderate,88.93820255,Good,92.34065593,Excellent,3,2,4,2,1
292,AVONMORE_040,2019,Oct,127,0.021,1.2,8.51,51,46.65,0.019,6.4,11,16,174,70.33979388,Fair,66.50918163,Good,36.24636364,Moderate,89.12010903,Good,92.6755939,Excellent,3,2,4,2,1
293,AVONMORE_040,2020,Jun,127,0.033,1.2,9.98,70,54.85,0.019,7,12.1,17,43,77.4856613,Fair,68.33545717,Good,41.30727273,Moderate,88.95706559,Good,92.72442166,Excellent,3,2,4,2,1
294,AVONMORE_040,2020,Sep,127,0.033,1.2,9.62,65,56.45,0.019,7,12.1,17,72,75.04644447,Fair,68.1472848,Good,41.40181818,Moderate,88.93603599,Good,92.37153277,Excellent,3,2,4,2,1
295,AVONMORE_040,2020,Oct,127,0.033,1.2,7.89,48,55.7,0.019,6.6,9.3,12,122,71.97257118,Fair,67.60421638,Good,39.28090909,Moderate,88.99222219,Good,92.54115834,Excellent,3,2,4,2,1
296,AVONMORE_040,2021,Mar,127,0.033,1.2,9.31,62,58.85,0.019,6.8,7.1,16,59,75.53991913,Fair,68.53645253,Good,41.90090909,Moderate,88.90908539,Good,92.55415265,Excellent,3,2,4,2,1
297,AVONMORE_040,2021,Apr,127,0.033,1.2,9.46,64,57.1,0.019,7.1,7.8,18,54,76.22072422,Fair,68.38717953,Good,41.56909091,Moderate,88.92303639,Good,92.64663972,Excellent,3,2,4,2,1
298,AVONMORE_040,2021,Jun,127,0.033,1.2,10,70,56.2,0.019,7.2,14.4,18,48,76.83910995,Fair,68.3544808,Good,41.87272727,Moderate,88.92921279,Good,92.42568139,Excellent,3,2,4,2,1
299,AVONMORE_040,2021,Aug,127,0.029,1.2,8.02,54,55.6,0.013,7,14.9,12,64,75.76429675,Fair,78.94585555,Good,39.94727273,Moderate,88.99117667,Good,92.82418057,Excellent,3,2,4,2,1
300,AVONMORE_040,2021,Oct,127,0.033,1.2,8.06,52,58.4,0.019,6.9,10.5,11,66,75.12490947,Fair,68.40001461,Good,40.75090909,Moderate,88.94959639,Good,92.7407044,Excellent,3,2,4,2,1
301,AVONMORE_040,2022,Apr,127,0.033,1.2,9.36,54,60.3,0.019,6.8,8.6,14,44,76.36896356,Fair,68.82576741,Good,41.70545455,Moderate,88.89438639,Good,92.73100165,Excellent,3,2,4,2,1
302,AVONMORE_040,2022,Jun,127,0.033,1.2,9.08,58,56.75,0.019,6.9,14.4,13,50,76.58392825,Fair,68.4359362,Good,40.78909091,Moderate,88.95505159,Good,92.75244683,Excellent,3,2,4,2,1
303,AVONMORE_040,2022,Sep,127,0.033,1.2,9.17,56,57.05,0.019,6.8,12.3,11,52,76.3782639,Fair,68.45951163,Good,40.68818182,Moderate,88.95936499,Good,92.85149943,Excellent,3,2,4,2,1
304,AVONMORE_040,2022,Oct,127,0.033,1.2,8.98,49,56.85,0.019,6.4,9.3,12,88,73.89899277,Fair,68.11829409,Good,39.81636364,Moderate,88.96456559,Good,92.75998283,Excellent,3,2,4,2,1
305,AVONMORE_040,2023,Mar,127,0.033,1.2,9.81,55,64.95,0.019,6.6,8.2,15,70,73.75236523,Fair,68.96643021,Good,43.45545455,Moderate,88.81488739,Good,91.95989438,Excellent,3,2,4,2,1
307,Ballinhassig East,2010,Jun,130,0.033,1.2,19,384,110,0.019,6.8,12,148,45,68.86409421,Fair,72.98839344,Good,90.92727273,Excellent,87.20469679,Good,70.65667437,Fair,3,2,1,2,3
308,Ballinhassig East,2010,Jul,84,0.033,1.2,19,310,61,0.027,6.3,11.5,122,45,76.16540855,Fair,54.67006059,Fair,62.01818182,Fair,91.66257439,Excellent,85.70394826,Good,3,3,3,1,2
309,Ballinhassig East,2010,Jul,23,0.033,1.2,17,115,56,0.019,6,11,28,45,77.10699273,Fair,68.60801661,Good,36.63636364,Moderate,96.91735279,Excellent,95.50327618,Excellent,3,2,4,1,1
311,Ballinhassig East,2010,Jul,106,0.033,1.2,40,374,25,0.019,7.9,11.5,106,45,83.81853929,Good,65.6048159,Good,59.23636364,Fair,90.33978479,Excellent,86.51826662,Good,2,2,3,1,2
312,Ballinhassig East,2010,Jul,118,0.033,1.2,18,343,61,0.019,6.9,11,146,45,76.16540855,Fair,68.8313738,Good,68.23636364,Fair,88.91930479,Good,81.86306547,Good,3,2,3,2,2
313,Ballinhassig East,2010,Jul,57,0.033,1.2,22,374,62,0.019,9.8,11.7,18,45,72.62936336,Fair,68.39062388,Good,67.29090909,Fair,94.13124479,Excellent,86.97405071,Good,3,2,3,1,2
315,Ballinhassig East,2010,Jul,132,0.033,1.2,15,335,54.9,0.027,6.8,10.6,146,45,77.31980484,Fair,54.05248156,Fair,66.25454545,Fair,87.95765439,Good,82.3027328,Good,3,3,3,2,2
317,Ballinhassig East,2010,Jul,214,0.033,1.2,26,572,15,0.019,8.1,11.1,150,45,74.95290466,Fair,64.70004681,Good,82.21818182,Good,82.05138479,Good,72.99173149,Fair,3,2,2,2,3
318,Ballinhassig East,2010,Jul,59,0.402,1.2,16,212,54.9,0.044,7.5,14.1,80,42,77.55431323,Fair,17.03644461,Poor,48.78181818,Moderate,93.61567686,Excellent,91.17330161,Excellent,3,5,4,1,1
319,Ballinhassig East,2010,Sep,75,0.033,1.2,17,300,80,0.031,6.9,11.3,112,45,72.95140582,Fair,49.02529303,Fair,67.23636364,Fair,92.12570319,Excellent,84.17039192,Good,3,3,3,1,2
320,Ballinhassig East,2010,Sep,15,0.033,1.2,16,113,54,0.019,7,11.9,25,45,77.49545592,Fair,68.25173403,Good,35.27272727,Moderate,97.58470879,Excellent,95.91576918,Excellent,3,2,4,1,1
321,Ballinhassig East,2010,Oct,238,0.499,1.2,25,550,54.9,0.041,7.2,12.1,228,7,70.26547537,Fair,21.0624632,Moderate,96.49090909,Excellent,78.88146317,Good,61.97161378,Fair,3,4,1,2,3
322,Ballinhassig East,2010,Oct,218,0.062,1.2,23,577,54.9,0.019,7.7,10.8,150,45,69.01441265,Fair,67.62968415,Good,97.12727273,Excellent,81.13293566,Good,64.71050727,Fair,3,2,1,2,3
323,Ballinhassig East,2010,Oct,113,0.033,1.2,36,380,12,0.019,8,11.3,105,45,86.68770937,Good,64.48659412,Good,55.36363636,Fair,90.04380479,Excellent,87.81048914,Good,2,2,3,1,2
324,Ballinhassig East,2010,Oct,86,0.033,1.2,19,297,56,0.019,6.8,11.5,117,45,77.10699273,Fair,68.43526979,Good,59.38181818,Fair,91.60213679,Excellent,86.68517849,Good,3,2,3,1,2
325,Ballinhassig East,2010,Oct,56,0.033,1.2,22,274,36,0.019,9.7,10.5,30,25,78.6400338,Fair,66.43734555,Good,48.61818182,Moderate,94.56292879,Excellent,92.60079486,Excellent,3,2,4,1,1
327,Ballinhassig East,2010,Oct,141,0.033,1.2,15,336,21,0.023,7,11,136,45,84.74150649,Good,58.28990108,Fair,54.90909091,Fair,87.82644159,Good,86.68786398,Good,2,3,3,2,2
329,Ballinhassig East,2010,Oct,65,0.053,1.2,18,224,82,0.031,7.5,9.5,85,42,72.82783543,Fair,48.76552404,Fair,60.45454545,Fair,92.95737979,Excellent,87.39832359,Good,3,3,3,1,2
330,Ballinhassig East,2010,Nov,66,0.033,1.2,17,277,69,0.029,6.2,7.7,99,45,74.74433454,Fair,51.80294863,Fair,60.07272727,Fair,93.06075879,Excellent,87.44411801,Good,3,3,3,1,2
331,Ballinhassig East,2010,Nov,18,0.033,1.2,16,110,91,0.019,6,6.5,32,45,71.32731476,Fair,71.56974451,Good,48.36363636,Moderate,96.75593279,Excellent,92.87351348,Excellent,3,2,4,1,1
332,Ballinhassig East,2010,Dec,216,0.033,1.2,24,523,19,0.038,7.5,9.8,218,6,75.71477785,Fair,31.66293808,Moderate,79,Good,81.56582659,Good,73.12095975,Fair,3,4,2,2,3
333,Ballinhassig East,2010,Dec,122,0.033,1.2,36,380,27,0.019,8.3,7.6,146,45,83.35439015,Good,65.69507484,Good,61.74545455,Fair,88.93076079,Good,84.47996156,Good,2,2,3,2,2
334,Ballinhassig East,2010,Dec,64,0.033,1.2,17,237,75,0.019,7.1,9.1,95,45,73.74425428,Fair,69.99313477,Good,58.76363636,Fair,93.13208479,Excellent,87.83421875,Good,3,2,3,1,2
335,Ballinhassig East,2010,Dec,57,0.033,1.2,12,216,73,0.019,6.8,9.1,101,45,74.07157817,Fair,69.88124713,Good,54.92727273,Fair,93.73850079,Excellent,89.14595348,Good,3,2,3,1,2
336,Ballinhassig East,2010,Dec,57,0.033,1.2,21,271,22,0.019,9.4,8.6,41,45,84.51211045,Good,65.08733547,Good,43.14545455,Moderate,94.66940879,Excellent,93.67805413,Excellent,2,2,4,1,1
337,Ballinhassig East,2010,Dec,49,0.033,1.2,14,174,27,0.019,6.3,7.6,59,45,83.35439015,Good,66.09488282,Good,33.65454545,Moderate,95.24172079,Excellent,95.57929191,Excellent,2,2,4,1,1
338,Ballinhassig East,2010,Dec,56,0.033,1.2,12,180,54.9,0.019,6.3,8.6,85,6,81.98835707,Good,68.88370328,Good,44.8,Moderate,94.17199679,Excellent,92.82430915,Excellent,2,2,4,1,1
339,Ballinhassig East,2010,Dec,148,0.033,1.2,14,339,54.9,0.016,7.1,9.6,140,45,77.31980484,Fair,73.6320868,Good,68.09090909,Fair,86.74761419,Good,81.28465114,Good,3,2,3,2,2
341,Ballinhassig East,2010,Dec,47,0.028,1.2,18,213,95,0.019,7.6,3.1,94,7,74.09328072,Fair,72.10971966,Good,62.58181818,Fair,94.13705464,Excellent,87.63853157,Good,3,2,3,1,2
342,Ballinhassig East,2011,Feb,68,0.033,1.2,18,267,69,0.027,6.1,11,100,8,78.82300384,Fair,55.80244824,Fair,59.4,Fair,92.89069839,Excellent,87.9423549,Good,3,3,3,1,2
343,Ballinhassig East,2011,Feb,20,0.033,1.2,15,100,36,0.019,6.3,7.7,28,21,83.49363784,Good,67.13203501,Good,27.65454545,Poor,97.48104479,Excellent,97.43312179,Excellent,2,2,5,1,1
346,Ballinhassig East,2011,Apr,75,0.033,1.2,17,291,50.5,0.019,6.9,9.6,113,5,83.08071862,Good,68.40108526,Good,55.69090909,Fair,92.58160879,Excellent,88.94871037,Good,2,2,3,1,2
347,Ballinhassig East,2011,Apr,40,0.033,1.2,15,235,50,0.019,6.6,8.8,86,5,83.20821535,Good,68.42426918,Good,46.94545455,Moderate,95.45355279,Excellent,92.66593441,Excellent,2,2,4,1,1
348,Ballinhassig East,2011,Apr,60,0.033,1.2,21,301,61,0.019,9.5,10.6,31,6,80.55881,Good,68.79863583,Good,60.36363636,Fair,93.87107679,Excellent,89.33227724,Good,2,2,3,1,2
349,Ballinhassig East,2011,Apr,240,0.033,1.2,27,590,46,0.019,7.5,9.1,253,17,71.31848741,Fair,67.73190021,Good,97.36363636,Excellent,79.09667679,Good,60.67270276,Fair,3,2,1,2,3
350,Ballinhassig East,2011,Apr,220,0.033,1.2,22,593,54,0.019,8.1,9.6,146,8,74.91034967,Fair,68.40958278,Good,98.49090909,Excellent,81.03822479,Good,65.04887085,Fair,3,2,1,2,3
351,Ballinhassig East,2011,Apr,100,0.033,1.2,34,393,32,0.019,8,9.6,126,8,88.25998638,Good,66.58984185,Good,62.45454545,Fair,90.67503679,Excellent,85.81612924,Good,2,2,3,1,2
352,Ballinhassig East,2011,Apr,47,0.033,1.2,13,174,54.9,0.019,6.3,8.6,64,8,81.98835707,Good,68.86488573,Good,43.52727273,Moderate,94.95217679,Excellent,93.60037506,Excellent,2,2,4,1,1
353,Ballinhassig East,2011,Jun,52,0.033,1.2,18,284,38,0.031,6,11.1,103,45,80.84494307,Good,45.648564,Fair,48.18181818,Moderate,94.60554319,Excellent,91.37847117,Excellent,2,3,4,1,1
354,Ballinhassig East,2011,Jun,22,0.033,1.2,16,112,53,0.019,6.5,10,33,13,82.45359159,Good,68.61787139,Good,35.27272727,Moderate,97.02627279,Excellent,96.02177828,Excellent,2,2,4,1,1
355,Ballinhassig East,2011,Aug,232,0.033,1.2,30,517,0,0.023,7.4,11.3,208,11,82.39346322,Good,56.7953745,Fair,73.50909091,Good,80.59732559,Good,75.30327462,Fair,2,3,2,2,3
357,Ballinhassig East,2011,Aug,78,0.033,1.2,15,263,45,0.019,6.6,11,103,8,84.5218232,Good,67.95972909,Good,51.12727273,Fair,92.50116079,Excellent,90.36302349,Excellent,2,2,3,1,1
358,Ballinhassig East,2011,Aug,66,0.033,1.2,12,217,41.5,0.019,6.5,11,82,24,81.94837816,Good,67.5091928,Good,44.27272727,Moderate,93.61313279,Excellent,92.65292954,Excellent,2,2,4,1,1
359,Ballinhassig East,2011,Aug,66,0.033,1.2,20,281,18,0.019,9,10.3,28,7,92.4891859,Good,65.24737467,Good,43.18181818,Moderate,94.10196479,Excellent,94.06420842,Excellent,2,2,4,1,1
361,Ballinhassig East,2011,Aug,48,0.033,1.2,11,155,54.9,0.019,6.2,10.4,56,9,81.98835707,Good,68.87261102,Good,41.67272727,Moderate,94.93110079,Excellent,94.06225918,Excellent,2,2,4,1,1
362,Ballinhassig East,2011,Aug,158,0.033,1.2,14,336,54.9,0.017,6.9,10.1,140,5,81.98835707,Good,72.32943631,Good,68.65454545,Fair,85.97140039,Good,81.39344168,Good,2,2,3,2,2
364,Ballinhassig East,2011,Aug,62,0.033,1.2,20,230,48,0.018,7.4,13.2,83,25,80.40380561,Good,69.66175075,Good,48.50909091,Moderate,93.72393059,Excellent,91.4154516,Excellent,2,2,4,1,1
365,Ballinhassig East,2011,Sep,70,0.033,1.2,19,288,28.5,0.027,6.4,11.1,107,45,83.00662602,Good,51.9083854,Fair,46.96363636,Moderate,93.32136639,Excellent,91.29506903,Excellent,2,3,4,1,1
366,Ballinhassig East,2011,Sep,20,0.033,1.2,17,122,33.5,0.019,6.3,11.2,35,7,87.80709406,Good,67.07305476,Good,28.92727273,Poor,97.46766479,Excellent,97.20726436,Excellent,2,2,5,1,1
367,Ballinhassig East,2011,Oct,240,0.169,1.2,28,545,54.9,0.033,7.2,13.4,248,10,70.1501527,Fair,41.19774743,Fair,96.49090909,Excellent,78.86438767,Good,60.93134976,Fair,3,3,1,2,3
368,Ballinhassig East,2011,Oct,132,0.033,1.2,35,402,0,0.019,7.9,11.1,148,8,94.16767406,Good,63.89654236,Good,54.6,Fair,88.57830879,Good,87.31680042,Good,2,2,3,2,2
369,Ballinhassig East,2011,Oct,61,0.033,1.2,21,275,37,0.017,6.6,11.2,103,46,80.9783985,Good,70.43115809,Good,48.30909091,Moderate,93.88392439,Excellent,91.08659868,Excellent,2,2,4,1,1
370,Ballinhassig East,2011,Oct,53,0.033,1.2,11,213,46,0.019,6.5,12.4,75,38,79.71058473,Fair,67.73473361,Good,44.27272727,Moderate,94.59526879,Excellent,92.81251782,Excellent,3,2,4,1,1
371,Ballinhassig East,2011,Oct,66,0.033,1.2,21,294,15,0.019,9.1,10.2,35,20,93.25090353,Good,64.82887942,Good,43.4,Moderate,94.10670879,Excellent,93.80712885,Excellent,2,2,4,1,1
373,Ballinhassig East,2011,Oct,42,0.033,1.2,12,163,1,0.019,6,11.8,55,22,94.15335351,Good,64.20889986,Good,22.27272727,Poor,96.23188479,Excellent,97.79671101,Excellent,2,2,5,1,1
374,Ballinhassig East,2011,Oct,142,0.033,1.2,14,354,54.9,0.023,6.9,10.4,150,56,76.48084306,Fair,61.04956979,Good,68.83636364,Fair,87.17248559,Good,80.7157817,Good,3,2,3,2,2
377,Ballinhassig East,2011,Oct,62,0.267,1.2,18,234,41.5,0.028,7.4,12.9,82,18,85.48351498,Good,47.16212127,Fair,46.32727273,Moderate,93.66809561,Excellent,92.15424214,Excellent,2,3,4,1,1
378,Ballinhassig East,2011,Nov,75,0.033,1.2,17,290,28.3,0.033,6.2,11.1,108,45,83.05295023,Good,41.21756024,Fair,47.27272727,Moderate,92.95411559,Excellent,91.10612529,Excellent,2,3,4,1,1
379,Ballinhassig East,2011,Nov,19,0.033,1.2,15,112,34.4,0.019,6,11,36,45,81.65279218,Good,66.78198299,Good,27.96363636,Poor,97.55156879,Excellent,97.11085674,Excellent,2,2,5,1,1
380,Ballinhassig East,2011,Dec,220,0.028,1.2,29,602,8.9,0.031,7.3,10.3,208,6,76.48335404,Fair,43.43006591,Fair,83.25454545,Good,81.40758104,Good,71.3776712,Fair,3,3,2,2,3
381,Ballinhassig East,2011,Dec,250,0.033,1.2,22,666,0.7,0.028,7.7,10.8,146,8,87.80950171,Good,47.90720679,Fair,88.32727273,Good,79.53656859,Good,69.91894346,Fair,2,3,2,2,3
382,Ballinhassig East,2011,Dec,134,0.033,1.2,34,445,0.1,0.019,7.9,9.2,129,5,94.14957798,Good,63.94050607,Good,58.63636364,Fair,88.51427679,Good,86.52560912,Good,2,2,3,2,2
383,Ballinhassig East,2011,Dec,81,0.033,1.2,16,317,37.35,0.019,6.7,9.1,107,6,86.6681044,Good,67.31566777,Good,53.65454545,Fair,92.35810679,Excellent,89.68917074,Good,2,2,3,1,2
384,Ballinhassig East,2011,Dec,63,0.033,1.2,22,299,40.05,0.019,6.4,10.1,102,7,85.89204015,Good,67.59136049,Good,51.8,Fair,93.67641079,Excellent,90.59198971,Excellent,2,2,3,1,1
385,Ballinhassig East,2011,Dec,68,0.033,1.2,21,320,13.35,0.019,9.1,9.6,30,5,93.60123428,Good,64.85680005,Good,45.34545455,Moderate,93.99847879,Excellent,93.59784506,Excellent,2,2,4,1,1
387,Ballinhassig East,2011,Dec,49,0.033,1.2,11,184,0.5,0.019,6,9.4,57,7,100,Excellent,64.33409611,Good,24.54545455,Poor,95.69754879,Excellent,97.53212238,Excellent,1,2,5,1,1
388,Ballinhassig East,2011,Dec,160,0.033,1.2,14,390,0.4,0.024,6.8,9.5,146,5,100,Excellent,55.24377009,Fair,53.89090909,Fair,86.63842379,Good,87.20372601,Good,1,3,3,2,2
391,Ballinhassig East,2012,Feb,73,0.033,1.2,31,290,34.4,0.032,6.2,11.1,106,45,81.65279218,Good,43.51848517,Fair,50.58181818,Moderate,92.87315739,Excellent,90.05195598,Excellent,2,3,4,1,1
392,Ballinhassig East,2012,Feb,18,0.033,1.2,15,114,41.3,0.019,6,8.7,37,10,85.5395142,Good,67.75724129,Good,30.56363636,Poor,97.51805279,Excellent,96.96143505,Excellent,2,2,5,1,1
393,Ballinhassig East,2012,Feb,220,0.033,1.2,30,537,15.55,0.033,7.5,9.4,242,14,75.93407123,Fair,40.20441,Fair,79.92727273,Good,81.14064159,Good,71.57020256,Fair,3,3,2,2,3
396,Ballinhassig East,2012,Feb,71,0.033,1.2,20,283,43.95,0.027,6.8,9.8,114,45,79.55045767,Fair,53.1392448,Fair,52.45454545,Fair,92.95850439,Excellent,89.48352176,Good,3,3,3,1,2
397,Ballinhassig East,2012,Feb,65,0.027,1.2,20,252,46.85,0.021,6.6,9.1,97,5,84.02755142,Good,64.69006831,Good,50.07272727,Moderate,93.46081101,Excellent,91.09459811,Excellent,2,2,4,1,1
401,Ballinhassig East,2012,Feb,148,0.033,1.2,15,345,15.6,0.035,7.2,9.7,164,45,85.94509411,Good,36.37101759,Moderate,54.47272727,Fair,87.24223599,Good,86.13721583,Good,2,4,3,2,2
403,Ballinhassig East,2012,Feb,51,0.071,1.2,17,224,49.8,0.043,7.3,7.7,90,32,79.41242065,Fair,24.4523487,Moderate,47.30909091,Moderate,94.52404673,Excellent,91.97300043,Excellent,3,4,4,1,1
404,Ballinhassig East,2012,Jun,72,0.033,1.2,18,314,34.35,0.033,6.2,11.4,109,45,81.66412603,Good,41.72825384,Fair,51.47272727,Fair,93.07826959,Excellent,89.92597792,Good,2,3,3,1,2
405,Ballinhassig East,2012,Jun,20,0.033,1.2,12,111,35,0.019,6.3,10.6,35,45,81.5170143,Good,66.77668474,Good,28.01818182,Poor,97.49812079,Excellent,97.12172488,Excellent,2,2,5,1,1
406,Ballinhassig East,2012,Jun,230,0.027,1.2,31,591,7.25,0.015,7.3,10.4,270,11,82.10197069,Good,71.80700369,Good,82.74545455,Good,80.36794181,Good,69.03362421,Fair,2,2,2,2,3
407,Ballinhassig East,2012,Jun,284,0.037,1.2,21,665,0.5,0.019,7.5,10.4,224,5,81.91694024,Good,63.94399763,Good,91.09090909,Excellent,76.56785691,Good,64.41882272,Fair,2,2,1,2,3
408,Ballinhassig East,2012,Jun,142,0.033,1.2,34,438,0.1,0.019,8,10.4,156,5,94.15474258,Good,63.91716865,Good,58.76363636,Fair,87.77407279,Good,85.58470462,Good,2,2,3,2,2
409,Ballinhassig East,2012,Jun,146,0.033,1.2,18,311,40,0.016,6.8,10.5,135,9,85.90623144,Good,72.83157843,Good,60.2,Fair,87.11647019,Good,85.04689878,Good,2,2,3,2,2
410,Ballinhassig East,2012,Jun,50,0.033,1.2,12,195,43.35,0.019,6.7,10.8,74,10,84.97086603,Good,67.78760956,Good,41.56363636,Moderate,94.86179479,Excellent,93.85828685,Excellent,2,2,4,1,1
411,Ballinhassig East,2012,Jun,61,0.033,1.2,21,316,14.45,0.019,8.5,10.2,60,11,93.3742869,Good,64.99270572,Good,44.52727273,Moderate,94.40209879,Excellent,93.38045317,Excellent,2,2,4,1,1
413,Ballinhassig East,2012,Jun,35,0.042,1.2,13,182,0.3,0.019,6,9.9,71,20,100,Excellent,64.0111584,Good,23.2,Poor,96.70081906,Excellent,97.65770443,Excellent,1,2,5,1,1
414,Ballinhassig East,2012,Jun,166,0.053,1.2,14,368,0.1,0.028,6.9,10.2,166,10,100,Excellent,47.64349241,Fair,52.36363636,Fair,86.07293719,Good,86.98190304,Good,1,3,3,2,2
416,Ballinhassig East,2012,Jun,46,0.106,1.2,16,232,44.9,0.042,7.2,11.5,86,43,79.51854175,Fair,25.09273367,Moderate,45.67272727,Moderate,94.99052358,Excellent,92.36910204,Excellent,3,4,4,1,1
418,Ballinhassig East,2012,Aug,20,0.033,1.2,14,114,27.15,0.019,7.1,11.5,29,6,89.74872252,Good,66.39789762,Good,25.90909091,Poor,97.61678679,Excellent,97.74084671,Excellent,2,2,5,1,1
419,Ballinhassig East,2012,Aug,218,0.029,1.2,30,553,21,0.027,7.4,13,220,14,75.39091866,Fair,51.465793,Fair,83.14545455,Good,81.31045427,Good,70.49593985,Fair,3,3,2,2,3
420,Ballinhassig East,2012,Aug,233,0.033,1.2,21,617,19.35,0.039,7.8,12.9,149,10,80.91880248,Good,29.80745639,Moderate,89.05454545,Good,80.56459079,Good,69.6420158,Fair,2,4,2,2,3
421,Ballinhassig East,2012,Aug,127,0.033,1.2,33,420,19.35,0.026,7.8,13,135,9,87.11141891,Good,53.04397389,Fair,62.6,Fair,88.74398619,Good,84.77202349,Good,2,3,3,2,2
422,Ballinhassig East,2012,Aug,81,0.033,1.2,15,285,38.85,0.019,6.7,11.3,108,28,82.18840639,Good,67.19626158,Good,51.2,Fair,92.34083479,Excellent,89.98753459,Good,2,2,3,1,2
423,Ballinhassig East,2012,Aug,65,0.033,1.2,8,219,31.55,0.019,6.5,12.2,74,12,88.39671493,Good,66.80225252,Good,40.38181818,Moderate,93.92308279,Excellent,93.91564764,Excellent,2,2,4,1,1
424,Ballinhassig East,2012,Aug,70,0.033,1.2,20,313,12.2,0.019,8.4,11.3,55,13,93.80559729,Good,64.79789284,Good,44.12727273,Moderate,93.77004479,Excellent,93.3428363,Excellent,2,2,4,1,1
426,Ballinhassig East,2012,Aug,81,0.033,1.2,15,285,38.85,0.019,6.7,11.3,108,28,82.18840639,Good,67.19626158,Good,51.2,Fair,92.34083479,Excellent,89.98753459,Good,2,2,3,1,2
427,Ballinhassig East,2012,Aug,44,0.033,1.2,13,193,0.2,0.019,6.1,11.5,66,77,88.62539119,Good,63.50675402,Good,25.01818182,Poor,96.02954879,Excellent,96.92015752,Excellent,2,2,5,1,1
428,Ballinhassig East,2012,Aug,154,0.033,1.2,14,380,0.2,0.023,6.8,11.5,154,8,100,Excellent,56.97719071,Fair,52.36363636,Fair,87.07353359,Good,87.55617934,Good,1,3,3,2,2
431,Ballinhassig East,2012,Nov,22,0.033,1.2,16,119,28.95,0.019,6.2,10.2,39,45,82.90246265,Good,66.28342367,Good,27.05454545,Poor,97.37745479,Excellent,97.21961717,Excellent,2,2,5,1,1
432,Ballinhassig East,2013,Jan,72,0.033,1.2,18,294,28.8,0.029,6.7,11.3,110,6,89.23927171,Good,48.74137876,Fair,47.81818182,Moderate,93.15577479,Excellent,91.4301653,Excellent,2,3,4,1,1
433,Ballinhassig East,2013,Jan,240,0.033,1.2,34,571,0.5,0.019,7.1,10.3,260,10,82.13915463,Good,64.03813331,Good,79.58181818,Good,79.70293279,Good,70.56776918,Fair,2,2,2,2,3
434,Ballinhassig East,2013,Jan,246,0.033,1.2,21,580,0.4,0.019,7.2,10.2,226,45,75.52356342,Fair,63.62356643,Good,79.76363636,Good,79.52323279,Good,70.85567949,Fair,3,2,2,2,3
435,Ballinhassig East,2013,Jan,142,0.033,1.2,35,400,0.5,0.019,7.4,10.2,152,14,100,Excellent,63.96493738,Good,55.32727273,Fair,87.78025279,Good,86.66327581,Good,1,2,3,2,2
436,Ballinhassig East,2013,Jan,90,0.033,1.2,16,282,38.4,0.016,7.1,10,112,16,86.36396834,Good,72.57187588,Good,51.81818182,Fair,91.61617019,Excellent,89.69895569,Good,2,2,3,1,2
437,Ballinhassig East,2013,Jan,63,0.033,1.2,15,232,43.55,0.019,7,8.7,91,14,84.91602468,Good,67.70054482,Good,46.56363636,Moderate,93.73904279,Excellent,92.13955789,Excellent,2,2,4,1,1
438,Ballinhassig East,2013,Jan,71,0.033,1.2,21,303,14.15,0.019,7.4,10.1,60,21,87.90708642,Good,65.06179424,Good,43.74545455,Moderate,93.63947479,Excellent,93.26572588,Excellent,2,2,4,1,1
439,Ballinhassig East,2013,Jan,56,0.202,1.2,14,187,0.3,0.036,6.6,9.8,73,8,100,Excellent,30.82612491,Moderate,25.87272727,Poor,94.91602526,Excellent,97.04602906,Excellent,1,4,5,1,1
440,Ballinhassig East,2013,Jan,58,0.033,1.2,14,199,0.4,0.019,6.2,9.1,82,9,100,Excellent,64.26169161,Good,27.03636364,Poor,94.85678879,Excellent,96.7601872,Excellent,1,2,5,1,1
441,Ballinhassig East,2013,Jan,166,0.033,1.2,14,363,0.3,0.027,6.8,9.7,166,14,100,Excellent,49.77721029,Fair,51.94545455,Fair,86.08651439,Good,87.07876457,Good,1,3,3,2,2
443,Ballinhassig East,2013,Jan,71,0.033,1.2,5,174,5.65,0.019,7.3,7.1,86,40,93.01206146,Good,64.1532258,Good,27.43636364,Poor,93.83270679,Excellent,96.28956864,Excellent,2,2,5,1,1
445,Ballinhassig East,2013,Mar,66,0.033,1.2,18,291,29.4,0.038,6.3,11.2,111,45,82.79840268,Good,32.3666218,Moderate,47.07272727,Moderate,93.61212259,Excellent,91.28864775,Excellent,2,4,4,1,1
446,Ballinhassig East,2013,Mar,16,0.033,1.2,14,121,39.15,0.019,6.6,8,25,45,80.59057644,Good,67.07414479,Good,30.36363636,Poor,97.76396679,Excellent,96.9338309,Excellent,2,2,5,1,1
447,Ballinhassig East,2013,Apr,220,0.033,1.2,31,564,6.7,0.019,7.5,9.6,228,23,76.46301513,Fair,64.34851152,Good,79.25454545,Good,81.32914479,Good,72.29295699,Fair,3,2,2,2,3
448,Ballinhassig East,2013,Apr,236,0.033,1.2,21,582,7.25,0.017,7.5,9.5,212,15,82.29133255,Good,68.05427329,Good,81.63636364,Good,80.25247839,Good,71.38785666,Fair,2,2,2,2,3
449,Ballinhassig East,2013,Apr,140,0.033,1.2,33,407,0.2,0.019,7.8,9.5,142,9,94.16726508,Good,63.92186966,Good,55.63636364,Fair,88.00142479,Good,86.97116324,Good,2,2,3,2,2
450,Ballinhassig East,2013,Apr,99,0.033,1.2,16,297,39.5,0.019,7.3,9.7,123,8,86.04852324,Good,67.35867967,Good,54.47272727,Fair,90.84920479,Excellent,88.5745995,Good,2,2,3,1,2
451,Ballinhassig East,2013,Apr,67,0.033,1.2,10,193,45.85,0.019,7.1,8.1,77,9,84.29351832,Good,67.93465454,Good,43.8,Moderate,93.50535879,Excellent,93.04492299,Excellent,2,2,4,1,1
452,Ballinhassig East,2013,Apr,80,0.033,1.2,21,312,0.9,0.019,8.3,10.1,71,10,100,Excellent,63.89298592,Good,40.89090909,Moderate,93.08917679,Excellent,93.7911919,Excellent,1,2,4,1,1
454,Ballinhassig East,2013,Apr,65,0.033,1.2,15,204,0.6,0.019,7.2,7.8,82,7,100,Excellent,64.1129697,Good,28.65454545,Poor,94.28882479,Excellent,96.4212895,Excellent,1,2,5,1,1
455,Ballinhassig East,2013,Apr,164,0.033,1.2,14,375,0.2,0.024,7.3,9.2,172,5,100,Excellent,55.13019135,Fair,53,Fair,86.21320379,Good,86.8173785,Good,1,3,3,2,2
457,Ballinhassig East,2013,Apr,82,0.033,1.2,7,205,43.1,0.019,7.1,7.6,96,104,75.14238973,Fair,66.63856493,Good,44.98181818,Moderate,92.33136879,Excellent,91.10917886,Excellent,3,2,4,1,1
458,Ballinhassig East,2013,Apr,54,0.038,1.2,17,217,51.25,0.019,7.7,5.3,80,12,82.89077413,Good,68.15788157,Good,47.61818182,Moderate,94.33532094,Excellent,92.28544931,Excellent,2,2,4,1,1
459,Ballinhassig East,2013,Jul,67,0.033,1.2,18,285,31.65,0.033,6.4,11.3,117,9,88.36629872,Good,41.86465809,Fair,47.47272727,Moderate,93.47279359,Excellent,91.44811859,Excellent,2,3,4,1,1
460,Ballinhassig East,2013,Jul,168,0.033,1.2,14,546,32.15,0.019,7.2,11,250,8,78.84118801,Fair,66.72653913,Good,80.49090909,Good,85.06897479,Good,73.26233096,Fair,3,2,2,2,3
461,Ballinhassig East,2013,Jul,242,0.033,1.2,21,356,13.3,0.015,7.7,11.3,192,9,87.85359544,Good,72.17188249,Good,63.90909091,Fair,79.77586399,Good,79.34919209,Fair,2,2,3,2,3
462,Ballinhassig East,2013,Jul,239,0.133,1.2,29,356,0.7,0.019,7.6,11.8,260,21,82.36989316,Good,62.05837177,Good,59.74545455,Fair,79.74842379,Good,79.09729149,Fair,2,2,3,2,3
463,Ballinhassig East,2013,Jul,140,0.033,1.2,33,356,0.7,0.019,7.7,11.4,156,12,100,Excellent,63.94798663,Good,51.14545455,Fair,87.93383279,Good,87.94418827,Good,1,2,3,2,2
464,Ballinhassig East,2013,Jul,114,0.033,1.2,15,356,39.4,0.015,7.1,11,139,13,86.07706399,Good,74.46657244,Good,61,Fair,89.62742799,Good,85.63198845,Good,2,2,3,2,2
465,Ballinhassig East,2013,Jul,69,0.033,1.2,12,356,46.1,0.019,6.4,10.7,85,14,84.22676053,Good,68.02402526,Good,58.81818182,Fair,93.29621679,Excellent,88.71881187,Good,2,2,3,1,2
466,Ballinhassig East,2013,Jul,75,0.033,1.2,21,356,12.25,0.019,8.4,11.5,54,14,93.7974926,Good,64.78915893,Good,48.6,Moderate,93.37381479,Excellent,92.16421063,Excellent,2,2,4,1,1
468,Ballinhassig East,2013,Jul,68,0.026,1.2,15,356,0.6,0.019,6.1,10.5,86,10,100,Excellent,64.40425434,Good,42.34545455,Moderate,94.05385058,Excellent,93.55823113,Excellent,1,2,4,1,1
469,Ballinhassig East,2013,Jul,160,0.033,1.2,14,356,0.8,0.024,7.1,10.6,166,12,100,Excellent,55.14105698,Fair,51.05454545,Fair,86.54270779,Good,87.50810147,Good,1,3,3,2,2
471,Ballinhassig East,2013,Jul,60,0.033,1.2,17,356,52.45,0.036,7.6,13.3,84,30,79.02335726,Fair,37.80865551,Moderate,61.2,Fair,93.83482819,Excellent,87.76830516,Good,3,4,3,1,2
472,Ballinhassig East,2013,Sep,72,0.033,1.2,18,292,31.6,0.031,6.2,11.2,120,5,88.38150457,Good,45.51189493,Fair,48.47272727,Moderate,93.07372719,Excellent,91.0703978,Excellent,2,3,4,1,1
473,Ballinhassig East,2013,Sep,28,0.033,1.2,14,111,28.85,0.019,6.1,11.5,50,6,89.22386588,Good,66.72634461,Good,26.61818182,Poor,96.88693479,Excellent,97.3409871,Excellent,2,2,5,1,1
475,Ballinhassig East,2013,Oct,250,0.035,1.2,21,585,0.2,0.017,7.4,11.1,222,7,82.21222896,Good,67.52685077,Good,80.58181818,Good,79.22893645,Good,71.18504838,Fair,2,2,2,2,3
476,Ballinhassig East,2013,Oct,144,0.033,1.2,33,407,0.2,0.019,7.7,11.1,145,45,87.38897828,Good,63.53710837,Good,55.96363636,Fair,87.67798079,Good,86.0845038,Good,2,2,3,2,2
477,Ballinhassig East,2013,Oct,104,0.033,1.2,17,311,33.3,0.019,6.9,10.7,147,8,87.86721,Good,66.90545659,Good,53.89090909,Fair,90.44598479,Excellent,88.15712394,Good,2,2,3,1,2
478,Ballinhassig East,2013,Oct,54,0.033,1.2,12,184,52.6,0.019,6.4,11.9,92,8,82.55278025,Good,68.64522366,Good,44.18181818,Moderate,94.33164479,Excellent,92.79642313,Excellent,2,2,4,1,1
479,Ballinhassig East,2013,Oct,81,0.033,1.2,20,306,19.45,0.019,8.5,10.5,81,9,92.08213701,Good,65.43315038,Good,47.16363636,Moderate,92.68827079,Excellent,91.94775383,Excellent,2,2,4,1,1
481,Ballinhassig East,2013,Oct,62,0.033,1.2,16,203,0.2,0.019,6,11.2,81,9,100,Excellent,64.28042236,Good,27.8,Poor,94.53314879,Excellent,96.53165993,Excellent,1,2,5,1,1
482,Ballinhassig East,2013,Oct,172,0.033,1.2,14,370,0.4,0.027,7,10.6,184,8,100,Excellent,49.81152288,Fair,53.23636364,Fair,85.53831039,Good,86.13620308,Good,1,3,3,2,2
484,Ballinhassig East,2013,Oct,66,0.033,1.2,18,230,56.25,0.018,7.4,9.4,88,18,81.66365923,Good,70.43885034,Good,51.69090909,Fair,93.28484859,Excellent,90.53428631,Excellent,2,2,3,1,1
485,Ballinhassig East,2014,Jun,13,0.032,1.2,15,105,46.2,0.013,5.9,10.1,24,8,84.2001071,Good,78.94245851,Good,31.03636364,Moderate,97.88896156,Excellent,97.04542404,Excellent,2,2,4,1,1
486,Ballinhassig East,2014,Jul,234,0.033,1.2,22,587,15,0.018,7.7,10.9,192,8,81.61981834,Good,66.96603352,Good,84.89090909,Good,80.36090259,Good,70.44403283,Fair,2,2,2,2,3
487,Ballinhassig East,2014,Jul,222,0.043,1.2,29,552,0.2,0.019,7.3,11.6,242,42,75.76130259,Fair,63.44338309,Good,75.72727273,Good,81.22952909,Good,73.05073655,Fair,3,2,2,2,3
488,Ballinhassig East,2014,Jul,140,0.033,1.2,33,407,0.3,0.011,7.7,11.7,144,8,94.16726508,Good,78.23959643,Good,55.63636364,Fair,87.99247119,Good,86.84716316,Good,2,2,3,2,2
489,Ballinhassig East,2014,Jul,94,0.033,1.2,18,300,41.6,0.01,7.1,11,125,14,85.45555746,Good,83.5723461,Excellent,55.16363636,Fair,91.17784499,Excellent,88.27570355,Good,2,1,3,1,2
490,Ballinhassig East,2014,Jul,56,0.033,1.2,19,208,46.6,0.019,6.4,11.3,78,15,84.0937772,Good,68.06094608,Good,45,Moderate,94.25480079,Excellent,92.71891807,Excellent,2,2,4,1,1
491,Ballinhassig East,2014,Jul,71,0.033,1.2,20,297,25.7,0.019,8.5,10.8,53,98,78.92958184,Fair,64.97272194,Good,47.70909091,Moderate,93.48993279,Excellent,91.41540472,Excellent,3,2,4,1,1
492,Ballinhassig East,2014,Jul,81,0.26,1.2,21,244,0.6,0.019,6.2,10.7,69,21,94.16409232,Good,60.0888421,Good,33.92727273,Moderate,92.8684016,Excellent,95.12971598,Excellent,2,2,4,1,1
493,Ballinhassig East,2014,Jul,50,0.033,1.2,25,226,0.4,0.019,5.8,10.3,82,9,100,Excellent,64.33596153,Good,29.61818182,Poor,95.36474479,Excellent,96.35209864,Excellent,1,2,5,1,1
494,Ballinhassig East,2014,Jul,182,0.033,1.2,15,412,0.4,0.026,7.1,10.5,180,13,94.16640397,Good,51.52029291,Fair,58.09090909,Fair,84.76597219,Good,84.18662063,Good,2,3,3,2,2
496,Ballinhassig East,2014,Jul,54,0.033,1.2,19,217,49.8,0.025,7.5,12.6,78,57,77.37820182,Fair,56.94437604,Fair,47.2,Moderate,94.34924199,Excellent,91.66178934,Excellent,3,3,4,1,1
497,Ballinhassig East,2014,Aug,83,0.033,1.2,19,315,37.15,0.028,6.3,11.3,130,8,86.72636436,Good,51.28107221,Fair,53.70909091,Fair,92.07687459,Excellent,89.02721125,Good,2,3,3,1,2
498,Ballinhassig East,2014,Aug,18,0.033,1.2,34,111,38.8,0.01,5.9,11.4,35,30,82.01684639,Good,83.40588562,Excellent,31.07272727,Moderate,97.36277299,Excellent,96.58313648,Excellent,2,1,4,1,1
499,Ballinhassig East,2014,Sep,248,0.02,1.2,26,541,0.1,0.014,7.2,13.2,228,11,82.26920317,Good,73.13375591,Good,76.74545455,Good,79.3199834,Good,72.55338194,Fair,2,2,2,2,3
500,Ballinhassig East,2014,Sep,254,0.024,1.2,21,588,0.2,0.022,7.6,11.7,192,17,87.98067344,Good,58.65078439,Fair,81.29090909,Good,79.05346512,Good,71.38751432,Fair,2,3,2,2,3
501,Ballinhassig East,2014,Sep,150,0.033,1.2,33,408,0.2,0.019,7.8,11.6,134,11,94.16712894,Good,63.89784006,Good,56.63636364,Fair,87.25764879,Good,86.41231292,Good,2,2,3,2,2
502,Ballinhassig East,2014,Sep,116,0.033,1.2,17,326,33.8,0.019,7.3,11.2,134,21,84.00400811,Good,66.72685699,Good,56.67272727,Fair,89.55679679,Good,87.01444181,Good,2,2,3,2,2
503,Ballinhassig East,2014,Sep,82,0.033,1.2,20,299,18.3,0.033,8.3,11,55,37,86.05197748,Good,40.07187094,Fair,46.12727273,Moderate,92.74145959,Excellent,92.30237171,Excellent,2,3,4,1,1
505,Ballinhassig East,2014,Sep,55,0.23,1.2,24,213,0.2,0.019,6,11.6,76,10,100,Excellent,60.7531866,Good,28.8,Poor,94.8601047,Excellent,96.44258152,Excellent,1,2,5,1,1
506,Ballinhassig East,2014,Sep,204,0.033,1.2,14,400,0.2,0.029,7.1,10.9,170,45,87.38568119,Good,45.78968954,Fair,58.83636364,Fair,83.11112679,Good,82.93130268,Good,2,3,3,2,2
508,Ballinhassig East,2014,Sep,64,0.022,1.2,18,211,51.2,0.04,7.7,9.8,75,200,68.4867408,Fair,28.85035199,Moderate,48.05454545,Moderate,93.57905266,Excellent,89.58915569,Good,3,4,4,1,2
509,Ballinhassig East,2014,Nov,71,0.033,1.2,17,286,27.75,0.03,6.1,11.3,103,5,89.56327882,Good,46.99252973,Fair,46.30909091,Moderate,93.29664699,Excellent,91.99825264,Excellent,2,3,4,1,1
510,Ballinhassig East,2014,Nov,22,0.033,1.2,15,105,32.75,0.013,6,11.1,36,5,88.03296615,Good,77.79940671,Good,27,Poor,97.34429359,Excellent,97.48270044,Excellent,2,2,5,1,1
512,Ballinhassig East,2014,Dec,242,0.13,1.2,25,551,0.6,0.01,7.2,10.9,228,7,82.27220942,Good,78.39955104,Good,77.2,Good,79.7048459,Good,72.82004337,Fair,2,2,2,2,3
513,Ballinhassig East,2014,Dec,146,0.033,1.2,32,403,0.6,0.019,7.8,10.5,134,45,87.40212636,Good,63.55367881,Good,55.87272727,Fair,87.57354079,Good,86.33405422,Good,2,2,3,2,2
514,Ballinhassig East,2014,Dec,73,0.033,1.2,19,265,42.8,0.019,6.8,10.5,95,45,79.79635646,Fair,67.325055,Good,50.49090909,Moderate,92.91412879,Excellent,90.34438841,Excellent,3,2,4,1,1
515,Ballinhassig East,2014,Dec,38,0.033,1.2,17,194,48,0.019,6.6,10.8,70,45,78.70178575,Fair,67.81065993,Good,42.49090909,Moderate,95.68759279,Excellent,93.50694177,Excellent,3,2,4,1,1
516,Ballinhassig East,2014,Dec,76,0.033,1.2,20,307,13.95,0.018,8.3,10.1,71,45,86.29364293,Good,66.39125774,Good,44.72727273,Moderate,93.20813659,Excellent,92.49985095,Excellent,2,2,4,1,1
518,Ballinhassig East,2014,Dec,36,0.033,1.2,26,230,1.1,0.019,6,10.1,87,45,92.4891859,Good,63.95690485,Good,29.12727273,Poor,96.40880079,Excellent,96.30611589,Excellent,2,2,5,1,1
519,Ballinhassig East,2014,Dec,186,0.033,1.2,14,400,0.5,0.018,7.2,9.9,168,45,92.4891859,Good,65.43567446,Good,57.34545455,Fair,84.51554259,Good,84.13937515,Good,2,2,3,2,2
520,Ballinhassig East,2014,Dec,46,2,1.2,30,276,1,0.019,5.9,9.2,78,21,84.42002701,Good,29.12056079,Moderate,34.50909091,Moderate,94.0991258,Excellent,95.3794262,Excellent,2,4,4,1,1
522,Ballinhassig East,2015,Apr,67,0.033,1.2,18,271,32.75,0.027,6.2,11.2,102,45,82.02826663,Good,52.30650676,Fair,46.52727273,Moderate,93.52290439,Excellent,91.52659133,Excellent,2,3,4,1,1
523,Ballinhassig East,2015,Apr,16,0.033,1.2,16,109,39.65,0.019,5.9,8.6,24,45,80.48058141,Good,67.24793501,Good,29.38181818,Poor,97.74573479,Excellent,97.06889165,Excellent,2,2,5,1,1
524,Ballinhassig East,2015,Apr,71,0.033,1.2,18,264,53.35,0.013,7,10.3,105,45,77.62317422,Fair,78.88930109,Good,54.03636364,Fair,92.87166559,Excellent,89.08622704,Good,3,2,3,1,2
525,Ballinhassig East,2015,Apr,44,0.033,1.2,13,200,50.7,0.019,6.5,9.7,75,45,78.15133983,Fair,68.05710799,Good,44.16363636,Moderate,95.20128879,Excellent,92.97035378,Excellent,3,2,4,1,1
528,Ballinhassig East,2015,Apr,44,0.033,1.2,32,256,1.65,0.01,6,9,100,9,100,Excellent,80.4688591,Excellent,32.96363636,Moderate,95.65811899,Excellent,95.60604618,Excellent,1,1,4,1,1
529,Ballinhassig East,2015,Apr,196,0.033,1.2,14,407,1.65,0.023,7.2,10,193,45,87.38897828,Good,56.60302918,Fair,59.30909091,Fair,83.61124359,Good,82.47003587,Good,2,3,3,2,2
531,Ballinhassig East,2015,Apr,50,0.033,1.2,18,209,57.05,0.019,7.4,12.2,75,45,76.90576969,Fair,68.42196085,Good,48.61818182,Moderate,94.57283479,Excellent,91.52696392,Excellent,3,2,4,1,1
532,Ballinhassig East,2015,May,226,0.033,1.2,26,510,25.6,0.022,7.6,9.9,257,20,74.66528967,Fair,60.6027602,Good,81.34545455,Good,80.49542739,Good,69.85361911,Fair,3,2,2,2,3
534,Ballinhassig East,2015,May,150,0.033,1.2,32,393,3.3,0.012,7.9,10,155,45,92.4891859,Good,76.25688777,Good,56.34545455,Fair,87.12926139,Good,85.56689998,Good,2,2,3,2,2
535,Ballinhassig East,2015,May,60,0.033,1.2,8,172,47.9,0.032,6.7,9.5,64,109,73.98918952,Fair,43.86249722,Fair,41.67272727,Moderate,94.09835339,Excellent,92.79371746,Excellent,3,3,4,1,1
536,Ballinhassig East,2015,Jun,66,0.033,1.2,17,270,32.75,0.037,6.2,11.3,107,45,82.02826663,Good,34.4546819,Moderate,46.25454545,Moderate,93.58905039,Excellent,91.54009258,Excellent,2,4,4,1,1
537,Ballinhassig East,2015,Jun,18,0.028,1.2,16,111,32.85,0.024,6,10,29,45,82.00542866,Good,57.81615104,Fair,27.30909091,Poor,97.67664764,Excellent,97.31424279,Excellent,2,3,5,1,1
538,Ballinhassig East,2015,Jun,82,0.033,1.2,17,314,52.15,0.016,8.1,11.1,122,45,77.86085736,Fair,73.22070804,Good,59.45454545,Fair,91.96078419,Excellent,86.75313714,Good,3,2,3,1,2
539,Ballinhassig East,2015,Jun,85,0.033,1.2,20,314,20.55,0.018,8.1,11.3,76,45,84.84428774,Good,66.98410034,Good,48.50909091,Moderate,92.38539259,Excellent,91.14318592,Excellent,2,2,4,1,1
541,Ballinhassig East,2015,Jun,46,0.033,1.2,29,236,5,0.019,6.1,9.9,102,45,92.4891859,Good,64.26488472,Good,32.30909091,Moderate,95.47215679,Excellent,95.33548858,Excellent,2,2,4,1,1
542,Ballinhassig East,2015,Jun,201,0.033,1.2,14,399,3.35,0.023,7.2,10.4,209,6,88.33361146,Good,57.17944705,Fair,59.65454545,Fair,83.12660759,Good,82.37780351,Good,2,3,3,2,2
544,Ballinhassig East,2015,Jun,52,0.04,1.2,20,310,51.85,0.033,7.4,14.2,83,19,82.73993691,Good,43.15030425,Fair,56.27272727,Fair,94.4352518,Excellent,89.5448399,Good,2,3,3,1,2
546,Ballinhassig East,2015,Jul,258,0.033,1.2,22,568,19.4,0.039,7.8,10.7,205,45,68.72263121,Fair,29.41502993,Moderate,86.98181818,Good,78.36650479,Good,66.98913782,Fair,3,4,2,2,3
547,Ballinhassig East,2015,Jul,162,0.022,1.2,32,389,2.75,0.017,7.8,10.7,153,45,92.4891859,Good,67.49838612,Good,56.83636364,Fair,86.22188806,Good,85.05790975,Good,2,2,3,2,2
548,Ballinhassig East,2015,Sep,66,0.033,1.2,17,276,31.65,0.039,6.6,11.3,100,45,82.28012057,Good,30.71688522,Moderate,46.54545455,Moderate,93.63236279,Excellent,91.59575262,Excellent,2,4,4,1,1
549,Ballinhassig East,2015,Sep,18,0.02,1.2,15,107,31.05,0.015,6.5,11.1,27,45,82.41795302,Good,73.77866979,Good,26.38181818,Poor,97.7259236,Excellent,97.4596103,Excellent,2,2,5,1,1
550,Ballinhassig East,2015,Oct,214,0.036,1.2,27,531,3.35,0.029,7.3,11.8,245,7,82.33133174,Good,46.37477511,Fair,74.05454545,Good,81.81607088,Good,74.71756679,Fair,2,3,2,2,3
551,Ballinhassig East,2015,Oct,251,0.035,1.2,22,584,2.8,0.025,7.6,11,215,45,75.54247856,Fair,53.00472582,Fair,81.69090909,Good,79.12763005,Good,69.93868485,Fair,3,3,2,2,3
552,Ballinhassig East,2015,Oct,153,0.033,1.2,34,416,2.2,0.012,7.8,10.8,156,45,87.35916078,Good,76.18102149,Good,58.45454545,Fair,86.88802139,Good,84.68614572,Good,2,2,3,2,2
553,Ballinhassig East,2015,Oct,64,0.033,1.2,18,253,41.1,0.017,6.9,10.9,96,45,80.16371542,Good,70.73381134,Good,47.90909091,Moderate,93.64632039,Excellent,91.25063828,Excellent,2,2,4,1,1
555,Ballinhassig East,2015,Oct,94,0.033,1.2,21,324,7.8,0.026,8.2,10.7,82,45,92.4891859,Good,51.60499971,Fair,45.72727273,Moderate,91.84542419,Excellent,91.70096831,Excellent,2,3,4,1,1
557,Ballinhassig East,2015,Oct,49,0.033,1.2,26,233,4.45,0.013,6,11,86,45,92.4891859,Good,74.94882108,Good,31.8,Moderate,95.34991759,Excellent,95.58747964,Excellent,2,2,4,1,1
559,Ballinhassig East,2015,Oct,213,0.033,1.2,14,423,5.55,0.036,7.2,11.5,189,45,81.75956775,Good,33.72296702,Moderate,63.72727273,Fair,82.24398819,Good,80.16024489,Good,2,4,3,2,2
561,Ballinhassig East,2016,Mar,70,0.033,1.2,16.5,272,31,0.039,6.2,11.2,92,45,82.42945252,Good,30.73774508,Moderate,46.11818182,Moderate,93.37511079,Excellent,91.77166185,Excellent,2,4,4,1,1
562,Ballinhassig East,2016,Mar,12,0.033,1.2,15.5,101,34.1,0.015,6.3,8.4,20.6,45,81.72083818,Good,73.8454052,Good,26.37272727,Poor,98.15980599,Excellent,97.62557788,Excellent,2,2,5,1,1
563,Ballinhassig East,2016,Apr,256,0.033,1.2,21,589,13.35,0.055,7.7,10.5,186,45,69.31763539,Fair,0.362201112,Poor,86.38181818,Good,78.70882199,Good,68.20465632,Fair,3,5,2,2,3
564,Ballinhassig East,2016,Apr,224,0.033,1.2,25.2,524,19.5,0.032,7.5,8,221,9,75.60557268,Fair,42.38251985,Fair,80.10909091,Good,80.91055339,Good,72.19703179,Fair,3,3,2,2,3
565,Ballinhassig East,2016,Apr,154,0.061,1.2,30.9,416,3.3,0.022,7.7,10.4,146,45,87.35916078,Good,57.94293409,Fair,58.62727273,Fair,86.84807423,Good,84.87795009,Good,2,3,3,2,2
566,Ballinhassig East,2016,Apr,82,0.033,1.2,13.9,275,44.5,0.018,6.8,9.8,93,45,79.43361214,Fair,69.25339958,Good,52.37272727,Fair,92.25108059,Excellent,89.70142046,Good,3,2,3,1,2
567,Ballinhassig East,2016,Apr,37,0.033,1.2,15.2,172,52.5,0.019,5.6,8.5,54.8,45,77.791279,Fair,68.38298155,Good,41.50909091,Moderate,95.79045679,Excellent,94.02222928,Excellent,3,2,4,1,1
568,Ballinhassig East,2016,Apr,99,0.033,1.2,20.2,337,2.2,0.043,8,10.2,91.4,45,92.4891859,Good,20.82034105,Moderate,45.18181818,Moderate,91.51224559,Excellent,91.65402568,Excellent,2,4,4,1,1
570,Ballinhassig East,2016,Apr,51,0.033,1.2,22.5,231,5.05,0.019,6.1,9,78.7,45,92.4891859,Good,64.27203573,Good,31.73636364,Moderate,95.25298879,Excellent,95.73020594,Excellent,2,2,4,1,1
571,Ballinhassig East,2016,Apr,204,0.033,1.2,13.9,431,7.2,0.03,7.3,10,185,45,81.78358845,Good,44.55672763,Fair,64.26363636,Fair,82.93660299,Good,80.42790547,Good,2,3,3,2,2
572,Ballinhassig East,2016,Apr,130,2,1.2,23.9,309,5.05,0.02,6.4,7.7,66,953,53.47660267,Moderate,17.1775781,Poor,46.24545455,Moderate,87.613564,Good,76.78822502,Fair,4,5,4,2,3
