WaterbodyName,Date,Alkalinity-total (as CaCO3),Ammonia-Total (as N),BOD - 5 days (Total),Chloride,Conductivity @25?řC,Dissolved Oxygen,ortho-Phosphate (as P) - unspecified,pH,Temperature,Total Hardness (as CaCO3),True Colour,CCME_Values
LEE (CORK)_3066,12/3/2015,214,0.07,1.2,25,498,91,0.026,7.9,4.3,228,70,52.46098089
LEE (CORK)_3067,12/4/2015,244,0.04,1.1,26,541,98,0.013,8,13.3,268,46,52.36172568
LEE (CORK)_3068,12/5/2015,242,0.033,1.2,28,557,98,0.014,8.1,13,260,34,52.82454067
LEE (CORK)_3069,12/6/2015,186,0.06,1.2,24,439,95,0.039,7.9,4.2,200,78,59.35604626
LEE (CORK)_3070,12/7/2015,79,0.033,1.5,16,233,96,0.023,7.6,6.1,99,99,60.98379703
LEE (CORK)_3071,12/8/2015,210,0.033,1.2,21,473,96,0.038,7.9,7.2,218,63,52.35426314
LEE (CORK)_3072,12/9/2015,188,0.033,1.5,21,464,89,0.024,7.9,9.2,244,76,56.45212387
LEE (CORK)_3073,12/10/2015,118,0.03,1.2,20,320,99,0.02,7.9,13.1,152,112,60.09281637
LEE (CORK)_3074,12/11/2015,176,0.08,1.5,25,445,91,0.019,8,14,198,52,61.03424453
LEE (CORK)_3075,12/12/2015,214,0.033,1.2,26,506,98,0.022,8,18,226,41,52.89216797
LEE (CORK)_3076,12/13/2015,176,0.033,1.2,26,456,91,0.032,7.7,6,210,60,57.08304551
LEE (CORK)_3077,12/14/2015,194,0.033,1.2,26,476,97,0.036,8.1,7.4,208,67,56.12210972
LEE (CORK)_3078,12/15/2015,118,0.033,1.2,22,311,97,0.027,7.7,8.5,134,111,60.34758788
LEE (CORK)_3079,12/16/2015,238,0.033,1.2,25,532,104,0.019,8,10.6,244,43,52.04622868
LEE (CORK)_3080,12/17/2015,176,0.033,1.2,23,444,103,0.019,8.2,11,202,53,56.17112942
LEE (CORK)_3081,12/18/2015,190,0.05,1.2,26,481,80,0.019,8,15.2,224,54,58.48770054
LEE (CORK)_3082,12/19/2015,204,0.033,1.2,18,461,84,0.019,7.6,15.8,222,101,52.08824612
LEE (CORK)_3083,12/20/2015,206,0.033,1.1,21,489,85,0.012,7.7,17.4,234,112,51.50456962
LEE (CORK)_3084,12/21/2015,214,0.033,1.2,19,486,92,0.019,7.9,12.4,242,77,52.07910092
LEE (CORK)_3085,12/22/2015,224,0.033,1.2,19,513,92,0.018,7.8,11.4,248,71,52.19109036
LEE (CORK)_3086,12/23/2015,180,0.033,1.2,18,425,90,0.012,7.7,7.4,198,96,59.14433574
LEE (CORK)_3087,12/24/2015,164,0.033,1.2,21,390,95,0.013,7.8,6.9,188,83,61.84021586
LEE (CORK)_3088,12/25/2015,216,0.033,1.2,27,483,92,0.019,7.7,8.1,218,65,52.61403324
LEE (CORK)_3089,12/26/2015,216,0.033,1.2,28,515,96,0.019,8,6.3,224,46,52.87474808
LEE (CORK)_3090,12/27/2015,148,0.033,1.2,24,372,96,0.019,7.8,10,176,93,61.2558904
LEE (CORK)_3091,12/28/2015,186,0.033,1.2,21,448,94,0.019,7.9,11.1,206,72,56.29029377
LEE (CORK)_3092,12/29/2015,256,0.1,1,30,579,85,0.019,7.9,18.1,268,39,53.78802869
LEE (CORK)_3093,12/30/2015,210,0.04,1.2,25,486,93,0.019,8,20.1,218,51,53.07535649
LEE (CORK)_3094,12/31/2015,134,0.033,1.2,31,389,91,0.019,7.9,17.4,186,77,62.62446658
LEE (CORK)_3095,1/1/2016,78,0.033,1.2,27,260,87,0.019,7.8,12,94,115,61.2788058
LEE (CORK)_3096,1/2/2016,198,0.04,1.2,29,466,95,0.013,7.9,11.4,208,31,57.91962807
LEE (CORK)_3097,1/3/2016,216,0.029,1.2,25,502,90,0.019,7.5,7.3,232,62,52.83032499
LEE (CORK)_3098,1/4/2016,196,0.033,1.2,28,502,94,0.011,8,9.4,236,47,57.10919494
LEE (CORK)_3099,1/5/2016,146,0.023,1.2,32,420,84,0.027,7.6,5.2,182,59,61.62924029
LEE (CORK)_3100,1/6/2016,142,0.033,1.2,32,414,98,0.019,7.9,6.3,172,68,59.52364905
LEE (CORK)_3101,1/7/2016,148,0.033,1.2,28,397,97,0.019,7.9,6.5,186,62,62.62446658
LEE (CORK)_3102,1/8/2016,178,0.033,1.2,16,433,97,0.019,7.9,10,208,61,56.45838443
LEE (CORK)_3103,1/9/2016,144,0.038,1.2,26,379,94,0.019,8.1,11.6,160,96,61.34777716
LEE (CORK)_3104,1/10/2016,232,0.05,1.1,26,543,96,0.019,8,14.6,254,37,52.99127435
LEE (CORK)_3105,1/11/2016,234,0.022,1.2,30,551,96,0.019,7.9,17.8,248,42,52.7975776
LEE (CORK)_3106,1/12/2016,166,0.022,1.2,32,493,108,0.019,8.1,18.2,204,36,56.24703331
LEE (CORK)_3107,1/13/2016,130,0.033,1.2,24,353,92,0.019,7.9,15.1,160,129,60.11386322
LEE (CORK)_3108,1/14/2016,190,0.035,1.2,47,557,89,0.015,8,15.8,230,44,57.702851
LEE (CORK)_3109,1/15/2016,140,0.033,1.2,28,418,90,0.019,8,11.2,172,52,61.22676182
LEE (CORK)_3110,1/16/2016,192,0.033,1,22,491,83,0.012,7.8,7.5,206,83,56.89480737
LEE (CORK)_3111,1/17/2016,150,0.033,1.2,23,409,86,0.011,7.7,6.6,174,99,59.48997225
LEE (CORK)_3112,1/18/2016,170,0.033,1.2,34,483,86,0.014,7.7,4.3,220,58,57.62147252
LEE (CORK)_3113,1/19/2016,168,0.033,1.2,35,480,95,0.01,7.8,5.5,204,57,56.75570086
LEE (CORK)_3114,1/20/2016,128,0.033,1.1,33,394,93,0.019,7.8,7.9,169,69,62.77627723
LEE (CORK)_3115,1/21/2016,126,0.033,1.2,30,369,93,0.019,7.9,8.8,154,57,63.39929754
LEE (CORK)_3116,1/22/2016,195,0.037,1.2,35,509,94,0.01,8,13.7,227,48,57.08957863
LEE (CORK)_3117,1/23/2016,219,0.044,1.2,36,555,95,0.012,8.1,17.7,244,34,53.27474186
LEE (CORK)_3118,1/24/2016,115,0.033,1.2,22,311,89,0.013,7.7,14,140,140,59.96722875
LEE (CORK)_3119,1/25/2016,201,0.033,1.2,27,506,96,0.011,8,14.9,233,63,52.27058325
LEE (CORK)_3120,1/26/2016,187,0.033,1.2,25,474,83,0.015,7.9,13.1,225,72,57.32887242
LEE (CORK)_3121,1/27/2016,149,0.033,1.2,23,381,98,0.019,7.8,11,170,90,61.16460175
LEE (CORK)_3122,1/28/2016,163,0.033,1.2,23,425,99,0.013,7.5,7.9,193,88,58.52346026
LEE (CORK)_3123,1/29/2016,186,0.034,1.2,20.9,430,39.3,0.017,7.7,6.3,196,73,67.48597038
LEE (CORK)_3124,1/30/2016,112,0.033,1.2,28.7,330,55.35,0.012,7.8,6,133,62,68.95474368
LEE (CORK)_3125,1/31/2016,147,0.033,1.2,25.1,386,48.25,0.014,7.7,6.6,172,55,70.84095647
LEE (CORK)_3126,2/1/2016,192,0.021,1.2,22.4,468,51.95,0.011,7.9,7.8,220,61,61.82352493
LEE (CORK)_3127,2/2/2016,232,0.083,1.5,25.8,524,45.05,0.019,8,16.1,248,38,58.83383447
LEE (CORK)_3128,2/3/2016,177,0.037,1.2,28.5,475,57.3,0.019,7.9,16.5,201,51,61.72091313
LEE (CORK)_3129,2/4/2016,166,0.023,1.2,26.2,440,48.35,0.011,7.9,16,194,64,66.5277866
LEE (CORK)_3130,2/5/2016,189,0.033,1.2,21.8,462,49.1,0.013,8,16.3,216,95,60.39441469
LEE (CORK)_3131,2/6/2016,218,0.033,1.2,22.1,504,46.25,0.034,7.9,14.7,240,68,57.33048868
LEE (CORK)_3132,2/7/2016,196,0.033,1.2,21.2,480,52.8,0.019,7.9,10.2,225,74,60.92671696
LEE (CORK)_3133,2/8/2016,194,0.027,1.5,21.7,484,51.15,0.016,7.9,7.1,228,86,60.47776305
LEE (CORK)_3134,2/9/2016,249,0.024,1.2,23.9,550,52.9,0.019,7.9,7.2,264,64,56.34363622
LEE (CORK)_3135,2/10/2016,228,0.033,1.2,24.8,536,50.4,0.014,7.9,7.9,260,56,57.18427066
LEE (CORK)_3136,2/11/2016,205,0.033,1.2,25.1,483,53.25,0.01,7.9,5.3,221,66,56.78191152
LEE (CORK)_3137,2/12/2016,168,0.033,1,21,402,49.7,0.012,7.8,7.9,181,77,65.58341138
LEE (CORK)_3138,2/13/2016,232,0.033,1.2,24.1,541,52.85,0.019,8,11.2,258,50,57.15610334
LEE (CORK)_3139,2/14/2016,197,0.076,2,38,550,51.75,0.019,8.1,15.5,229,42,62.65361643
LEE (CORK)_3140,2/15/2016,209,0.033,1.2,24.5,486,56.4,0.019,8.2,18.5,232,47,57.24315252
LEE (CORK)_3141,2/16/2016,131,0.021,1.2,21.8,339,53.25,0.019,8.1,16.6,144,75,68.3976449
LEE (CORK)_3142,2/17/2016,130,0.033,1.7,16.1,313,45.05,0.014,7.6,15.8,150,157,64.48978379
LEE (CORK)_3143,2/18/2016,207,0.033,1.2,18.2,457,44.3,0.013,7.8,12.6,228,111,55.73519855
LEE (CORK)_3144,2/19/2016,255,0.033,1.2,17,560,45,0.015,7.7,11.1,298,84,56.12010782
LEE (CORK)_3145,2/20/2016,212,0.021,1.2,19.9,503,49.55,0.014,7.9,9.3,254,71,56.74576985
LEE (CORK)_3146,2/21/2016,142,0.033,1.2,21.7,371,51.85,0.02,7.8,5.3,173,83,68.08127821
LEE (CORK)_3147,2/22/2016,134,0.033,1.2,28.5,387,49.6,0.019,7.8,4.9,156,73,69.20226908
LEE (CORK)_3148,2/23/2016,188,0.033,1.2,23.4,452,48.4,0.01,7.8,5.1,215,58,62.57671097
LEE (CORK)_3149,2/24/2016,148,0.021,1.2,24.1,409,50.05,0.011,7.9,8.4,183,57,66.8157376
LEE (CORK)_3150,2/25/2016,224,0.033,1.2,22.8,499,52.25,0.019,8.1,11.7,243,49,57.49608475
LEE (CORK)_3151,2/26/2016,207,0.028,1.1,25.4,493,55.8,0.019,8.1,14.1,238,48,57.2308746
LEE (CORK)_3152,2/27/2016,215,0.033,1.4,30.1,519,49.45,0.019,8.2,21.2,234,32,58.7490888
LEE (CORK)_3153,2/28/2016,197,0.033,1.7,40.1,547,41.5,0.019,8.1,19.6,234,31,64.82348181
LEE (CORK)_3154,2/29/2016,164,0.033,1.2,24.6,436,55.2,0.019,8,14.2,191,58,65.81141797
LEE (CORK)_3155,3/1/2016,154,0.033,1.2,23.5,404,50.2,0.019,7.9,13.6,179,73,65.75339063
LEE (CORK)_3156,3/2/2016,202,0.033,1.2,23.6,498,46,0.011,7.9,11.6,237,66,57.56930593
LEE (CORK)_3157,3/3/2016,192,0.033,1.2,23.2,487,43.45,0.019,7.9,8.2,234,65,62.67687289
LEE (CORK)_3158,3/4/2016,179,0.033,1.2,21.7,451,46.2,0.01,7.7,5.8,213,86,61.31758823
LEE (CORK)_3159,3/5/2016,191,0.033,1.2,22,439,49.85,0.012,7.8,7.9,203,68,61.90253164
LEE (CORK)_3160,3/6/2016,182,0.025,1.2,23.1,463,49.8,0.019,8,12.1,210,55,62.5448478
LEE (CORK)_3161,3/7/2016,197,0.022,1.1,21.1,457,48.5,0.01,8,14.6,213,62,62.32855211
LEE (CORK)_3162,3/8/2016,175,0.026,1.5,17.6,433,40.75,0.016,7.7,14.5,203,119,60.37462053
LEE (CORK)_3163,3/9/2016,154,0.033,1.2,17.4,380,51.55,0.01,7.8,7.1,183,99,67.0468223
LEE (CORK)_3164,3/10/2016,143,0.033,1.2,26.6,384,48.95,0.01,7.9,5.6,175,63,70.07813217
LEE (CORK)_3165,3/11/2016,185,0.033,1.3,34.4,504,63.345,0.019,8.3,16.2,213,27,62.07338311
LEE (CORK)_3166,3/12/2016,193,0.033,1.2,21,459,48.9,0.014,7.8,15.9,222,92,60.55613092
LEE (CORK)_3167,3/13/2016,191,0.033,1.2,20.7,439,46.05,0.011,7.8,11.3,214,77,61.86864086
LEE (CORK)_3168,3/14/2016,195,0.023,1.2,18.2,449,52.2,0.014,7.8,7.5,212,58,62.05702835
LEE (CORK)_3169,3/15/2016,224,0.031,1.2,22.1,517,54.15,0.022,8.1,12.8,238,37,57.83766489
LEE (CORK)_3170,3/16/2016,204,0.033,1.2,24.4,506,26.4,0.011,8.1,16,225,39,61.47904038
LEE (CORK)_3171,3/17/2016,193,0.04,1.1,23.5,478,50.5,0.014,8,16.8,214,42,63.13539564
LEE (CORK)_3172,3/18/2016,197,0.033,1.2,16.4,465,50,0.013,7.8,10.9,227,84,60.79438275
LEE (CORK)_3173,3/19/2016,139,0.033,1.2,26.9,375,53.9,0.012,7.9,6.8,164,58,69.51826995
LEE (CORK)_3174,3/20/2016,210,0.034,1,31.3,521,53.2,0.019,8,13.1,230,36,58.10829646
LEE (CORK)_3175,3/21/2016,202,0.028,1.2,32.5,509,51.5,0.019,8,17.4,218,38,58.35427323
LEE (CORK)_3176,3/22/2016,141,0.032,1.2,27.3,388,50.5,0.028,8.1,15.8,162,33,72.18040145
LEE (CORK)_3177,3/23/2016,180,0.033,1.2,22.8,456,44.3,0.014,7.8,10.4,216,83,61.71810792
LEE (CORK)_3178,3/24/2016,175,0.032,1.8,26.1,464,48.3,0.013,7.9,10.9,220,56,62.6434475
LEE (CORK)_3179,3/25/2016,412,0.035,1.2,18,753,54.9,0.016,7.1,12,384,6,60.81862735
LEE (CORK)_3180,3/26/2016,368,0.033,1.2,20,702,27,0.019,7,10.5,356,45,59.08234049
LEE (CORK)_3181,3/27/2016,340,0.066,1.2,18,697,54.9,0.019,7.2,11.4,352,13,61.54203826
LEE (CORK)_3182,3/28/2016,368,0.11,1.2,17,705,12,0.019,6.9,11.3,360,9,67.65146761
LEE (CORK)_3183,3/29/2016,308,0.033,1.2,25,645,40,0.019,7.4,14.2,320,17,64.24273036
LEE (CORK)_3184,3/30/2016,356,0.033,1.2,20,759,63,0.022,7.1,11.3,380,6,60.04889062
LEE (CORK)_3185,3/31/2016,330,0.033,1.2,20,696,21,0.016,7.1,10.7,360,7,66.5969812
LEE (CORK)_3186,4/1/2016,333,0.027,1.2,19,639,14,0.019,7.5,12,320,28,62.09829327
LEE (CORK)_3187,4/2/2016,364,0.291,1.2,19,730,12,0.019,7.1,11.8,364,6,67.58204144
LEE (CORK)_3188,4/3/2016,340,0.033,1.2,24,724,47,0.017,7.4,13.4,352,16,62.58830632
LEE (CORK)_3189,4/4/2016,340,0.036,1.2,14,658,98,0.027,7.2,11.4,352,61,50.98435367
LEE (CORK)_3190,4/5/2016,324,0.033,1.2,15,645,68,0.017,6.9,10.7,324,5,60.15295549
LEE (CORK)_3191,4/6/2016,296,0.033,1.2,16,653,62,0.023,7,10.8,320,12,61.10352719
LEE (CORK)_3192,4/7/2016,356,0.033,1.2,24,688,60,0.019,6.9,10.8,328,15,60.91046862
LEE (CORK)_3193,4/8/2016,352,0.033,1.2,17,673,73,0.019,7.2,7.5,356,24,54.7137841
LEE (CORK)_3194,4/9/2016,262,0.033,1.2,18,527,38.5,0.019,7.2,9.4,266,28,59.94170943
LEE (CORK)_3195,4/10/2016,284,0.038,1.2,18,573,34.5,0.017,7.1,9.9,308,16,65.51973614
LEE (CORK)_3196,4/11/2016,340,0.033,1.2,17,654,44.5,0.019,7.5,9.3,284,13,63.56286228
LEE (CORK)_3197,4/12/2016,316,0.033,1.2,17,634,28.5,0.019,7.2,8.9,348,45,59.37436356
LEE (CORK)_3198,4/13/2016,343,0.033,1.2,19,645,38.5,0.019,7.2,8.2,304,20,64.35488297
LEE (CORK)_3199,4/14/2016,127,0.028,1.2,19,684,73,0.017,7.2,12.1,368,16,63.62574619
LEE (CORK)_3200,4/15/2016,316,0.033,1.2,19,690,23.5,0.016,7.1,10.4,308,12,66.63571159
LEE (CORK)_3201,4/16/2016,354,0.033,1.2,17,692,21,0.015,7.3,11.1,360,22,61.11566441
LEE (CORK)_3202,4/17/2016,364,0.037,1.2,21,671,21,0.019,7,10.9,328,12,66.65951426
LEE (CORK)_3203,4/18/2016,313,0.033,1.2,19,665,70,0.019,7.3,11.6,356,22,55.32389128
LEE (CORK)_3204,4/19/2016,340,0.033,1.2,17,737,27.5,0.024,7.2,11.3,376,40,59.22694662
LEE (CORK)_3205,4/20/2016,324,0.033,1.2,14,660,35.5,0.015,7.1,10.7,288,45,58.673446
LEE (CORK)_3206,4/21/2016,268,0.033,1.2,14,660,35,0.019,7.1,11.3,300,25,59.998682
LEE (CORK)_3207,4/22/2016,372,0.033,1.2,19,701,8.5,0.019,7.1,10.8,316,13,68.33416205
LEE (CORK)_3208,4/23/2016,368,0.033,1.2,15,712,33,0.019,7.3,11.5,360,32,58.93286355
LEE (CORK)_3209,4/24/2016,372,0.033,1.2,16,772,33.9,0.024,7.2,10.4,388,29,58.65295225
LEE (CORK)_3210,4/25/2016,380,0.033,1.2,16,657,30,0.019,7.1,10.7,337,15,65.18681568
LEE (CORK)_3211,4/26/2016,374,0.033,1.2,16,696,28.9,0.02,7,10.7,367,20,65.0890621
LEE (CORK)_3212,4/27/2016,316,0.033,1.2,15,679,17.25,0.019,7.1,10.2,352,24,61.73828769
LEE (CORK)_3213,4/28/2016,380,0.033,1.2,13,815,30,0.019,7.2,10.1,344,13,64.66193491
LEE (CORK)_3214,4/29/2016,388,0.047,1.2,17,713,45.05,0.019,7.2,10,287,7,63.00434393
LEE (CORK)_3215,4/30/2016,328,0.033,1.2,18,653,25.6,0.015,7.1,9.9,328,12,66.23989051
LEE (CORK)_3216,5/1/2016,352,0.033,1.2,18,699,29.45,0.018,7.1,10.2,358,22,60.03622011
LEE (CORK)_3217,5/2/2016,280,0.033,1.2,16,675,24.5,0.019,7,9.7,307,22,61.35552029
LEE (CORK)_3218,5/3/2016,356,0.033,1.2,17,644,36.25,0.016,7.1,8.7,364,35,58.57745663
LEE (CORK)_3219,5/4/2016,389,0.033,1.2,18,722,42.75,0.015,7.3,11.2,340,8,62.99846621
LEE (CORK)_3220,5/5/2016,302,0.058,1.2,17,666,6.65,0.019,7.3,10.5,237,11,74.77161468
LEE (CORK)_3221,5/6/2016,348,0.033,1.2,20,660,36.6,0.019,7.3,11.3,353,25,59.10298273
LEE (CORK)_3222,5/7/2016,352,0.033,1.2,21,752,17.8,0.021,7.1,10.5,344,7,66.86961862
LEE (CORK)_3223,5/8/2016,344,0.033,1.2,18,723,18.3,0.023,7.2,11.5,324,23,61.55262745
LEE (CORK)_3224,5/9/2016,340,0.034,1.2,15,766,39.9,0.016,7.1,11.7,388,28,58.11840771
LEE (CORK)_3225,5/10/2016,322,0.033,1.2,18,732,19.45,0.018,7.2,10.6,364,5,66.74410732
LEE (CORK)_3226,5/11/2016,364,0.033,1.2,17,695,21.6,0.02,7.3,11.2,392,20,66.1129486
LEE (CORK)_3227,5/12/2016,348,0.028,1.2,15,697,12.75,0.019,7,11.1,356,13,67.70250102
LEE (CORK)_3228,5/13/2016,364,0.033,1.2,17,741,24.95,0.019,7.1,11.7,396,29,59.88860549
LEE (CORK)_3229,5/14/2016,297,0.033,1.2,14,704,35,0.019,7.1,10.5,293,45,58.73754289
LEE (CORK)_3230,5/15/2016,263,0.033,1.2,15,670,15.05,0.019,6.8,10,277,21,62.71680246
LEE (CORK)_3231,5/16/2016,392,0.033,1.2,15,689,28.85,0.019,7.2,10.2,352,11,65.0997529
LEE (CORK)_3232,5/17/2016,430,0.033,1.2,16,728,23.9,0.017,7.1,10.3,405,14,65.18070563
LEE (CORK)_3233,5/18/2016,376,0.027,1.2,15,713,30.7,0.019,7,8.6,424,17,64.40344132
LEE (CORK)_3234,5/19/2016,324,0.033,1.2,16,751,39.6,0.029,7.1,9.2,356,12,63.67048151
LEE (CORK)_3235,5/20/2016,312,0.033,1.2,15,666,41,0.015,7,8.3,288,17,64.19732155
LEE (CORK)_3236,5/21/2016,354,0.033,1.2,17,666,18.35,0.019,7.1,9.5,352,10,66.98259314
LEE (CORK)_3237,5/22/2016,352,0.033,1.2,18,691,22.85,0.019,7.1,9.6,356,23,60.8639799
LEE (CORK)_3238,5/23/2016,340,0.033,1.2,19,688,41.45,0.019,7.6,7.2,352,19,63.51065119
LEE (CORK)_3239,5/24/2016,392,0.033,1.2,17,761,32.25,0.019,7.2,10.1,320,17,64.55691794
LEE (CORK)_3240,5/25/2016,320,0.033,1.2,17,698,21.7,0.019,7.1,10.3,340,12,66.6654611
LEE (CORK)_3241,5/26/2016,320,0.033,1.2,17,697,20.55,0.018,7.1,10.9,324,25,61.35924093
LEE (CORK)_3242,5/27/2016,392,0.069,1.2,16,735,0.4,0.019,7,10.4,344,15,73.41484019
LEE (CORK)_3243,5/28/2016,336,0.033,1.2,22,692,31.5,0.019,7.3,13.2,316,22,60.08927174
LEE (CORK)_3244,5/29/2016,392,0.037,1.2,20,776,28.9,0.026,7.1,10.5,440,12,64.29120425
LEE (CORK)_3245,5/30/2016,328,0.033,1.2,19,686,13.3,0.019,7.1,12.3,348,20,67.81043706
LEE (CORK)_3246,5/31/2016,376,0.165,1.2,17,727,14.45,0.019,7,10.9,384,11,67.0584619
LEE (CORK)_3247,6/1/2016,324,0.033,1.2,26,707,37.2,0.019,7.4,11,343,6,64.24273036
LEE (CORK)_3248,6/2/2016,376,0.033,1.2,22,744,7.25,0.032,6.9,10.1,384,45,66.48342703
LEE (CORK)_3249,6/3/2016,327,0.033,1.2,24,698,25.6,0.016,7,10.4,320,10,66.15833035
LEE (CORK)_3250,6/4/2016,340,0.033,1.2,23,702,23.3,0.018,7.3,10.8,336,18,66.31826155
LEE (CORK)_3251,6/5/2016,272,0.033,1.2,20,575,16.55,0.019,7,13.9,284,10,68.30301314
LEE (CORK)_3252,6/6/2016,336,0.033,1.2,23,687,41.4,0.011,7.2,13.2,307,45,57.70131735
LEE (CORK)_3253,6/7/2016,344,0.034,1.2,23,766,13.9,0.019,7.4,10.5,380,9,67.23353429
LEE (CORK)_3254,6/8/2016,348,0.033,1.2,24,707,11.1,0.018,7,10.6,368,45,61.15586298
LEE (CORK)_3255,6/9/2016,300,0.049,1.2,23,643,19.95,0.01,7.3,11.9,340,21,61.77912481
LEE (CORK)_3256,6/10/2016,352,0.15,1.2,21,699,0.4,0.019,6.9,12,340,6,73.81716929
LEE (CORK)_3257,6/11/2016,252,0.045,1.2,24,585,28.75,0.019,7.4,13.3,262,57,59.62428669
LEE (CORK)_3258,6/12/2016,336,0.033,1.2,22,694,11.65,0.021,7,10.6,392,13,67.72996128
LEE (CORK)_3259,6/13/2016,284,0.093,1.2,23,608,10,0.027,7.1,11.3,316,55,61.61606001
LEE (CORK)_3260,6/14/2016,344,0.033,1.2,21,715,35.75,0.023,7.2,8.8,352,13,64.26241825
LEE (CORK)_3261,6/15/2016,320,0.033,1.2,18,601,17.85,0.019,7,8.8,316,15,67.63900952
LEE (CORK)_3262,6/16/2016,312,0.033,1.2,21,662,34.6,0.016,7.2,8.9,324,20,64.96385727
LEE (CORK)_3263,6/17/2016,380,0.037,1.2,27,730,0.5,0.019,7.4,10.5,364,9,73.37815862
LEE (CORK)_3264,6/18/2016,335,0.033,1.2,22,686,25.55,0.021,7,9.9,362,45,59.45072857
LEE (CORK)_3265,6/19/2016,291,0.033,1.2,21,607,18.4,0.019,7.1,9.2,314,9,67.71761522
LEE (CORK)_3266,6/20/2016,255,0.033,1.2,26,586,29.5,0.019,7.1,9.8,278,8,66.59399938
LEE (CORK)_3267,6/21/2016,275,0.033,1.2,25,593,34.5,0.01,7.2,10,282,16,65.67226708
LEE (CORK)_3268,6/22/2016,315,0.033,1.2,23,664,39.55,0.019,7.2,9.5,350,13,64.0296277
LEE (CORK)_3269,6/23/2016,319,0.033,1.2,21,692,20.55,0.027,7.2,10,336,5,66.88286038
LEE (CORK)_3270,6/24/2016,318,0.033,1.2,22,639,21.15,0.026,7.1,10.6,356,45,60.26116042
LEE (CORK)_3271,6/25/2016,312,0.033,1.2,21,635,22.2,0.023,7.1,10.7,361,15,66.70110936
LEE (CORK)_3272,6/26/2016,244,0.033,1.2,19,528,32.75,0.019,7.3,11.1,288,11,66.28663265
LEE (CORK)_3273,6/27/2016,322,0.033,1.2,22,642,35.5,0.019,7.3,11.8,364,65,57.33911464
LEE (CORK)_3274,6/28/2016,360,0.033,1.2,19,788,14.45,0.037,6.9,10.1,441,45,60.08539076
LEE (CORK)_3275,6/29/2016,313,0.033,1.2,19,690,4.45,0.011,7,10.8,381,7,73.8329175
LEE (CORK)_3276,6/30/2016,359,0.037,1.2,22,725,33.85,0.015,7.1,11.4,385,21,59.27477009
LEE (CORK)_3277,7/1/2016,356,0.033,1.2,20,686,26.1,0.023,7.1,10.7,414,9,65.37011185
LEE (CORK)_3278,7/2/2016,363,0.033,1.2,20,719,28.3,0.025,7.1,11,433,16,64.77468854
LEE (CORK)_3279,7/3/2016,329,0.027,1.2,17.9,599,21.8,0.012,7.4,7.8,260,11,67.35373965
LEE (CORK)_3280,7/4/2016,324,0.033,1.2,17.1,708,20.05,0.032,7,10,346,45,60.24566707
LEE (CORK)_3281,7/5/2016,315,0.033,1.2,19.4,643,28.35,0.019,7.1,10.1,299,45,59.62946922
LEE (CORK)_3282,7/6/2016,338,0.033,1.2,19.3,672,28.95,0.023,7.1,10.2,323,10,65.6433015
LEE (CORK)_3283,7/7/2016,295,0.033,1.2,17.1,613,21.15,0.013,7,9.2,293,10,67.41197759
LEE (CORK)_3284,7/8/2016,289,0.033,1.2,21.4,623,27.505,0.01,7.4,14.9,296,18,66.4706969
LEE (CORK)_3285,7/9/2016,374,0.033,1.2,20.5,749,7.8,0.03,6.9,10.3,377,45,66.52232975
LEE (CORK)_3286,7/10/2016,350,0.033,1.2,20.4,690,12.25,0.02,7.1,10.6,334,45,61.21475046
LEE (CORK)_3287,7/11/2016,321,0.033,1.2,18.1,640,14.4,0.02,7.2,11.8,325,30,61.98894276
LEE (CORK)_3288,7/12/2016,255,0.02,1.2,17.4,507,0.55,0.019,7,13.7,245,11,75.2476861
LEE (CORK)_3289,7/13/2016,380,0.033,1.2,17,735,51,0.018,7.2,11.9,374,20,61.63410315
LEE (CORK)_3290,7/14/2016,434,0.033,1.2,16.7,802,15,0.034,6.9,10.3,401,45,59.80180328
LEE (CORK)_3291,7/15/2016,354,0.033,1.2,19,715,21.65,0.017,7,10.8,354,45,59.82382966
LEE (CORK)_3292,7/16/2016,380,0.033,1.2,18.7,726,22.2,0.02,7.1,11.2,377,16,65.92186902
LEE (CORK)_3293,7/17/2016,367,0.021,1.2,17.4,705,2.2,0.01,7,11,349,6,73.64463139
LEE (CORK)_3294,7/18/2016,368,0.033,1.2,18,696,39.5,0.019,7.2,9.5,375,11,63.4734002
LEE (CORK)_3295,7/19/2016,412,0.033,1.2,18.9,779,21.1,0.029,7,10.2,428,45,59.04623033
LEE (CORK)_3296,7/20/2016,360,0.033,1.2,19.2,681,23.9,0.02,7.2,10.5,357,7,66.04327362
LEE (CORK)_3297,7/21/2016,377,0.033,1.2,16.8,726,23.85,0.021,7.2,10.5,407,14,65.50599987
LEE (CORK)_3298,7/22/2016,330,0.033,1.2,17.6,636,19.4,0.019,7,11,325,9,67.21338966
LEE (CORK)_3299,7/23/2016,296,0.033,1.2,19,611,26,0.012,7.3,13,297,49,59.91839715
LEE (CORK)_3300,7/24/2016,350,0.033,1.2,17.2,699,28.85,0.019,6.9,10.7,353,10,65.31970965
LEE (CORK)_3301,7/25/2016,343,0.033,1.2,17.6,664,21.6,0.022,7,11.7,350,27,60.96422249
LEE (CORK)_3302,7/26/2016,400,0.033,1.2,19.3,780,12.8,0.036,7,10.3,429,45,60.17461416
LEE (CORK)_3303,7/27/2016,344,0.074,1.2,23.5,693,3.35,0.019,7,11.3,375,19,73.66401651
LEE (CORK)_3304,7/28/2016,420,0.033,1.2,17,816,20.6,0.033,6.9,10.4,452,5,65.18987071
LEE (CORK)_3305,7/29/2016,377,0.033,1.2,16.8,733,30.55,0.016,7,10.9,377,45,58.39372324
LEE (CORK)_3306,7/30/2016,396,0.033,1.2,17.3,754,27.15,0.018,7,11.1,403,11,64.8250069
LEE (CORK)_3307,7/31/2016,359,0.033,1.2,16.1,679,19.45,0.019,7,10.9,374,9,66.62231199
LEE (CORK)_3308,8/1/2016,378,0.033,1.2,17.1,758,26.05,0.025,7,11,372,19,65.27999538
LEE (CORK)_3309,8/2/2016,410,0.033,1.2,21,793,5,0.033,6.9,10.3,406,5,72.66450882
LEE (CORK)_3310,8/3/2016,400,0.13,1.2,15.1,758,12.2,0.019,7,11.2,405,9,67.03369816
LEE (CORK)_3311,8/4/2016,375,0.033,1.2,19.2,716,14.6,0.017,7,10.6,364,45,60.57141406
LEE (CORK)_3312,8/5/2016,317,0.033,1.2,19.1,633,15.5,0.018,7.2,12.3,302,33,61.8614898
LEE (CORK)_3313,8/6/2016,318,0.021,1.2,23.3,652,29.8,0.012,7.3,13.9,326,21,60.50464061
LEE (CORK)_3314,8/7/2016,365,0.02,1.2,49.8,738,17.75,0.035,6.8,10.2,152,7,72.90850015
LEE (CORK)_3315,8/8/2016,330,0.044,1.2,22.1,684,7.2,0.019,7,10.7,152,14,80.26437962
LEE (CORK)_3316,8/9/2016,358,0.033,1.2,22.5,713,25,0.017,7,10.7,152,45,65.22347651
LEE (CORK)_3317,8/10/2016,362,0.033,1.2,21.2,706,21.05,0.017,7.1,11.4,152,18,72.45999309
LEE (CORK)_3318,8/11/2016,363,0.033,1.2,20.6,719,33.35,0.017,7.1,10.9,152,22,65.3044352
LEE (CORK)_3319,8/12/2016,366,0.033,1.2,19,735,31.1,0.031,6.9,10.3,152,45,64.17916793
LEE (CORK)_3320,8/13/2016,317,0.033,1.2,22.5,676,41.1,0.017,7.3,10.8,152,45,63.15310488
LEE (CORK)_3321,8/14/2016,347,0.022,1.2,21.3,702,36.65,0.022,7.1,10.8,152,10,69.72234352
LEE (CORK)_3322,8/15/2016,332,0.033,1.2,20.5,684,16.7,0.019,7,9.9,152,6,73.49435186
LEE (CORK)_3323,8/16/2016,360,0.033,1.2,19.7,732,36.6,0.017,7.2,10.1,152,17,69.52661141
LEE (CORK)_3324,8/17/2016,303,0.033,1.2,22.4,730,34.5,0.027,7.1,10.1,152,5,70.33863177
LEE (CORK)_3325,8/18/2016,312,0.033,1.2,17.7,626,42.8,0.016,7.1,10.3,152,45,63.07937766
LEE (CORK)_3326,8/19/2016,321,0.033,1.2,18.4,637,41.7,0.021,7,10.3,152,8,69.22797122
LEE (CORK)_3327,8/20/2016,295,0.033,1.2,19.9,680,26.2,0.019,7.1,9.5,152,8,72.10879251
LEE (CORK)_3328,8/21/2016,317,0.033,1.2,19,356,36.85,0.015,7.2,8.9,152,17,75.30766258
LEE (CORK)_3329,8/22/2016,413,0.033,1.2,22.2,747,16.1,0.03,7,10.9,152,6,72.82993192
LEE (CORK)_3330,8/23/2016,384,0.056,1.2,19.5,674,27.7,0.019,7.1,11.7,152,8,71.20338641
LEE (CORK)_3331,8/24/2016,143,0.033,1.2,19.6,685,33.2,0.012,7.4,12.1,152,18,75.91403152
LEE (CORK)_3332,8/25/2016,351,0.033,1.2,21.1,702,14.45,0.019,7.1,10.6,152,45,66.89168293
LEE (CORK)_3333,8/26/2016,338,0.033,1.2,19.8,671,25.5,0.013,7.2,11.7,152,18,71.95612724
LEE (CORK)_3334,8/27/2016,377,0.033,1.2,17.6,748,20.55,0.028,6.9,10.5,152,6,72.29131571
LEE (CORK)_3335,8/28/2016,340,0.033,1.2,17,645,23.85,0.018,7,11.4,152,8,72.33449941
LEE (CORK)_3336,8/29/2016,340,0.033,1.2,17.4,680,26.65,0.021,7.1,11.4,152,17,71.69843491
LEE (CORK)_3337,8/30/2016,302,0.033,1.2,15.7,612,19.4,0.019,7,11.7,152,15,73.48445288
LEE (CORK)_3338,8/31/2016,318,0.033,1.2,16.1,675,25.45,0.013,7.2,12.3,152,27,66.60443418
LEE (CORK)_3339,9/1/2016,317,0.033,1.2,22.9,675,13.3,0.018,7,10.7,366,5,67.80229022
LEE (CORK)_3340,9/2/2016,282,0.033,1.2,21.9,601,17.2,0.014,7.2,11.9,330,30,61.91127472
LEE (CORK)_3341,9/3/2016,213,0.033,1.2,21.8,489,27.1,0.018,7.3,12.7,251,79,59.20627363
LEE (CORK)_3342,9/4/2016,401,0.033,1.2,21.5,751,23.3,0.034,6.8,10.4,400,7,65.40981756
LEE (CORK)_3343,9/5/2016,344,0.027,1.2,18.7,645,15.5,0.019,7,11.8,322,9,67.67633182
LEE (CORK)_3344,9/6/2016,356,0.033,1.2,22,672,37.8,0.017,7,10.9,350,45,57.87404033
LEE (CORK)_3345,9/7/2016,348,0.033,1.2,22.1,675,36.65,0.021,7.1,10.9,348,8,64.24727315
LEE (CORK)_3346,9/8/2016,363,0.033,1.2,19.7,693,28.35,0.021,7.1,10.4,345,18,65.38385673
LEE (CORK)_3347,9/9/2016,373,0.033,1.2,20.7,713,24.45,0.03,6.8,10.4,374,6,65.67988823
LEE (CORK)_3348,9/10/2016,341,0.033,1.2,17.1,659,25.6,0.012,6.9,9.7,346,9,66.03417804
LEE (CORK)_3349,9/11/2016,326,0.033,1.2,17.1,625,33.4,0.016,7.1,9.9,272,20,65.49226246
LEE (CORK)_3350,9/12/2016,351,0.033,1.2,13.9,672,33.95,0.022,7.1,10.1,300,22,59.82901219
LEE (CORK)_3351,9/13/2016,338,0.033,1.2,17.9,667,37.9,0.019,7.3,9.6,320,13,64.31242348
LEE (CORK)_3352,9/14/2016,276,0.033,1.2,18.3,695,16.1,0.028,6.9,10.3,348,45,61.0198732
LEE (CORK)_3353,9/15/2016,217,0.033,1.2,15.3,557,13.9,0.019,7.1,11,270,8,68.95940963
LEE (CORK)_3354,9/16/2016,364,0.033,1.2,18.2,744,12.75,0.033,6.9,10.2,375,45,60.73655288
LEE (CORK)_3355,9/17/2016,351,0.033,1.2,19.1,691,20.05,0.02,7.2,10.4,359,45,60.08280337
LEE (CORK)_3356,9/18/2016,341,0.033,1.2,17.6,665,16.1,0.019,7.3,11,327,19,67.52613372
LEE (CORK)_3357,9/19/2016,223,0.033,1.2,14.4,493,33.7,0.011,7.1,12.5,237,12,66.68032142
LEE (CORK)_3358,9/20/2016,302,0.033,1.2,17.7,610,28.7,0.014,7.3,13.6,298,32,60.41459391
LEE (CORK)_3359,9/21/2016,383,0.033,1.2,16.9,705,21.65,0.032,7,10.1,352,45,59.70980424
LEE (CORK)_3360,9/22/2016,369,0.033,1.2,16.6,570,29.45,0.019,7.1,10.5,328,45,59.24633169
LEE (CORK)_3361,9/23/2016,351,0.033,1.2,15.6,548,31.05,0.026,7.1,11.2,298,21,60.58552512
LEE (CORK)_3362,9/24/2016,334,0.15,1.2,19.4,356,3.3,0.019,7,10.7,300,13,80.51434481
LEE (CORK)_3363,9/25/2016,355,0.033,1.2,14.5,678,30.5,0.029,7.2,11.4,346,22,60.00127116
LEE (CORK)_3364,9/26/2016,370,0.033,1.2,21.8,756,15.55,0.026,6.9,9.7,377,45,60.30503881
LEE (CORK)_3365,9/27/2016,358,0.13,1.2,16.4,707,3.35,0.019,7.1,10.6,354,20,73.66401651
LEE (CORK)_3366,9/28/2016,366,0.033,1.2,21.2,718,17.25,0.018,7.1,10,336,45,60.41588148
LEE (CORK)_3367,9/29/2016,337,0.033,1.2,20.5,674,26.05,0.014,7.2,11.5,328,17,66.053883
LEE (CORK)_3368,9/30/2016,323,0.033,1.2,19.8,659,29.3,0.015,7.3,12.7,350,31,59.88471935
LEE (CORK)_3369,10/1/2016,387,0.033,1.2,22.6,783,12.8,0.036,6.9,10.5,351,45,60.63551303
LEE (CORK)_3370,10/2/2016,365,0.033,1.2,20,724,12.2,0.019,7.1,10.8,335,45,61.05521528
LEE (CORK)_3371,10/3/2016,332,0.033,1.2,20.4,666,11.65,0.019,7.3,12.2,302,16,68.29800992
LEE (CORK)_3372,10/4/2016,360,0.18,1.2,17.1,721,17.75,0.019,7,11.3,325,7,67.03224026
LEE (CORK)_3373,10/5/2016,362,0.033,1.2,21.4,692,43.05,0.016,8.1,13.6,350,20,63.14277337
LEE (CORK)_3374,10/6/2016,380,0.033,1.2,20,740,26.65,0.031,6.9,10.7,373,7,65.22500406
LEE (CORK)_3375,10/7/2016,330,0.033,1.2,23.2,681,35.5,0.018,7.1,11.1,323,45,58.41027806
LEE (CORK)_3376,10/8/2016,342,0.033,1.2,21.5,695,32.15,0.023,7.1,11.3,348,10,64.90738684
LEE (CORK)_3377,10/9/2016,344,0.033,1.2,15.6,664,23.35,0.012,6.9,10.7,319,10,66.50288534
LEE (CORK)_3378,10/10/2016,294,0.033,1.2,17.3,598,23.9,0.026,7.1,11.1,292,30,61.22850517
LEE (CORK)_3379,10/11/2016,345,0.033,1.2,19.4,728,50.85,0.01,8.2,13.4,403,16,61.70829225
LEE (CORK)_3380,10/12/2016,349,0.033,1.2,20.2,713,56.15,0.019,8.2,10.3,384,18,61.09943076
LEE (CORK)_3381,10/13/2016,298,0.02,1.2,19.9,670,62.6,0.019,8,13,338,14,60.86719989
LEE (CORK)_3382,10/14/2016,303,0.033,1.2,20.3,672,55.05,0.019,8.2,13.8,368,28,56.76021989
LEE (CORK)_3383,10/15/2016,357,0.033,1.5,19,736,51.35,0.012,8,12,422,53,55.37228604
LEE (CORK)_3384,10/16/2016,289,0.039,1.3,19.1,632,53.65,0.021,7.9,6.6,339,43,56.5110174
LEE (CORK)_3385,10/17/2016,303,0.033,1.2,21.1,655,50.65,0.019,8,14.6,342,18,62.53182306
LEE (CORK)_3386,10/18/2016,355,0.033,1.2,19.3,735,53.05,0.019,8.2,13.2,410,45,55.60814309
LEE (CORK)_3387,10/19/2016,336,0.023,1.4,18.8,678,49.2,0.018,8.2,11.6,386,29,57.1597756
LEE (CORK)_3388,10/20/2016,345,0.033,1.2,17,680,52.95,0.019,8,8.8,376,41,56.13532718
LEE (CORK)_3389,10/21/2016,360,0.025,1.3,18.6,722,56.6,0.019,8.4,6.9,411,16,60.80784854
LEE (CORK)_3390,10/22/2016,303,0.033,1.2,18.8,662,68.8,0.019,7.9,11.6,354,13,59.95829037
LEE (CORK)_3391,10/23/2016,328,0.033,1.2,16.8,678,56.15,0.022,8.3,14.4,378,58,55.06827163
LEE (CORK)_3392,10/24/2016,337,0.033,2.3,18.8,691,51.8,0.019,8.2,13.2,406,32,56.56709121
LEE (CORK)_3393,10/25/2016,350,0.026,1.2,20.3,715,55.35,0.012,8.2,7.3,359,44,55.69275512
LEE (CORK)_3394,10/26/2016,357,0.033,1.2,19.2,711,55.2,0.019,8.3,9,388,11,61.16917357
LEE (CORK)_3395,10/27/2016,300,0.033,2.7,17.5,614,42.85,0.022,8.2,14.4,326,62,56.94886875
LEE (CORK)_3396,10/28/2016,270,0.033,1.2,19.4,606,59.3,0.019,8,16.4,300,9,61.86440775
LEE (CORK)_3397,10/29/2016,347,0.033,1.2,20.8,748,53.05,0.015,8.1,12.4,396,55,55.22635915
LEE (CORK)_3398,10/30/2016,383,0.023,1.2,19.2,722,51.2,0.019,8.3,6.8,399,16,61.48641596
LEE (CORK)_3399,10/31/2016,97,0.033,1.2,15.4,250,49.6,0.013,8,14.4,114,46,71.29285715
LEE (CORK)_3400,11/1/2016,78,0.033,1.2,14.1,191,54.9,0.016,7.7,10.7,79,73,68.24760529
LEE (CORK)_3401,11/2/2016,270,0.033,1.2,16,586,55,0.019,7,10.7,308,45,56.60295558
LEE (CORK)_3402,11/3/2016,240,0.033,1.2,15,527,59,0.019,7,11.1,264,45,56.61971156
LEE (CORK)_3403,11/4/2016,280,0.033,1.2,15,594,71,0.019,7.3,10.7,300,45,54.74640956
LEE (CORK)_3404,11/5/2016,238,0.033,1.2,14,538,86,0.019,7.4,11.2,268,45,53.59810847
LEE (CORK)_3405,11/6/2016,282,0.033,1.2,14,592,67,0.019,7.2,10.6,294,45,55.20959512
LEE (CORK)_3406,11/7/2016,242,0.033,1.2,14,536,57,0.019,7.2,11,250,45,56.89672237
LEE (CORK)_3407,11/8/2016,276,0.033,1.2,15,587,35,0.019,7,10.5,286,45,59.18302216
LEE (CORK)_3408,11/9/2016,233,0.033,1.2,17,532,38,0.019,7.1,10.3,264,45,59.27347726
LEE (CORK)_3409,11/10/2016,300,0.033,1.2,14,920,45,0.019,7.1,11.3,368,45,56.56948041
LEE (CORK)_3410,11/11/2016,184,0.033,1.2,15,534,54,0.019,7.3,12.3,286,5,67.65568193
LEE (CORK)_3411,11/12/2016,273,0.033,1.2,15,602,34,0.019,7.1,10.8,248,12,65.94009679
LEE (CORK)_3412,11/13/2016,250,0.033,1.2,15,509,30,0.019,7.1,12.2,234,45,60.43519101
LEE (CORK)_3413,11/14/2016,280,0.033,1.2,15,634,32.75,0.019,7,10.7,320,45,59.15590331
LEE (CORK)_3414,11/15/2016,242,0.033,1.2,15,580,32.2,0.019,7.2,11.1,280,5,66.27306861
LEE (CORK)_3415,11/16/2016,294,0.033,1.2,14,598,32.75,0.019,7.1,10.6,276,7,65.84434073
LEE (CORK)_3416,11/17/2016,270,0.033,1.2,15,547,23.85,0.019,7.1,10.9,266,19,67.51070383
LEE (CORK)_3417,11/18/2016,297,0.033,1.2,14,586,30.55,0.019,7.1,10.7,300,45,59.58023813
LEE (CORK)_3418,11/19/2016,253,0.033,1.2,15,535,33.3,0.019,7.1,11,224,45,59.97796704
LEE (CORK)_3419,11/20/2016,272,0.033,1.2,14,611,35.5,0.019,7.1,11,292,45,59.04623033
LEE (CORK)_3420,11/21/2016,244,0.033,1.2,15,565,32.7,0.019,7.3,10.7,258,6,66.36339403
LEE (CORK)_3421,11/22/2016,272,0.033,1.2,14,582,23.85,0.019,7.6,10.3,284,8,67.2980743
LEE (CORK)_3422,11/23/2016,250,0.033,1.2,14,546,25.5,0.019,7.6,10.8,286,45,60.65088019
LEE (CORK)_3423,11/24/2016,280,0.033,1.2,14,604,27.8,0.019,7,10.5,352,45,59.70850846
LEE (CORK)_3424,11/25/2016,246,0.033,1.2,14,558,29.45,0.019,6.9,10.6,280,45,60.16298127
LEE (CORK)_3425,11/26/2016,296,0.033,1.2,15,600,26.15,0.019,7,10.5,332,6,66.48492431
LEE (CORK)_3426,11/27/2016,246,0.033,1.2,15,547,30,0.019,7.1,10.7,268,7,66.74855045
LEE (CORK)_3427,11/28/2016,262,0.033,1.2,14,598,25,0.019,7.1,10.6,284,5,67.14409554
LEE (CORK)_3428,11/29/2016,248,0.033,1.2,14,539,30.5,0.019,7.2,11.1,270,45,60.11772776
LEE (CORK)_3429,11/30/2016,264,0.033,1.2,15,558,31.7,0.019,7.1,10.5,282,6,66.27005367
LEE (CORK)_3430,12/1/2016,298,0.033,1.2,16,602,36.65,0.019,7.1,10.9,284,5,65.16390321
LEE (CORK)_3431,12/2/2016,284,0.033,1.2,15,603,26.1,0.019,7,10.5,298,10,66.75743388
LEE (CORK)_3432,12/3/2016,264,0.033,1.2,17,562,32.2,0.019,7.1,11.1,276,7,66.21876169
LEE (CORK)_3433,12/4/2016,234,0.033,1.2,17,598,25.05,0.019,7.1,10.3,336,11,66.9972109
LEE (CORK)_3434,12/5/2016,244,0.033,1.2,18,556,31.65,0.019,7.2,10.9,278,10,66.42797203
LEE (CORK)_3435,12/6/2016,292,0.033,1.2,14,580,26.1,0.019,7,10.3,342,45,59.98055656
LEE (CORK)_3436,12/7/2016,267,0.033,1.2,15,542,31.1,0.019,7.1,10.7,316,45,59.69555071
LEE (CORK)_3437,12/8/2016,285,0.033,1.2,16,594,26.7,0.038,7.1,10.5,316,45,60.03751433
LEE (CORK)_3438,12/9/2016,259,0.033,1.2,17,549,32.15,0.015,7,11.1,297,45,59.68129733
LEE (CORK)_3439,12/10/2016,288,0.033,1.2,14,604,25,0.019,7.1,10.4,312,45,60.2366277
LEE (CORK)_3440,12/11/2016,272,0.033,1.2,15,557,29.95,0.019,7.1,11.2,269,45,60.02327713
LEE (CORK)_3441,12/12/2016,319,0.033,1.2,15.1,608,26.65,0.01,7.1,10.5,295,45,59.94041438
LEE (CORK)_3442,12/13/2016,308,0.033,1.2,16.1,577,31.1,0.019,7.1,10.5,267,45,59.64631284
LEE (CORK)_3443,12/14/2016,320,0.033,1.2,14.9,603,25.55,0.019,7.1,10.7,298,45,60.07504081
LEE (CORK)_3444,12/15/2016,294,0.033,1.2,14.9,557,29.95,0.019,7.1,11.3,275,45,59.87824231
LEE (CORK)_3445,12/16/2016,290,0.033,1.2,14.3,597,25,0.01,7.1,10.5,298,12,66.90197051
LEE (CORK)_3446,12/17/2016,265,0.033,1.2,14.1,555,29.4,0.019,7.2,11.2,274,13,66.6654611
LEE (CORK)_3447,12/18/2016,322,0.033,1.2,14.5,601,26.65,0.019,7.2,10.5,325,45,59.78755043
LEE (CORK)_3448,12/19/2016,293,0.033,1.2,22,586,31.6,0.019,7.2,10.9,271,45,59.61521743
LEE (CORK)_3449,12/20/2016,292,0.033,1.2,12.7,602,24.45,0.019,7.1,10.7,298,45,60.36435409
LEE (CORK)_3450,12/21/2016,258,0.033,1.2,13.7,564,30.5,0.019,7.1,11.5,276,45,59.97019821
LEE (CORK)_3451,12/22/2016,294,0.033,1.2,14.3,600,35.55,0.019,7.2,10.6,298,45,58.9238542
LEE (CORK)_3452,12/23/2016,278,0.033,1.2,14.8,579,38.3,0.019,7.2,11.1,269,45,58.85568377
LEE (CORK)_3453,12/24/2016,306,0.024,1.2,14.4,605,25.5,0.01,7.1,11.2,327,45,59.998682
LEE (CORK)_3454,12/25/2016,278,0.033,1.2,15.3,568,31.55,0.019,7.1,11.6,305,45,59.56987464
LEE (CORK)_3455,12/26/2016,299,0.033,1.2,14.4,595,27.2,0.019,7,10.8,325,45,59.85103711
LEE (CORK)_3456,12/27/2016,263,0.033,1.2,14.7,551,35.45,0.014,7.1,11.8,262,45,59.4093052
LEE (CORK)_3457,12/28/2016,297,0.033,1.2,12.4,589,26.7,0.019,7,10.5,328,45,59.92616822
LEE (CORK)_3458,12/29/2016,228,0.033,1.2,11.2,490,8.9,0.019,7.1,10.5,262,8,69.46909221
LEE (CORK)_3459,12/30/2016,306,0.034,1.2,14,587,27.25,0.019,7,10.5,326,45,59.82382966
LEE (CORK)_3460,12/31/2016,286,0.021,1.2,14.3,562,31.05,0.019,7.1,10.9,303,45,59.61910423
LEE (CORK)_3461,1/1/2017,287,0.033,1.2,15.1,586,25.55,0.019,7.2,10.4,260,45,60.4853596
LEE (CORK)_3462,1/2/2017,292,0.033,1.2,15.5,586,16.7,0.019,7.3,10,245,45,61.64765116
LEE (CORK)_3463,1/3/2017,265,0.033,1.2,15.2,555,25.55,0.019,7.1,10.7,270,45,60.62654582
LEE (CORK)_3464,1/4/2017,258,0.033,1.2,13.8,536,30,0.019,7.3,10.4,258,45,60.20045914
LEE (CORK)_3465,1/5/2017,269,0.033,1.2,15.3,549,23.3,0.019,7.2,10.6,276,45,60.87796141
LEE (CORK)_3466,1/6/2017,245,0.033,1.2,11.8,478,9.45,0.019,7.3,11.1,233,10,69.47924173
LEE (CORK)_3467,1/7/2017,254,0.033,1.2,14.7,559,21.65,0.011,7.1,10.8,258,45,61.22725518
LEE (CORK)_3468,1/8/2017,230,0.033,1.2,13.4,505,27.2,0.019,7.4,11.2,224,45,60.95662341
LEE (CORK)_3469,1/9/2017,275,0.033,1.2,14.1,554,26.65,0.019,7.1,10.6,270,45,60.43647804
LEE (CORK)_3470,1/10/2017,72,0.033,1.2,18.8,204,51.15,0.019,7.7,15.3,84,313,57.06104039
LEE (CORK)_3471,1/11/2017,29,0.033,1.1,20,139,96,0.013,7.2,8,46,127,59.78105006
LEE (CORK)_3472,1/12/2017,132,0.033,1.2,32,391,104,0.019,8.2,9.2,168,77,61.07390575
LEE (CORK)_3473,1/13/2017,176,0.033,1.1,29,422,97,0.019,8.3,14.3,178,82,58.99842726
LEE (CORK)_3474,1/14/2017,154,0.033,1.2,25,372,97,0.023,8,12.3,170,150,58.77360223
LEE (CORK)_3475,1/15/2017,37,0.07,1.2,29,176,100,0.012,7.6,3.6,59,99,60.5418777
LEE (CORK)_3476,1/16/2017,36,0.033,1.2,30,191,97,0.016,7.6,5.5,66,130,59.55701925
LEE (CORK)_3477,1/17/2017,194,0.033,1.2,30,466,117,0.019,8.5,19.2,222,47,54.91610466
LEE (CORK)_3478,1/18/2017,45,0.04,1.1,20,167,97,0.017,7.4,8.8,62,218,56.43122659
LEE (CORK)_3479,1/19/2017,144,0.033,1.2,28,384,96,0.029,8.1,7,158,100,60.93896122
LEE (CORK)_3480,1/20/2017,180,0.033,1.2,27,440,102,0.023,8.2,8.8,212,65,55.75581927
LEE (CORK)_3481,1/21/2017,226,0.033,1.2,28,509,107,0.019,8.2,13.3,252,47,51.68802237
LEE (CORK)_3482,1/22/2017,41,0.04,1.8,14,139,95,0.019,7.6,14.4,53,315,53.88273037
LEE (CORK)_3483,1/23/2017,50,0.03,1.2,22,188,100,0.021,7.6,6.1,83,153,58.38092043
LEE (CORK)_3484,1/24/2017,52,0.06,1,18,161,95,0.014,7.7,4.3,54,147,59.08123856
LEE (CORK)_3485,1/25/2017,86,0.033,1,20,247,95,0.015,8,6.6,103,169,58.25273653
LEE (CORK)_3486,1/26/2017,210,0.033,1.2,26,486,103,0.019,8.3,12.4,238,30,52.84190055
LEE (CORK)_3487,1/27/2017,40,0.05,1,17,146,95,0.019,7.8,2.2,54,146,59.12022168
LEE (CORK)_3488,1/28/2017,92,0.04,1.2,19,258,102,0.017,8,5.2,104,130,59.06179153
LEE (CORK)_3489,1/29/2017,58,0.04,1.2,19,182,98,0.015,7.9,11,69,165,58.12587395
LEE (CORK)_3490,1/30/2017,170,0.033,1.2,23,414,104,0.024,8.4,16.4,188,85,58.15371806
LEE (CORK)_3491,1/31/2017,88,0.03,1.2,34,302,99,0.018,7.8,7.6,110,85,61.2788058
LEE (CORK)_3492,2/1/2017,100,0.033,1.2,25,287,103,0.022,7.9,7.2,116,120,59.35664182
LEE (CORK)_3493,2/2/2017,204,0.033,1.2,24,472,103,0.019,8.3,8.7,224,48,52.26316931
LEE (CORK)_3494,2/3/2017,34,0.033,2.4,17,191,96,0.019,7.6,15.9,51,356,52.8683362
LEE (CORK)_3495,2/4/2017,19,0.033,2.5,15,115,94,0.017,7.5,10.6,43,228,56.35343396
LEE (CORK)_3496,2/5/2017,60,0.033,1.2,19,181,101,0.019,7.7,8,75,222,56.00236988
LEE (CORK)_3497,2/6/2017,49,0.04,1.2,15,158,100,0.019,7.6,5.3,61,161,58.08986743
LEE (CORK)_3498,2/7/2017,52,0.04,1.2,21,193,100,0.019,7.7,8.5,68,172,57.70068076
LEE (CORK)_3499,2/8/2017,182,0.033,1.2,24,433,97,0.019,8,13.6,198,87,58.75998178
LEE (CORK)_3500,2/9/2017,41,0.04,1,22,162,99,0.019,7.5,9,57,256,55.16383547
LEE (CORK)_3501,2/10/2017,66,0.042,1.2,32,246,100,0.019,7.8,5.7,86,81,61.34777716
LEE (CORK)_3502,2/11/2017,65,0.033,1.2,22,219,97,0.019,7.9,10.9,79,205,56.84455074
LEE (CORK)_3503,2/12/2017,156,0.033,1,29,392,102,0.019,8.3,13.6,162,154,58.16198672
LEE (CORK)_3504,2/13/2017,29,0.031,1.3,18,139,96,0.019,7.4,8.2,52,250,55.54615006
LEE (CORK)_3505,2/14/2017,27,0.036,1.2,26,160,98,0.019,7.4,6.8,49,118,59.94641238
LEE (CORK)_3506,2/15/2017,154,0.033,1.2,33,423,105,0.019,8.2,6.9,184,46,59.70686735
LEE (CORK)_3507,2/16/2017,36,0.025,1.2,15,120,99,0.019,7.4,8.9,41,171,57.82316011
LEE (CORK)_3508,2/17/2017,51,0.026,1.2,15,157,97,0.019,7.5,9.2,58,124,59.80160741
LEE (CORK)_3509,2/18/2017,101,0.027,1.2,25.1,278,56.95,0.019,7.8,4.4,113,81,67.34613021
LEE (CORK)_3510,2/19/2017,202,0.033,1.2,25.1,468,59,0.019,8.3,14.8,220,41,57.35637478
LEE (CORK)_3511,2/20/2017,97,0.033,1.2,22.6,259,54.4,0.019,8,15.7,111,158,63.16265852
LEE (CORK)_3512,2/21/2017,93,0.033,1.7,17,238,55.85,0.019,7.9,11.5,109,235,59.47148064
LEE (CORK)_3513,2/22/2017,59,0.02,1.3,18.2,169,49.5,0.019,7.3,5.8,64,182,62.56166624
LEE (CORK)_3514,2/23/2017,174,0.033,1.2,22.1,410,58.7,0.019,8.3,9.9,185,69,64.65218254
LEE (CORK)_3515,2/24/2017,146,0.033,1.2,21.4,341,51.15,0.019,8.3,14.1,155,125,65.46993857
LEE (CORK)_3516,2/25/2017,101,0.033,1,17.3,241,54.9,0.019,8,10.6,112,237,59.48653487
LEE (CORK)_3517,2/26/2017,48,0.033,1,16,150,58,0.019,7.5,6.2,59,162,62.49913076
LEE (CORK)_3518,2/27/2017,24,0.033,1.2,19,119,57.3,0.019,7.1,2.2,33,75,67.69302504
LEE (CORK)_3519,2/28/2017,69,0.033,1,16.3,187,62.85,0.019,7.8,10.6,82,159,62.05050384
LEE (CORK)_3520,3/1/2017,224,0.033,1.1,23.8,475,55.7,0.019,8.3,13.9,228,43,57.49980335
LEE (CORK)_3521,3/2/2017,90,0.033,1.1,20.1,242,55.1,0.019,7.9,13.3,101,181,61.92396389
LEE (CORK)_3522,3/3/2017,66,0.039,1.8,22.2,214,55.35,0.019,7.8,8.4,82,152,63.35299699
LEE (CORK)_3523,3/4/2017,72,0.033,1.2,22.3,222,51.75,0.019,7.8,9.9,83,110,66.3037595
LEE (CORK)_3524,3/5/2017,139,0.033,1.2,26.8,352,54.1,0.019,8.2,9.3,147,76,68.17739792
LEE (CORK)_3525,3/6/2017,89,0.033,1.2,21.4,245,52.9,0.019,8,13.9,98,157,63.41255195
LEE (CORK)_3526,3/7/2017,72,0.022,1.3,16.2,191,50.45,0.019,7.8,13.8,82,267,58.74988033
LEE (CORK)_3527,3/8/2017,41,0.033,1.1,14.1,126,54.6,0.019,7.3,10.1,47,199,61.1418724
LEE (CORK)_3528,3/9/2017,28,0.033,1.2,37,186,55.75,0.019,7.3,5.3,48,53,69.54638408
LEE (CORK)_3529,3/10/2017,86,0.033,1,16.8,234,53.6,0.063,7.9,12.9,116,242,56.78095259
LEE (CORK)_3530,3/11/2017,105,0.033,1.1,23.1,165,52.6,0.019,7.5,8.1,127,107,66.35921588
LEE (CORK)_3531,3/12/2017,78,0.072,1.2,15.9,197,54.9,0.019,7.5,10.7,86,98,66.56673982
LEE (CORK)_3532,3/13/2017,182,0.033,1.2,21.8,413,27.55,0.019,8.4,14.9,192,62,70.4512556
LEE (CORK)_3533,3/14/2017,195,0.033,1.2,21.4,437,58.45,0.019,8.3,14.2,209,76,60.26675738
LEE (CORK)_3534,3/15/2017,123,0.033,1.2,16.9,289,56.25,0.019,7.9,14.3,136,257,58.58039305
LEE (CORK)_3535,3/16/2017,56,0.033,1,13.8,146,56.6,0.019,7.4,10.4,61,247,58.92648753
LEE (CORK)_3536,3/17/2017,57,0.021,1.2,25.5,166,57.3,0.019,6.7,6,50,101,65.99797451
LEE (CORK)_3537,3/18/2017,182,0.033,1.4,28.6,437,60.35,0.019,8.3,13.4,191,39,66.2070447
LEE (CORK)_3538,3/19/2017,76,0.033,1.2,23.7,224,55.15,0.019,7.7,14.2,88,167,62.60559857
LEE (CORK)_3539,3/20/2017,81,0.033,1,22,224,55.9,0.021,7.3,12,94,163,62.71283494
LEE (CORK)_3540,3/21/2017,69,0.033,1.2,16.7,181,56.55,0.016,6.7,9.8,78,239,59.24281454
LEE (CORK)_3541,3/22/2017,152,0.033,1.2,21.6,369,50.1,0.019,8.3,14.6,171,143,64.56806987
LEE (CORK)_3542,3/23/2017,58,0.033,1.2,15.7,157,109,0.019,7.6,15.7,64,264,54.28373362
LEE (CORK)_3543,3/24/2017,70,0.033,1.2,21,238,92,0.02,7.4,8.3,93,134,59.90487746
LEE (CORK)_3544,3/25/2017,224,0.033,1.2,30,523,106,0.021,8.2,9.4,244,53,51.57482736
LEE (CORK)_3545,3/26/2017,204,0.033,1.4,29,491,98,0.018,8.2,14.4,212,64,52.14324567
LEE (CORK)_3546,3/27/2017,216,0.033,1.2,25,502,98,0.028,8.1,12.5,236,104,50.61301361
LEE (CORK)_3547,3/28/2017,84,0.04,1.6,30,271,98,0.019,7.6,4,106,93,61.02877832
LEE (CORK)_3548,3/29/2017,83,0.033,1,31,288,97,0.023,7.6,5.5,120,121,59.92562864
LEE (CORK)_3549,3/30/2017,230,0.033,1.2,30,552,121,0.019,8.4,20.1,276,42,50.50244684
LEE (CORK)_3550,3/31/2017,92,0.033,1,22,283,96,0.022,7.5,9.1,95,186,57.56221798
LEE (CORK)_3551,4/1/2017,220,0.033,1.2,29,521,97,0.033,8.1,7.3,242,77,51.54667928
LEE (CORK)_3552,4/2/2017,248,0.033,1.2,28,565,107,0.025,8.3,9.2,276,47,51.42771769
LEE (CORK)_3553,4/3/2017,278,0.033,1.2,28,604,108,0.019,8.3,13.8,336,38,51.27363806
LEE (CORK)_3554,4/4/2017,104,0.033,2.1,17,265,91,0.026,7.6,14.2,120,246,56.03246251
LEE (CORK)_3555,4/5/2017,109,0.033,1.2,23,306,97,0.022,7.7,6.6,140,149,58.81165042
LEE (CORK)_3556,4/6/2017,101,0.04,1.4,20,273,97,0.019,7.7,4.8,111,141,59.12022168
LEE (CORK)_3557,4/7/2017,141,0.033,1,21,350,95,0.02,8.1,6.8,162,133,59.63804219
LEE (CORK)_3558,4/8/2017,250,0.033,1.2,27,538,106,0.019,8.3,12.7,270,28,52.26316931
LEE (CORK)_3559,4/9/2017,81,0.03,1.2,18,240,97,0.013,7.7,2.7,98,139,59.19854602
LEE (CORK)_3560,4/10/2017,176,0.033,1.2,21,423,101,0.024,8,5.3,198,103,57.71472954
LEE (CORK)_3561,4/11/2017,122,0.033,1.2,21,318,99,0.023,7.9,11.3,136,134,59.19854602
LEE (CORK)_3562,4/12/2017,224,0.033,1.2,23,498,113,0.028,8.4,17.2,236,61,50.77411931
LEE (CORK)_3563,4/13/2017,170,0.033,1.2,33,453,100,0.026,7.9,7.9,200,68,59.21455715
LEE (CORK)_3564,4/14/2017,184,0.033,1.2,26,449,99,0.028,8,7.4,204,90,55.09087568
LEE (CORK)_3565,4/15/2017,264,0.033,1.2,25,575,107,0.019,8.3,9.2,280,34,51.79860571
LEE (CORK)_3566,4/16/2017,160,0.033,1.1,21,378,100,0.019,7.8,16.5,180,207,56.54104187
LEE (CORK)_3567,4/17/2017,41,0.08,2.8,16,153,91,0.021,7.5,10.7,86,215,57.0075643
LEE (CORK)_3568,4/18/2017,117,0.033,1,21,302,99,0.019,7.8,8.1,134,206,56.65192731
LEE (CORK)_3569,4/19/2017,99,0.033,1.2,17,259,100,0.019,7.7,5.8,113,134,59.10071526
LEE (CORK)_3570,4/20/2017,106,0.033,1.2,23,282,100,0.019,7.9,9.1,118,156,58.27096716
LEE (CORK)_3571,4/21/2017,258,0.033,1.2,26,559,100,0.019,8.1,13.9,272,59,51.61009703
LEE (CORK)_3572,4/22/2017,80,0.033,1.1,23,258,97,0.019,7.5,9.3,104,249,55.50299454
LEE (CORK)_3573,4/23/2017,146,0.02,1.2,31,396,98,0.019,7.9,6.3,168,73,61.96000533
LEE (CORK)_3574,4/24/2017,102,0.033,1.2,23,294,96,0.019,8,11.5,120,173,58.01817134
LEE (CORK)_3575,4/25/2017,180,0.034,1.2,30,447,114,0.019,8.4,14.6,188,111,56.16722746
LEE (CORK)_3576,4/26/2017,68,0.033,1.4,19,228,92,0.018,7.6,8.6,97,238,56.19944208
LEE (CORK)_3577,4/27/2017,64,0.027,1.2,28,238,95,0.019,7.6,7,88,119,60.21959734
LEE (CORK)_3578,4/28/2017,217,0.033,1.2,32,559,105,0.019,8.2,7.6,262,45,51.84525238
LEE (CORK)_3579,4/29/2017,82,0.033,1.1,18,227,96,0.016,7.4,8.8,97,173,58.01817134
LEE (CORK)_3580,4/30/2017,109,0.023,1.2,19,288,97,0.012,7.6,9.3,129,118,60.05082202
LEE (CORK)_3581,5/1/2017,196,0.033,1.2,26.6,443,57.15,0.019,7.9,4.9,204,76,60.44861821
LEE (CORK)_3582,5/2/2017,248,0.033,1,26.2,555,52.15,0.019,8.3,16.4,271,39,57.60785228
LEE (CORK)_3583,5/3/2017,130,0.033,1.6,23.3,326,56,0.019,8.1,15.7,149,137,64.07628549
LEE (CORK)_3584,5/4/2017,165,0.033,1.8,19.9,407,54.2,0.019,8.1,11.8,186,160,60.34886419
LEE (CORK)_3585,5/5/2017,112,0.033,1.1,20,291,49.45,0.019,7.8,5.6,131,168,63.28709491
LEE (CORK)_3586,5/6/2017,255,0.033,1.2,24,545,61.2,0.019,8.3,10.5,258,44,56.31999708
LEE (CORK)_3587,5/7/2017,183,0.023,1.2,22.3,416,57.1,0.019,8.4,15.9,193,90,63.6228505
LEE (CORK)_3588,5/8/2017,199,0.033,2.2,20.7,446,49.55,0.019,8,11,220,165,57.00161913
LEE (CORK)_3589,5/9/2017,104,0.033,1.2,17.9,265,58.5,0.019,7.6,6.8,124,158,62.63705856
LEE (CORK)_3590,5/10/2017,52,0.033,1.2,19.6,174,52.1,0.013,7.5,2.6,66,82,68.10744508
LEE (CORK)_3591,5/11/2017,123,0.033,1,17.9,306,64.3,0.019,8,10.8,150,151,62.2638847
LEE (CORK)_3592,5/12/2017,267,0.033,1,25,550,59.5,0.019,8.4,14.9,278,40,56.54798664
LEE (CORK)_3593,5/13/2017,137,0.033,1.1,21,337,55.6,0.019,8,13.7,150,160,62.90397373
LEE (CORK)_3594,5/14/2017,111,0.033,1.2,22.8,364,55.35,0.019,7.9,8.3,159,127,64.73299217
LEE (CORK)_3595,5/15/2017,141,0.033,1.2,23.1,365,55.1,0.019,7.9,9.9,164,104,66.1541155
LEE (CORK)_3596,5/16/2017,202,0.033,1.2,26.8,482,54.75,0.019,8.2,9.2,225,59,56.93673178
LEE (CORK)_3597,5/17/2017,144,0.031,2.7,22.5,354,54.5,0.019,8.1,13.6,157,141,64.06245508
LEE (CORK)_3598,5/18/2017,139,0.034,1.6,18.6,338,47.8,0.012,7.9,13.8,159,228,60.60726375
LEE (CORK)_3599,5/19/2017,83,0.02,1.1,15.8,223,52.25,0.016,7.5,9.7,98,205,61.13619584
LEE (CORK)_3600,5/20/2017,64,0.033,1.2,37,262,50.65,0.015,7.5,5.2,92,62,69.82960402
LEE (CORK)_3601,5/21/2017,214,0.033,1.1,26.4,496,54.9,0.019,8.4,10.7,232,37,57.8765505
LEE (CORK)_3602,5/22/2017,149,0.033,1,19.8,376,52,0.019,8,12.9,197,192,61.76881799
LEE (CORK)_3603,5/23/2017,127,0.033,1.7,25.1,289,51.4,0.01,7.6,8.5,16,109,66.42280975
LEE (CORK)_3604,5/24/2017,150,0.023,1.2,18.2,341,54.9,0.019,7.9,10.7,168,88,67.22082359
LEE (CORK)_3605,5/25/2017,242,0.033,1.2,23.1,526,26.55,0.019,8.5,12.6,254,49,60.56756471
LEE (CORK)_3606,5/26/2017,234,0.033,1.2,22.3,518,62.85,0.019,8.4,14.4,252,44,56.31645342
LEE (CORK)_3607,5/27/2017,193,0.033,1.2,18.9,427,57.95,0.019,8.2,14.3,208,181,55.56544293
LEE (CORK)_3608,5/28/2017,106,0.033,1.7,15.5,260,56.6,0.019,7.6,10.3,121,221,59.96722875
LEE (CORK)_3609,5/29/2017,94,0.033,1.2,27,267,55.6,0.01,7,6.3,109,103,66.13843799
LEE (CORK)_3610,5/30/2017,251,0.033,1,28.2,554,66.3,0.073,8.4,14.1,264,38,50.84942616
LEE (CORK)_3611,5/31/2017,123,0.033,1,24.6,318,55.6,0.019,7.9,14.8,144,154,63.2149291
LEE (CORK)_3612,6/1/2017,126,0.033,1.1,23.4,326,54.3,0.019,7.7,12.1,150,150,63.59932012
LEE (CORK)_3613,6/2/2017,136,0.033,1.3,20.4,340,55.6,0.02,7.3,10.1,162,199,61.02877832
LEE (CORK)_3614,6/3/2017,88,0.033,1,21,281,93,0.023,7.9,8.3,111,120,60.39052302
LEE (CORK)_3615,6/4/2017,240,0.033,1.2,30,553,109,0.023,8.3,9.5,268,44,51.43468562
LEE (CORK)_3616,6/5/2017,224,0.033,1.2,32,562,99,0.023,8.3,14.4,248,55,52.04622868
LEE (CORK)_3617,6/6/2017,244,0.033,1.2,26,554,98,0.031,8.2,12.5,268,90,50.79067653
LEE (CORK)_3618,6/7/2017,98,0.04,1.2,31,315,98,0.026,7.5,4.5,130,86,61.34777716
LEE (CORK)_3619,6/8/2017,110,0.033,1.2,31,346,97,0.027,7.7,6.1,134,111,60.34758788
LEE (CORK)_3620,6/9/2017,244,0.033,1.2,30,573,132,0.019,8.5,19.8,284,60,49.02075353
LEE (CORK)_3621,6/10/2017,129,0.033,1.2,23,345,97,0.024,7.7,9.3,148,178,57.75301937
LEE (CORK)_3622,6/11/2017,244,0.033,1.2,29,563,98,0.036,8.2,7.2,266,58,51.88845476
LEE (CORK)_3623,6/12/2017,264,0.033,1.2,28,616,107,0.028,8.3,9.1,298,41,51.41553276
LEE (CORK)_3624,6/13/2017,292,0.033,1.2,28,625,109,0.019,8.3,13.6,356,41,50.93565452
LEE (CORK)_3625,6/14/2017,122,0.033,1.9,19,324,93,0.03,7.7,14.2,140,214,56.87697033
LEE (CORK)_3626,6/15/2017,130,0.033,1.2,24,363,96,0.025,7.7,6.8,182,134,59.49658072
LEE (CORK)_3627,6/16/2017,132,0.033,1.1,20,322,98,0.025,7.7,5,152,123,59.74003147
LEE (CORK)_3628,6/17/2017,162,0.033,1.2,22,406,95,0.023,8.1,7.1,180,114,57.90738732
LEE (CORK)_3629,6/18/2017,104,0.03,1.1,19,294,95,0.023,7.8,3,121,123,60.05082202
LEE (CORK)_3630,6/19/2017,202,0.033,1.2,22,465,98,0.027,8,5.6,228,87,51.32018844
LEE (CORK)_3631,6/20/2017,162,0.033,1,22,378,99,0.026,8,11.3,170,115,59.96722875
LEE (CORK)_3632,6/21/2017,234,0.033,1.2,23,535,111,0.031,8.4,16.6,266,58,50.84547134
LEE (CORK)_3633,6/22/2017,210,0.033,1.2,32,511,101,0.03,8,8,228,61,51.86323656
LEE (CORK)_3634,6/23/2017,210,0.033,1.2,27,506,99,0.031,8.1,7.8,216,85,51.24613153
LEE (CORK)_3635,6/24/2017,276,0.033,1.2,25,602,105,0.019,8.3,8.7,296,32,51.90108155
LEE (CORK)_3636,6/25/2017,194,0.033,1.2,22,440,101,0.019,8,16.5,208,132,53.42673496
LEE (CORK)_3637,6/26/2017,58,0.033,3.3,17,186,92,0.024,7.6,10.8,85,190,57.77051631
LEE (CORK)_3638,6/27/2017,142,0.033,1.2,22,357,103,0.019,7.9,8.4,162,179,57.20624402
LEE (CORK)_3639,6/28/2017,126,0.03,1.2,18,319,97,0.019,7.9,5.9,154,124,59.80160741
LEE (CORK)_3640,6/29/2017,136,0.033,1.2,23,332,102,0.019,8,9.2,154,145,58.49185918
LEE (CORK)_3641,6/30/2017,278,0.033,1.2,27,604,108,0.019,8.2,13.8,316,54,50.8006214
LEE (CORK)_3642,7/1/2017,113,0.033,1.2,23,314,96,0.013,7.7,9.4,144,224,56.32246642
LEE (CORK)_3643,7/2/2017,180,0.033,1.2,32,456,97,0.019,7.9,6.4,204,66,56.22031839
LEE (CORK)_3644,7/3/2017,132,0.033,1.2,23,330,96,0.019,8.1,11.5,146,173,58.01817134
LEE (CORK)_3645,7/4/2017,218,0.033,1.2,26,473,109,0.019,8.4,14.2,222,89,50.2954021
LEE (CORK)_3646,7/5/2017,87,0.033,1.6,21,281,92,0.019,7.6,8.8,119,220,56.76389825
LEE (CORK)_3647,7/6/2017,85,0.02,1.2,28,294,95,0.011,7.7,7.1,112,112,60.52015196
LEE (CORK)_3648,7/7/2017,235,0.033,1.2,32,589,103,0.019,8.3,7.4,284,42,51.93541379
LEE (CORK)_3649,7/8/2017,105,0.033,1.2,20,284,97,0.021,7.5,8.9,125,164,58.25273653
LEE (CORK)_3650,7/9/2017,137,0.021,1.2,21,355,94,0.016,7.6,9.3,165,111,60.67296473
LEE (CORK)_3651,7/10/2017,217,0.033,1.2,26.7,503,56.85,0.019,8,5.2,237,71,55.93949974
LEE (CORK)_3652,7/11/2017,264,0.022,2,26.4,581,52.15,0.019,8.3,15.7,284,38,57.44902462
LEE (CORK)_3653,7/12/2017,147,0.033,1.3,23.6,365,57.65,0.019,8.2,16,168,132,64.12478727
LEE (CORK)_3654,7/13/2017,201,0.033,1.6,21.2,459,55.75,0.012,8.2,12.1,224,133,53.58492055
LEE (CORK)_3655,7/14/2017,134,0.033,1,20.9,343,50,0.019,7.9,5.7,158,148,64.29922656
LEE (CORK)_3656,7/15/2017,286,0.033,1.2,24.3,595,58.75,0.019,8.3,9.4,296,44,56.16579895
LEE (CORK)_3657,7/16/2017,205,0.033,1.2,22.5,505,56.5,0.019,8.4,15.3,243,73,55.91051759
LEE (CORK)_3658,7/17/2017,225,0.033,1.6,20.5,498,53.1,0.019,8.2,10.8,250,140,53.29064864
LEE (CORK)_3659,7/18/2017,131,0.033,1.2,19.1,321,57.25,0.019,7.8,7,152,137,63.90427027
LEE (CORK)_3660,7/19/2017,70,0.033,1.2,20.1,212,52.6,0.012,7.5,3,86,81,68.08999654
LEE (CORK)_3661,7/20/2017,152,0.033,1.1,19.1,370,63.9,0.019,8,11,189,139,62.91680328
LEE (CORK)_3662,7/21/2017,256,0.033,1,38.5,623,58.4,0.019,8.3,14.4,300,38,56.54798664
LEE (CORK)_3663,7/22/2017,154,0.033,1,43.8,450,53.55,0.019,8,12.8,177,150,60.80605683
LEE (CORK)_3664,7/23/2017,161,0.028,2,23.5,434,56.35,0.019,8,8.9,197,110,62.55354895
LEE (CORK)_3665,7/24/2017,270,0.029,1.2,17,550,49.9,0.017,8,16.7,286,107,54.54511873
LEE (CORK)_3666,7/25/2017,259,0.02,1.2,16.1,561,54.9,0.014,8,10.7,301,66,55.77198008
LEE (CORK)_3667,7/26/2017,16,0.033,1.2,24,124,96,0.019,7.6,6.5,37,72,62.2516071
LEE (CORK)_3668,7/27/2017,17,0.033,1.2,23,122,99,0.019,7.4,7.6,36,86,61.23301238
LEE (CORK)_3669,7/28/2017,15,0.033,1.2,25,124,95,0.015,7.2,6.9,35,96,61.23301238
LEE (CORK)_3670,7/29/2017,10,0.033,1.2,25,120,95,0.019,7.3,8.3,50,81,61.93596771
LEE (CORK)_3671,7/30/2017,41,0.04,1.2,29,195,93,0.019,7.9,9,60,60,63.24113177
LEE (CORK)_3672,7/31/2017,67,0.033,1.2,25,229,110,0.019,8.3,11.2,81,33,62.44929205
LEE (CORK)_3673,8/1/2017,97,0.033,1.2,23,272,104,0.018,8.3,13.5,105,29,63.42581778
LEE (CORK)_3674,8/2/2017,32,0.033,1.2,24,159,98,0.018,7.9,16.6,54,70,62.1050753
LEE (CORK)_3675,8/3/2017,69,0.033,1.2,23,220,103,0.03,8.2,21,79,59,62.03235885
LEE (CORK)_3676,8/4/2017,78,0.033,1.2,17,235,54.9,0.024,8.1,10.7,82,131,64.56806987
LEE (CORK)_3677,8/5/2017,35,0.033,1.2,14,102,68,0.013,7.5,12.4,43,271,57.05691812
LEE (CORK)_3678,8/6/2017,37,0.033,1.2,18,156,95,0.024,7.3,16.5,51,199,57.20624402
LEE (CORK)_3679,8/7/2017,104,0.033,1.2,17,259,101,0.025,8,15.3,110,63,62.080796
LEE (CORK)_3680,8/8/2017,20,0.06,3.4,16,101,94,0.016,7.9,13.3,40,202,57.18955787
LEE (CORK)_3681,8/9/2017,18,0.033,1.2,17,108,94,0.016,7.8,13.2,40,205,57.08993718
LEE (CORK)_3682,8/10/2017,31,0.033,1.2,18,119,93,0.017,7.8,10.2,42,160,58.77360223
LEE (CORK)_3683,8/11/2017,127,0.033,1.2,20,88,100,0.019,7.9,9.8,36,91,60.89427024
LEE (CORK)_3684,8/12/2017,37,0.033,1.2,21,150,89,0.017,7.8,2.7,60,81,62.67489858
LEE (CORK)_3685,8/13/2017,26,0.03,1.2,22,145,95,0.019,7.1,4.7,54,87,61.65060668
LEE (CORK)_3686,8/14/2017,13,0.033,1.2,20,101,103,0.012,7.3,3.3,31,93,60.47680444
LEE (CORK)_3687,8/15/2017,22,0.033,1.2,33,159,105,0.014,7.6,4.6,38,71,61.23301238
LEE (CORK)_3688,8/16/2017,25,0.033,1.2,31,168,88,0.019,7.7,5.3,50,55,64.1873654
LEE (CORK)_3689,8/17/2017,25,0.033,1.2,33,172,95,0.019,7.3,9.8,48,61,62.92964378
LEE (CORK)_3690,8/18/2017,112,0.033,1.2,24,290,88,0.019,8.1,12.7,122,35,65.34233027
LEE (CORK)_3691,8/19/2017,68,0.033,1.2,26,232,105,0.019,7.7,16.8,92,81,60.78317207
LEE (CORK)_3692,8/20/2017,90,0.033,1.2,21,250,102,0.023,8.1,12.8,94,58,62.20259949
LEE (CORK)_3693,8/21/2017,14,0.033,1,15,84,98,0.019,7.5,15.9,152,232,55.92749383
LEE (CORK)_3694,8/22/2017,127,0.033,1.3,13,65,90,0.019,6.9,15.2,36,263,55.60395902
LEE (CORK)_3695,8/23/2017,73,0.183,1.2,24.74,356,42.19,0.062,7.6,12.2,130.6,81,66.23662238
LEE (CORK)_3696,8/24/2017,60,0.033,1.2,14,163,77,0.016,7.7,15.2,72,202,58.69784911
LEE (CORK)_3697,8/25/2017,25,0.033,1,13,101,54.9,0.019,6.9,13.6,41,168,62.5867545
LEE (CORK)_3698,8/26/2017,127,0.015,1.2,14.86,356,58.18,0.026,7.4,9.4,63.3,93,66.36239012
LEE (CORK)_3699,8/27/2017,10,0.033,1.2,17,95,97,0.016,7.1,9.5,52,142,59.08123856
LEE (CORK)_3700,8/28/2017,16,0.033,1.2,16,428,54.9,0.015,7.7,10.7,36,133,61.54434178
LEE (CORK)_3701,8/29/2017,72,0.033,1.2,19,214,84,0.022,7.9,0.6,84,54,64.81246288
LEE (CORK)_3702,8/30/2017,14,0.033,1.2,18,97,96,0.016,7.3,7.4,152,126,59.82219688
LEE (CORK)_3703,8/31/2017,40,0.033,1.2,21,150,99,0.017,8,7.1,52,76,61.69777397
LEE (CORK)_3704,9/1/2017,15,0.033,1.2,20,106,99,0.015,7,10.7,41,121,59.71957007
LEE (CORK)_3705,9/2/2017,51,0.04,1.2,22,189,92,0.019,7.5,9.1,86,72,62.75086799
LEE (CORK)_3706,9/3/2017,38,0.033,1.2,24,166,102,0.018,7.9,11.5,102,72,61.53336706
LEE (CORK)_3707,9/4/2017,127,0.013,1.2,10.85,356,56.75,0.019,6.7,10.4,21.4,134,64.13867223
LEE (CORK)_3708,9/5/2017,13,0.033,1.1,19,104,100,0.019,7.3,9.3,32,175,57.59668369
LEE (CORK)_3709,9/6/2017,88,0.033,1.2,16.07,356,60.15,0.019,7.2,24.2,81.6,45,69.32252437
LEE (CORK)_3710,9/7/2017,97,0.033,1.2,17,250,103,0.023,8.4,18.9,100,60,61.984083
LEE (CORK)_3711,9/8/2017,39,0.033,1.2,15,131,101,0.018,7.7,16,82,247,55.27570122
LEE (CORK)_3712,9/9/2017,127,0.033,1.3,12,69,95,0.016,7.2,14.1,152,280,54.78134872
LEE (CORK)_3713,9/10/2017,10,0.033,1.2,10,60,98,0.019,6.8,13.2,152,247,55.48864749
LEE (CORK)_3714,9/11/2017,61,0.033,1.2,16,176,106,0.016,7.9,11.4,76,107,59.57722789
LEE (CORK)_3715,9/12/2017,54,0.033,1,17,185,92,0.015,7.6,13.6,67,110,60.93896122
LEE (CORK)_3716,9/13/2017,20,0.033,1,13,85,101,0.017,7.4,10.5,72,230,55.76453321
LEE (CORK)_3717,9/14/2017,20,0.033,1.2,15,108,99,0.013,8,5.2,45,106,60.34758788
LEE (CORK)_3718,9/15/2017,18,0.033,1.2,15,105,83,0.017,7.5,5.9,36,116,61.69777397
LEE (CORK)_3719,9/16/2017,9,0.033,1.2,17,135,99,0.016,7,6.6,41,96,60.78317207
LEE (CORK)_3720,9/17/2017,12,0.033,1,13,82,85,0.015,7.7,4.4,32,154,59.80160741
LEE (CORK)_3721,9/18/2017,73,0.033,1.2,15,203,95,0.026,8.1,4,83,62,62.87834739
LEE (CORK)_3722,9/19/2017,28,0.033,1,17,121,98,0.018,7.4,6.8,39,135,59.25760466
LEE (CORK)_3723,9/20/2017,92,0.033,1,16,240,106,0.022,8.3,12.7,95,51,62.05655721
LEE (CORK)_3724,9/21/2017,101,0.033,1.2,16,258,103,0.023,8.3,13.1,105,38,63.08458796
LEE (CORK)_3725,9/22/2017,132,0.033,1.2,18,313,110,0.03,8.4,17.9,156,28,62.70017876
LEE (CORK)_3726,9/23/2017,99,0.03,1.2,21,261,100,0.014,7.9,20.1,108,40,63.37282299
LEE (CORK)_3727,9/24/2017,42,0.04,2,13,143,100,0.018,8,17.1,55,177,57.52785156
LEE (CORK)_3728,9/25/2017,150,0.03,1.2,23,405,94,0.02,8,17.1,172,57,60.52096601
LEE (CORK)_3729,9/26/2017,16,0.033,1.2,10,68,99,0.016,7.4,14.1,34,261,55.02563672
LEE (CORK)_3730,9/27/2017,61,0.033,1.2,14,170,105,0.022,8.1,11.3,68,111,59.51669573
LEE (CORK)_3731,9/28/2017,11,0.033,1.2,18,89,95,0.015,6.7,8.2,31,187,57.61395391
LEE (CORK)_3732,9/29/2017,34,0.033,1.2,17,128,102,0.013,7.6,2.7,50,75,61.39394655
LEE (CORK)_3733,9/30/2017,140,0.033,1.2,31,399,96,0.032,7.8,3,162,71,62.30077939
LEE (CORK)_3734,10/1/2017,127,0.033,1.2,12,68,99,0.017,7.8,7.1,152,146,58.73566863
LEE (CORK)_3735,10/2/2017,12,0.033,1.2,12,71,98,0.013,6.9,7.3,152,96,60.89427024
LEE (CORK)_3736,10/3/2017,15,0.033,1.2,18,99,99,0.012,7.2,7.5,38,146,58.73566863
LEE (CORK)_3737,10/4/2017,30,0.033,1.2,15,124,97,0.044,7.5,7.4,43,151,58.73566863
LEE (CORK)_3738,10/5/2017,88,0.033,1.2,14,219,104,0.029,7.8,12.6,89,68,61.4867408
LEE (CORK)_3739,10/6/2017,105,0.033,1.2,15,258,106,0.014,8.2,12.3,112,47,62.2516071
LEE (CORK)_3740,10/7/2017,14,0.033,1.5,13,85,110,0.019,7.2,12.2,39,190,56.2915838
LEE (CORK)_3741,10/8/2017,12,0.033,1.1,16,359,98,0.019,8.3,9.7,34,136,59.21820208
LEE (CORK)_3742,10/9/2017,89,0.033,1.2,15,238,101,0.026,7.8,13.4,96,63,62.080796
LEE (CORK)_3743,10/10/2017,68,0.033,1.2,17,206,94,0.021,7.6,14.5,83,80,62.1050753
LEE (CORK)_3744,10/11/2017,56,0.033,1.2,13,160,101,0.021,7.7,14.2,63,163,57.92914091
LEE (CORK)_3745,10/12/2017,11,0.033,1.2,12,75,98,0.019,7.2,13.6,32,214,56.47816021
LEE (CORK)_3746,10/13/2017,22,0.033,1,15,103,100,0.017,7.3,12.3,40,214,56.32246642
LEE (CORK)_3747,10/14/2017,49,0.033,2.1,13,145,100,0.022,7.7,10.1,55,153,58.38092043
LEE (CORK)_3748,10/15/2017,9,0.033,1.2,42,176,95,0.019,7.4,2.7,50,51,63.4523838
LEE (CORK)_3749,10/16/2017,9,0.033,1.2,29,126,99,0.019,6.7,8.4,152,66,62.1781572
LEE (CORK)_3750,10/17/2017,10,0.033,1.2,33,149,99,0.016,7.3,8.5,35,71,61.93596771
LEE (CORK)_3751,10/18/2017,16,0.033,1.2,15,84,100,0.015,7.5,10,152,205,56.60427296
LEE (CORK)_3752,10/19/2017,17,0.033,1.2,13,77,102,0.019,7.2,6,152,206,56.41562518
LEE (CORK)_3753,10/20/2017,69,0.033,1.2,17,193,103,0.019,7.9,3.5,70,101,60.1349433
LEE (CORK)_3754,10/21/2017,68,0.033,1.2,16,195,103,0.019,8,13,72,80,61.05132372
LEE (CORK)_3755,10/22/2017,46,0.11,1,19,166,99,0.019,7.8,9.6,68,107,60.30478896
LEE (CORK)_3756,10/23/2017,30,0.033,1.2,14,114,101,0.019,8,12.3,40,178,57.40834501
LEE (CORK)_3757,10/24/2017,19,0.033,1,9,72,99,0.019,7.4,12.4,31,294,54.15670049
LEE (CORK)_3758,10/25/2017,140,0.033,1.2,19,370,93,0.019,7.9,13.2,168,93,61.60359485
LEE (CORK)_3759,10/26/2017,18,0.06,1.2,11,85,95,0.019,7,14.5,37,323,53.68809463
LEE (CORK)_3760,10/27/2017,127,0.033,1,12,68,102,0.019,7.3,10,152,193,56.82837502
LEE (CORK)_3761,10/28/2017,17,0.033,1.2,14,80,91,0.019,7.8,8,32,166,58.73566863
LEE (CORK)_3762,10/29/2017,44,0.033,1.2,17,142,97,0.019,7.4,8.5,58,134,59.39647037
LEE (CORK)_3763,10/30/2017,50,0.033,1.2,16,154,90,0.019,7.3,9.6,65,129,60.32617143
LEE (CORK)_3764,10/31/2017,23,0.033,1.2,17,113,112,0.019,7.7,9.2,46,119,58.52905997
LEE (CORK)_3765,11/1/2017,9,0.033,1.2,13,72,100,0.019,7.2,9.9,32,136,59.02298621
LEE (CORK)_3766,11/2/2017,30,0.033,1.2,15,112,96,0.019,7.5,4.3,39,125,59.86347248
LEE (CORK)_3767,11/3/2017,21,0.033,1.2,12,89,98,0.019,7.5,6.2,39,150,58.67898199
LEE (CORK)_3768,11/4/2017,28,0.033,1.2,15,111,98,0.019,7,5.1,34,134,59.29712828
LEE (CORK)_3769,11/5/2017,10,0.033,1.2,36,151,97,0.019,7.1,7.2,35,32,64.21525717
LEE (CORK)_3770,11/6/2017,53,0.04,1.2,22,190,97,0.019,7.6,3.7,65,46,63.4523838
LEE (CORK)_3771,11/7/2017,46,0.033,1.2,20,171,98,0.019,7.8,3.2,59,64,62.3996211
LEE (CORK)_3772,11/8/2017,85,0.033,1.2,19,243,102,0.019,7.9,1.4,94,37,63.26737949
LEE (CORK)_3773,11/9/2017,18,0.033,1.2,16,93,98,0.019,7.3,6.6,152,129,59.49658072
LEE (CORK)_3774,11/10/2017,9,0.033,1.2,13,63,100,0.019,7.2,8.9,152,147,58.60379624
LEE (CORK)_3775,11/11/2017,74,0.033,1.2,17,205,107,0.019,8,17,89,88,60.26212565
LEE (CORK)_3776,11/12/2017,44,0.033,1.2,16,141,98,0.019,7.7,18,52,140,59.06179153
LEE (CORK)_3777,11/13/2017,18,0.033,1.2,12,87,98,0.019,7.8,18.5,32,239,55.72050576
LEE (CORK)_3778,11/14/2017,44,0.033,1.2,14,136,97,0.019,7.7,10.8,52,188,57.40834501
LEE (CORK)_3779,11/15/2017,65,0.04,1.2,20,199,88,0.019,7.6,13.7,80,88,62.44929205
LEE (CORK)_3780,11/16/2017,33,0.033,1.2,17,129,96,0.019,7.5,10.2,50,178,57.84075921
LEE (CORK)_3781,11/17/2017,22,0.033,1.2,20,120,99,0.019,7.4,5.9,53,101,60.56363819
LEE (CORK)_3782,11/18/2017,26,0.033,1.2,24,138,101,0.019,7.3,7.2,38,94,60.65102928
LEE (CORK)_3783,11/19/2017,15,0.033,1.2,36,174,97,0.019,6.7,6.6,37,45,63.50565364
LEE (CORK)_3784,11/20/2017,36,0.021,1.2,21,148,101,0.019,7.3,7.1,46,78,61.37084295
LEE (CORK)_3785,11/21/2017,22,0.033,1.2,23,132,95,0.019,7.2,5.6,43,86,61.69777397
LEE (CORK)_3786,11/22/2017,63,0.033,1.2,20,202,104,0.019,7.9,10.2,77,85,60.71694141
LEE (CORK)_3787,11/23/2017,23,0.033,1.2,15,99,101,0.019,7.1,14.1,33,206,56.49384802
LEE (CORK)_3788,11/24/2017,51,0.035,1.2,19,174,97,0.019,7.4,15.4,57,130,59.55701925
LEE (CORK)_3789,11/25/2017,113,0.033,1.1,18,286,105,0.019,8.2,17.8,118,48,62.32542754
LEE (CORK)_3790,11/26/2017,64,0.033,1.2,13,183,100,0.019,7.8,20,70,174,57.63124911
LEE (CORK)_3791,11/27/2017,85,0.033,1.1,15,225,99,0.019,8.1,13.7,92,109,60.21959734
LEE (CORK)_3792,11/28/2017,51,0.033,1.2,14,157,100,0.019,7.7,16,63,182,57.35749433
LEE (CORK)_3793,11/29/2017,41,0.022,1.2,17,146,98,0.019,7.2,14.6,59,173,57.84075921
LEE (CORK)_3794,11/30/2017,63,0.033,1.2,14,184,96,0.019,7.9,11,65,88,61.4867408
LEE (CORK)_3795,12/1/2017,27,0.033,1.2,14,107,89,0.019,7.3,9.7,42,167,58.88809257
LEE (CORK)_3796,12/2/2017,10,0.033,1,10,58,98,0.016,6.8,10.9,152,168,58.01817134
LEE (CORK)_3797,12/3/2017,51,0.033,1.2,13,157,98,0.019,7.7,6.8,76,129,59.49658072
LEE (CORK)_3798,12/4/2017,11,0.033,1.2,12,71,98,0.019,7.1,5.4,31,149,58.71674464
LEE (CORK)_3799,12/5/2017,11,0.033,1.2,24,119,94,0.019,6.9,3.6,46,94,61.44026753
LEE (CORK)_3800,12/6/2017,25,0.033,1.2,34,181,100,0.019,7.6,2.7,47,31,63.85644103
LEE (CORK)_3801,12/7/2017,14,0.033,1.2,39,185,97,0.019,7.2,4.7,52,40,63.77478619
LEE (CORK)_3802,12/8/2017,21,0.033,1.2,23,127,99,0.019,7.5,11.1,31,90,61.05132372
LEE (CORK)_3803,12/9/2017,24,0.024,1.2,27,199,92,0.019,7.4,10.5,62,60,63.37282299
LEE (CORK)_3804,12/10/2017,14,0.033,1.2,19,100,100,0.019,7.5,11.8,25,121,59.61773929
LEE (CORK)_3805,12/11/2017,78,0.033,1.2,20,220,96,0.019,8.2,18,84,64,62.64966122
LEE (CORK)_3806,12/12/2017,85,0.033,1.2,19,231,99,0.013,8.2,16.5,95,64,62.27617261
LEE (CORK)_3807,12/13/2017,86,0.033,1.2,17,221,95,0.019,8,14.7,91,88,61.60359485
LEE (CORK)_3808,12/14/2017,69,0.033,1.2,15,178,102,0.019,7.7,14.1,69,143,58.56637216
LEE (CORK)_3809,12/15/2017,33,0.033,1,18,121,97,0.019,7.4,11.6,41,188,57.40834501
LEE (CORK)_3810,12/16/2017,78,0.033,1.2,15,207,97,0.019,7.9,12.8,89,94,61.09652449
LEE (CORK)_3811,12/17/2017,13,0.033,1.2,14,80,100,0.019,6.8,9.2,20,126,59.41643071
LEE (CORK)_3812,12/18/2017,29,0.033,1.2,19,126,96,0.019,7,7.1,38,116,60.24084466
LEE (CORK)_3813,12/19/2017,127,0.033,1,16,76,83,0.019,7.3,8.8,15,92,62.87834739
LEE (CORK)_3814,12/20/2017,11,0.033,1.2,12.4,82,50.55,0.019,7.3,6.4,24,116,66.11494822
LEE (CORK)_3815,12/21/2017,127,0.033,1.2,34.3,143,58.05,0.013,6.6,5.3,22,38,70.25186871
LEE (CORK)_3816,12/22/2017,127,0.033,1.2,36.3,155,56.45,0.019,6.8,5.2,25,48,69.79162249
LEE (CORK)_3817,12/23/2017,251,0.033,1.2,18.3,126,54.9,0.019,7.5,5.3,254,90,59.60268384
LEE (CORK)_3818,12/24/2017,37,0.033,1.2,17.6,135,56.75,0.019,7.4,5.3,41,93,66.59084234
LEE (CORK)_3819,12/25/2017,29,0.033,1.2,19.7,130,46.75,0.019,7.1,6.1,35,103,67.58233335
LEE (CORK)_3820,12/26/2017,100,0.033,1.2,18.1,255,51.75,0.019,8.2,15,108,41,71.26246168
LEE (CORK)_3821,12/27/2017,55,0.033,1.2,15.7,183,60,0.019,7.9,14.5,64,86,66.51863285
LEE (CORK)_3822,12/28/2017,34,0.033,1.2,18.3,160,53.05,0.019,7.3,15.2,47,90,67.39649246
LEE (CORK)_3823,12/29/2017,50,0.033,1.2,14.5,151,55.7,0.019,7.8,14.7,59,160,62.8911551
LEE (CORK)_3824,12/30/2017,33,0.033,1.2,13.5,112,55.15,0.019,7.5,14.2,41,255,58.75936373
LEE (CORK)_3825,12/31/2017,29,0.033,1.1,12.2,93,90,0.019,7.5,16.2,30,280,55.12218662
LEE (CORK)_3826,1/1/2018,60,0.033,1.2,13.3,153,55.05,0.019,7.9,14.2,63,163,62.82084746
LEE (CORK)_3827,1/2/2018,55,0.022,1.2,15.8,151,53.45,0.019,7.4,13,55,172,62.56793433
LEE (CORK)_3828,1/3/2018,22,0.033,1.2,12.1,107,57,0.019,7.3,7.3,27,182,61.65060668
LEE (CORK)_3829,1/4/2018,51,0.033,1.2,14,137,50.55,0.019,7.7,6.2,51,132,65.14163815
LEE (CORK)_3830,1/5/2018,34,0.021,1.3,16.7,124,50.05,0.019,7.3,6.1,38,148,64.29221221
LEE (CORK)_3831,1/6/2018,87,0.033,1.2,15.7,228,51.15,0.019,7.9,7.5,99,80,68.4153728
LEE (CORK)_3832,1/7/2018,48,0.033,1.2,20.5,154,56.2,0.019,7.8,6.2,52,64,68.65627867
LEE (CORK)_3833,1/8/2018,19,0.033,1.2,16.9,108,51.15,0.019,7.5,4.6,27,101,66.98097121
LEE (CORK)_3834,1/9/2018,19,0.033,1.2,19.7,115,49.55,0.019,7.1,4.3,29,97,67.51453975
LEE (CORK)_3835,1/10/2018,17,0.033,1.2,13.2,75,54.5,0.019,7.1,9.6,20,116,65.50765541
LEE (CORK)_3836,1/11/2018,67,0.033,1.2,14.8,184,61.25,0.019,8.1,12.5,73,69,67.43014365
LEE (CORK)_3837,1/12/2018,56,0.027,1.2,17.7,169,54.05,0.019,7.6,9,60,92,67.09636778
LEE (CORK)_3838,1/13/2018,51,0.037,1.5,15,178,58.4,0.019,8,13.8,66,78,67.30426642
LEE (CORK)_3839,1/14/2018,53,0.033,1,13.6,152,56.8,0.019,8,18,61,120,64.9287502
LEE (CORK)_3840,1/15/2018,54,0.033,1,15.3,167,53.7,0.019,7.7,17.6,65,108,66.12277461
LEE (CORK)_3841,1/16/2018,36,0.033,1.2,12.5,116,58.75,0.019,7.8,15.1,43,196,60.8108627
LEE (CORK)_3842,1/17/2018,21,0.033,1.2,9.15,65,54.25,0.019,7.4,16.9,22,247,59.15442967
LEE (CORK)_3843,1/18/2018,28,0.033,1.2,11.7,86,55.6,0.019,7.4,9.4,32,200,60.98379703
LEE (CORK)_3844,1/19/2018,28,0.04,1.2,13.5,92,54.4,0.019,7.1,11.4,33,205,60.89427024
LEE (CORK)_3845,1/20/2018,19,0.033,1.2,12.5,88,57.2,0.019,7.4,10.9,25,138,63.85644103
LEE (CORK)_3846,1/21/2018,32,0.033,1.2,13.6,110,54.55,0.019,7.9,9.2,41,131,64.61808639
LEE (CORK)_3847,1/22/2018,26,0.033,1.2,14.7,106,52.45,0.019,7.4,8.4,36,141,64.34841331
LEE (CORK)_3848,1/23/2018,15,0.033,1.2,15,71,55.4,0.01,6.9,3.8,16,76,67.9509774
LEE (CORK)_3849,1/24/2018,127,0.033,1.2,32.4,167,55.45,0.019,7,3.9,24,42,70.44652545
LEE (CORK)_3850,1/25/2018,28,0.033,1.2,20.1,128,65.55,0.019,7.6,3.9,37,54,67.7186623
LEE (CORK)_3851,1/26/2018,27,0.024,1.2,21.5,134,52.65,0.019,7.1,3.6,38,66,69.15620377
LEE (CORK)_3852,1/27/2018,127,0.033,1.2,15.7,93,57.4,0.019,7.4,7.5,23,91,66.6149776
LEE (CORK)_3853,1/28/2018,51,0.033,1.2,17.1,153,56.6,0.019,7.4,11.9,55,105,65.85864474
LEE (CORK)_3854,1/29/2018,61,0.033,1.2,14.6,165,54.2,0.019,8,10.9,65,89,67.2708438
LEE (CORK)_3855,1/30/2018,58,0.033,1.2,15,165,59.05,0.019,8.1,14.1,64,84,66.80110819
LEE (CORK)_3856,1/31/2018,134,0.033,1.2,16.9,313,51.85,0.019,8.5,18.5,145,30,72.14891766
LEE (CORK)_3857,2/1/2018,126,0.033,1.2,17.6,306,54.25,0.019,8.5,17.2,141,27,71.89839882
LEE (CORK)_3858,2/2/2018,86,0.03,1,18.6,238,51.35,0.019,7.7,19,98,54,70.31008692
LEE (CORK)_3859,2/3/2018,44,0.033,1.2,13.3,126,64.65,0.019,7.8,14,47,163,61.64472171
LEE (CORK)_3860,2/4/2018,33,0.033,1,15,123,54.9,0.019,7.3,10.7,40,142,63.95224557
LEE (CORK)_3861,2/5/2018,38,0.033,1.2,16.2,126,52.35,0.019,7.8,9.6,42,119,65.65175198
LEE (CORK)_3862,2/6/2018,18,0.033,1.2,14.7,94,57.2,0.019,7.5,7,29,137,63.91111492
LEE (CORK)_3863,2/7/2018,27,0.033,1.2,17.4,109,53.2,0.019,7.2,6.5,35,125,65.16381818
LEE (CORK)_3864,2/8/2018,27,0.033,1.2,13.7,103,56,0.019,7.5,4.9,33,143,63.74766241
LEE (CORK)_3865,2/9/2018,26,0.033,1.2,12.5,92,56.4,0.019,7.5,12.4,32,172,62.20259949
LEE (CORK)_3866,2/10/2018,19,0.033,1.2,19.3,105,54.95,0.019,7.4,6.9,27,84,67.48073528
LEE (CORK)_3867,2/11/2018,18,0.022,1.2,19.8,108,53.35,0.019,7.1,6.6,27,86,67.61632269
LEE (CORK)_3868,2/12/2018,12,0.033,1.2,38,167,60.6,0.019,7.1,6.8,31,51,68.80043322
LEE (CORK)_3869,2/13/2018,14,0.033,1.2,17.2,96,56.45,0.019,7.3,10.9,26,106,65.82014175
LEE (CORK)_3870,2/14/2018,18,0.033,1.2,19.1,135,53.35,0.019,7.4,10.7,42,91,67.27919376
LEE (CORK)_3871,2/15/2018,75,0.033,1,18.3,200,59.15,0.019,8,12.4,76,62,68.27399885
LEE (CORK)_3872,2/16/2018,41,0.033,1.2,15.2,127,56.9,0.019,7.7,13.5,44,148,63.35960281
LEE (CORK)_3873,2/17/2018,35,0.022,1.2,16.6,123,53.05,0.019,7.3,13.5,39,144,64.09705379
LEE (CORK)_3874,2/18/2018,109,0.033,1.2,16.8,256,60.35,0.019,8.4,15.8,106,56,68.48644536
LEE (CORK)_3875,2/19/2018,30,0.033,1.2,14.3,115,51.65,0.019,7.6,15.8,37,246,59.45143545
LEE (CORK)_3876,2/20/2018,25,0.033,1.1,8.74,60,50.5,0.019,7.3,14.4,31,268,58.70729332
LEE (CORK)_3877,2/21/2018,28,0.033,1.7,12.9,104,50.75,0.012,7.1,13.9,35,251,59.34173769
LEE (CORK)_3878,2/22/2018,15,0.033,1.2,17.6,92,53.3,0.019,7.8,9.4,22,132,64.74020081
LEE (CORK)_3879,2/23/2018,11,0.033,1.2,14.1,75,55.1,0.019,7.2,5.3,18,123,65.00185009
LEE (CORK)_3880,2/24/2018,11,0.033,1.2,13.9,77,49.55,0.019,7,5.4,22,157,63.86326485
LEE (CORK)_3881,2/25/2018,45,0.033,1.2,13.6,136,51.3,0.019,7.8,4.7,51,111,66.31167111
LEE (CORK)_3882,2/26/2018,34,0.033,1.2,22.1,152,61.6,0.019,7.6,7.6,46,53,68.47754719
LEE (CORK)_3883,2/27/2018,12,0.033,1.2,35.5,160,55.7,0.019,7.5,5.3,31,35,70.95062279
LEE (CORK)_3884,2/28/2018,14,0.033,1.2,36.4,169,54.05,0.019,7.2,5.2,34,42,70.72190992
LEE (CORK)_3885,3/1/2018,45,0.021,1.2,20.7,161,58,0.018,7.9,9.1,54,60,68.62040276
LEE (CORK)_3886,3/2/2018,127,0.033,1.5,21.7,124,56.4,0.019,7.3,12.8,28,116,65.22311007
LEE (CORK)_3887,3/3/2018,96,0.033,1.2,19.4,246,59.1,0.019,8.4,14,102,34,70.35871913
LEE (CORK)_3888,3/4/2018,72,0.033,1.2,22.5,227,54.265,0.019,7.8,14.5,87,50,70.0560316
LEE (CORK)_3889,3/5/2018,17,0.033,1.2,16.1,97,68,0.019,8.3,20.6,27,184,60.32617143
LEE (CORK)_3890,3/6/2018,34,0.033,1.2,11.2,100,53.5,0.019,8,13.7,42,244,59.34670382
LEE (CORK)_3891,3/7/2018,15,0.033,1,9.54,55,56.6,0.019,7.8,15.1,18,210,60.433595
LEE (CORK)_3892,3/8/2018,31,0.033,1.4,12.1,96,55.05,0.018,7.7,14.7,33,212,60.51472595
LEE (CORK)_3893,3/9/2018,34,0.033,1.2,12,103,58.3,0.019,7.4,10.7,37,129,64.20130517
LEE (CORK)_3894,3/10/2018,28,0.033,1.2,15.3,109,58.15,0.019,8,11.7,31,88,66.68758043
LEE (CORK)_3895,3/11/2018,25,0.033,1.2,17.3,111,56.05,0.019,7.5,10.6,31,98,66.38303664
LEE (CORK)_3896,3/12/2018,28,0.033,1.2,11.9,98,58.6,0.019,8,8.8,40,57,68.72822557
LEE (CORK)_3897,3/13/2018,56,0.033,1.1,12.3,153,59.9,0.019,7.9,4.2,61,69,67.65889637
LEE (CORK)_3898,3/14/2018,37,0.033,1.2,11.9,112,58.7,0.019,7.8,7.4,41,82,66.98918952
LEE (CORK)_3899,3/15/2018,48,0.029,1.2,14.6,142,55.8,0.019,7.5,5.2,51,87,67.13775889
LEE (CORK)_3900,3/16/2018,84,0.033,1.2,14.7,219,60.6,0.021,8.2,9.9,87,38,69.76318062
LEE (CORK)_3901,3/17/2018,68,0.02,1.2,16.9,192,56,0.023,7.7,11.2,71,55,69.35037539
LEE (CORK)_3902,3/18/2018,17,0.033,1.2,14.1,84,58.2,0.019,7.5,10.4,20,115,65.01650907
LEE (CORK)_3903,3/19/2018,80,0.033,1.2,13.7,201,27.1,0.019,8.1,12.9,80,66,74.40419653
LEE (CORK)_3904,3/20/2018,63,0.033,1.8,15.5,179,26.55,0.019,7.6,13.7,67,73,73.90048874
LEE (CORK)_3905,3/21/2018,19,0.033,1.6,11.7,72,56.05,0.019,7.2,14.7,22,120,65.03852199
LEE (CORK)_3906,3/22/2018,49,0.033,1.1,11.5,379,56.1,0.019,7.5,15.1,53,151,63.30683577
LEE (CORK)_3907,3/23/2018,104,0.033,1.2,14.1,249,60.1,0.019,8.3,15.8,109,58,68.38878698
LEE (CORK)_3908,3/24/2018,77,0.03,1.2,15.5,202,51.75,0.019,7.7,16.1,80,82,68.16863991
LEE (CORK)_3909,3/25/2018,24,0.033,1.2,8.68,77,57,0.019,7.4,11.1,28,251,58.73566863
LEE (CORK)_3910,3/26/2018,127,0.033,1.2,9.77,59,57.05,0.019,7.9,11.5,16,178,61.83425247
LEE (CORK)_3911,3/27/2018,10,0.033,1.3,10.4,57,56.6,0.013,7.6,11.3,16,160,62.77627723
LEE (CORK)_3912,3/28/2018,127,0.033,1.2,16.2,85,57.7,0.019,7.5,6.9,21,113,65.20826727
LEE (CORK)_3913,3/29/2018,54,0.02,1.2,18.1,159,56.7,0.012,7.8,6.3,56,53,69.36896356
LEE (CORK)_3914,3/30/2018,127,0.033,1.2,47.3,198,53.3,0.019,7.5,7,34,40,71.0307047
LEE (CORK)_3915,3/31/2018,13,0.033,1.2,44.1,191,56.2,0.019,7.4,6.2,36,42,70.30037324
LEE (CORK)_3916,4/1/2018,44,0.02,1.2,31.1,205,58.5,0.019,8.1,4.3,62,28,70.95062279
LEE (CORK)_3917,4/2/2018,77,0.033,1.2,24.4,243,61.15,0.019,8.2,14.5,89,30,70.27125776
LEE (CORK)_3918,4/3/2018,58,0.033,1.2,27,205,60.7,0.019,7.7,14.3,65,42,69.44348307
LEE (CORK)_3919,4/4/2018,51,0.033,1.2,21.7,184,58.3,0.019,7.5,14.7,62,60,68.56671057
LEE (CORK)_3920,4/5/2018,75,0.033,1.1,20.5,222,56.2,0.019,8.2,15.2,86,56,69.23919595
LEE (CORK)_3921,4/6/2018,57,0.032,1,22.3,192,52,0.019,7.9,17.1,68,69,69.05522416
LEE (CORK)_3922,4/7/2018,51,0.023,1.2,21.2,107,53.15,0.019,7.5,15.3,52,140,64.30624398
LEE (CORK)_3923,4/8/2018,46,0.033,1.3,18,153,53.2,0.019,7.8,16.2,51,87,67.57384566
LEE (CORK)_3924,4/9/2018,46,0.033,1.2,15.1,132,55.15,0.013,7.9,14.3,47,112,65.65175198
LEE (CORK)_3925,4/10/2018,45,0.033,1.2,17.1,135,52.25,0.022,7.8,15.3,46,108,66.3512828
LEE (CORK)_3926,4/11/2018,15,0.033,3.1,14.6,86,56,0.011,6.8,11.3,23,136,64.13172823
LEE (CORK)_3927,4/12/2018,21,0.033,1.2,11.6,81,54.2,0.019,7.6,8.5,23,151,63.55910789
LEE (CORK)_3928,4/13/2018,22,0.022,1.3,13.9,88,54.955,0.019,7.3,8.6,28,150,63.51165802
LEE (CORK)_3929,4/14/2018,19,0.033,1.2,21.5,123,57.35,0.019,7.6,1.6,29,52,69.32252437
LEE (CORK)_3930,4/15/2018,14,0.033,1.2,16.5,75,51.05,0.019,7.3,11,16,111,66.3512828
LEE (CORK)_3931,4/16/2018,15,0.033,1.3,18.2,95,51.15,0.019,7.8,10.3,23,100,67.0468223
LEE (CORK)_3932,4/17/2018,56,0.055,1.2,20.8,178,55.55,0.019,7.8,7,63,53,69.58392825
LEE (CORK)_3933,4/18/2018,42,0.033,1.2,25,181,104,0.015,7.5,7,69,97,60.19838362
LEE (CORK)_3934,4/19/2018,87,0.033,1.2,27,284,95,0.018,7.9,8.9,110,54,63.29367237
LEE (CORK)_3935,4/20/2018,80,0.033,1,19,242,100,0.024,7.8,16.2,95,187,57.18955787
LEE (CORK)_3936,4/21/2018,30,0.033,1.4,16,121,98,0.016,7.7,12.8,49,183,57.49358402
LEE (CORK)_3937,4/22/2018,81,0.033,1.2,22,257,96,0.022,7.7,5.3,110,79,61.91197004
LEE (CORK)_3938,4/23/2018,70,0.033,1.2,33,268,99,0.019,7.8,10,95,56,62.67489858
LEE (CORK)_3939,4/24/2018,111,0.033,1.2,28,326,111,0.019,8.1,16.7,144,41,61.93596771
LEE (CORK)_3940,4/25/2018,42,0.033,1.2,18,151,98,0.018,7.4,9.6,62,133,59.33677347
LEE (CORK)_3941,4/26/2018,32,0.033,1.2,19,139,97,0.017,7.3,7.4,44,128,59.63804219
LEE (CORK)_3942,4/27/2018,110,0.033,1.2,24,308,99,0.022,7.9,9.6,144,63,62.32542754
LEE (CORK)_3943,4/28/2018,45,0.033,7.8,20,162,101,0.019,7.3,9.2,56,160,58.03605589
LEE (CORK)_3944,4/29/2018,14,0.033,1.9,13,89,99,0.02,7.2,13.7,32,275,54.64805715
LEE (CORK)_3945,4/30/2018,91,0.033,1.2,18,254,98,0.018,7.9,13.5,105,113,60.15605668
LEE (CORK)_3946,5/1/2018,86,0.033,1,19,247,97,0.018,7.5,5.8,101,96,61.00626945
LEE (CORK)_3947,5/2/2018,57,0.033,1.3,19,181,101,0.019,7.5,7.5,67,98,60.47680444
LEE (CORK)_3948,5/3/2018,140,0.033,1.2,22,347,97,0.019,8.1,15.7,160,33,64.15952246
LEE (CORK)_3949,5/4/2018,26,0.033,1.2,14,119,96,0.019,7.8,7.1,40,149,58.90727551
LEE (CORK)_3950,5/5/2018,75,0.033,1.1,17,218,103,0.021,7.6,7.2,86,138,58.6601432
LEE (CORK)_3951,5/6/2018,30,0.033,1.5,14,119,97,0.012,7.4,11.6,39,171,58.00031303
LEE (CORK)_3952,5/7/2018,101,0.033,1,18,274,100,0.019,7.9,15.3,115,71,61.81637711
LEE (CORK)_3953,5/8/2018,53,0.03,1.2,32,214,98,0.02,7.5,8.8,73,74,61.91197004
LEE (CORK)_3954,5/9/2018,50,0.033,1.2,17,155,99,0.019,7.6,9.4,56,174,57.71810165
LEE (CORK)_3955,5/10/2018,73,0.033,1.2,19,220,94,0.019,7.9,10.4,88,101,61.11918001
LEE (CORK)_3956,5/11/2018,44,0.033,1.8,12,138,96,0.019,7.2,15.3,56,308,53.99390736
LEE (CORK)_3957,5/12/2018,98,0.033,1.2,18,259,102,0.019,7.7,8.7,108,127,59.17892001
LEE (CORK)_3958,5/13/2018,118,0.033,1.2,16,289,94,0.019,7.7,9.9,133,128,59.94641238
LEE (CORK)_3959,5/14/2018,34,0.033,1.2,15,130,102,0.019,7.5,9,53,136,58.83071764
LEE (CORK)_3960,5/15/2018,92,0.033,1.2,16,236,98,0.019,7.5,5.9,98,120,59.86347248
LEE (CORK)_3961,5/16/2018,114,0.033,1.2,22,307,100,0.019,7.8,4.6,128,58,62.44929205
LEE (CORK)_3962,5/17/2018,14,0.033,1.1,12,72,100,0.019,7.3,9.1,152,147,58.60379624
LEE (CORK)_3963,5/18/2018,86,0.033,1.2,21,250,93,0.019,7.8,14,99,87,61.88801224
LEE (CORK)_3964,5/19/2018,59,0.033,1.2,24,217,97,0.019,7.6,5.9,83,91,61.23301238
LEE (CORK)_3965,5/20/2018,101,0.033,1.2,21,285,99,0.019,7.9,14.8,115,107,60.30478896
LEE (CORK)_3966,5/21/2018,52,0.033,1.2,18,179,97,0.019,7.7,13.8,76,182,57.61395391
LEE (CORK)_3967,5/22/2018,17,0.033,2.2,13,84,98,0.018,7,10.9,35,177,57.70068076
LEE (CORK)_3968,5/23/2018,44,0.033,1.2,25,189,95,0.019,7.5,4.1,68,92,61.41708804
LEE (CORK)_3969,5/24/2018,71,0.033,1.2,29,297,100,0.019,7.9,10.4,112,54,62.64966122
LEE (CORK)_3970,5/25/2018,70,0.033,1.2,18,209,94,0.019,7.6,11.5,86,168,58.38092043
LEE (CORK)_3971,5/26/2018,90,0.033,1.2,21,244,97,0.019,7.5,6.7,102,115,60.17720343
LEE (CORK)_3972,5/27/2018,19,0.033,1.2,36.8,175,58.85,0.019,7,5.5,36,50,69.19304773
LEE (CORK)_3973,5/28/2018,73,0.033,1.2,20.7,205,56.6,0.019,7.6,6.5,82,95,66.48663402
LEE (CORK)_3974,5/29/2018,47,0.033,1.2,18.9,191,57.25,0.019,8,15.5,69,94,66.4467168
LEE (CORK)_3975,5/30/2018,107,0.033,1.2,17.2,261,53.5,0.019,7.9,14,117,147,63.87009165
LEE (CORK)_3976,5/31/2018,74,0.033,1.2,17.2,200,50.05,0.019,7.7,6.2,82,145,64.46141008
LEE (CORK)_3977,6/1/2018,55,0.033,1.2,20.7,187,54.7,0.019,7.7,4.3,68,92,66.98918952
LEE (CORK)_3978,6/2/2018,113,0.033,1.2,19.5,287,58.5,0.019,8,9.5,127,85,66.82552943
LEE (CORK)_3979,6/3/2018,73,0.033,1.2,16.8,203,53.25,0.019,8,16.6,84,105,66.38303664
LEE (CORK)_3980,6/4/2018,64,0.033,1.2,14.1,161,53.2,0.019,7.6,11.6,70,203,61.11918001
LEE (CORK)_3981,6/5/2018,58,0.033,1.2,15.5,178,56.3,0.019,7.7,8.5,81,134,64.20130517
LEE (CORK)_3982,6/6/2018,92,0.033,1.2,21.7,246,53.9,0.019,7.6,3.5,103,67,68.85476054
LEE (CORK)_3983,6/7/2018,91,0.033,1.2,18.3,239,62.75,0.019,8,10,105,96,65.46993857
LEE (CORK)_3984,6/8/2018,123,0.033,1.2,19.4,313,50.9,0.019,8.5,19.8,142,46,71.0307047
LEE (CORK)_3985,6/9/2018,52,0.033,1.2,15.9,169,54.8,0.019,7.7,12.3,63,142,63.96597972
LEE (CORK)_3986,6/10/2018,60,0.033,1.2,18.7,181,53.25,0.019,7.6,7.2,70,115,65.75871661
LEE (CORK)_3987,6/11/2018,49,0.033,1.2,19.9,170,53.8,0.019,7.6,7.2,60,84,67.67595295
LEE (CORK)_3988,6/12/2018,59,0.033,1.2,20.3,201,53.85,0.019,7.8,11.2,77,88,67.39649246
LEE (CORK)_3989,6/13/2018,74,0.033,1.2,18,210,53.5,0.019,7.8,13.8,82,124,65.17862135
LEE (CORK)_3990,6/14/2018,84,0.033,1.5,14.5,221,51.8,0.019,7.7,14.1,96,188,61.984083
LEE (CORK)_3991,6/15/2018,35,0.033,1.2,13.5,112,55,0.019,7.3,5.8,40,153,63.34639401
LEE (CORK)_3992,6/16/2018,59,0.033,1.2,31.4,204,54.6,0.019,7.5,5.5,80,53,69.76318062
LEE (CORK)_3993,6/17/2018,105,0.033,1,22.7,294,58.685,0.019,8.3,15,126,39,70.05219031
LEE (CORK)_3994,6/18/2018,95,0.033,1,16.8,238,55.05,0.01,7.7,14.9,107,164,62.76992087
LEE (CORK)_3995,6/19/2018,72,0.033,1.2,17.8,200,56.1,0.019,7.6,10.9,84,100,66.24847816
LEE (CORK)_3996,6/20/2018,101,0.033,1.2,15.5,252,56.35,0.019,7.7,6,112,81,67.4469922
LEE (CORK)_3997,6/21/2018,107,0.033,1.2,17.6,270,64.1,0.02,8.4,12.9,114,55,67.8991052
LEE (CORK)_3998,6/22/2018,101,0.033,1,15.4,250,27.6,0.019,8.1,14.8,105,73,73.66779096
LEE (CORK)_3999,6/23/2018,114,0.033,1.2,16.1,275,56.7,0.019,8,15.8,125,79,67.52300048
LEE (CORK)_4000,6/24/2018,27,0.033,1.1,12.5,197,54.95,0.019,7.4,10.9,85,145,63.7815745
LEE (CORK)_4001,6/25/2018,56,0.033,1.2,36.3,236,56.75,0.019,7.4,6.4,70,49,69.65921798
LEE (CORK)_4002,6/26/2018,127,0.033,1.2,27.2,302,61,0.019,7.9,12.3,122,38,69.68752094
LEE (CORK)_4003,6/27/2018,81,0.033,1.2,23.5,239,53.7,0.019,7.8,16.8,96,68,68.81852597
LEE (CORK)_4004,6/28/2018,57,0.033,1,17.2,163,55,0.022,7.9,14.8,61,110,65.79708145
LEE (CORK)_4005,6/29/2018,56,0.033,1.2,16.6,165,50.6,0.019,7.3,9.5,67,138,64.78351966
LEE (CORK)_4006,6/30/2018,62,0.033,1.3,21.9,202,51.2,0.019,7.6,10.5,77,96,67.30426642
LEE (CORK)_4007,7/1/2018,102,0.033,1.2,16,254,74,0.019,8.2,15.4,104,21,68.54884556
LEE (CORK)_4008,7/2/2018,384,0.033,1.2,19,772,54.9,0.019,6.9,9.8,392,10,60.8753061
LEE (CORK)_4009,7/3/2018,348,0.033,1.2,18,658,12,0.017,7,10.4,340,5,67.99534622
LEE (CORK)_4010,7/4/2018,404,0.033,1.2,20,731,28,0.024,7,9.9,396,45,58.48932127
LEE (CORK)_4011,7/5/2018,111,0.033,1.2,15,251,99,0.019,8.1,16.3,108,29,64.10398261
LEE (CORK)_4012,7/6/2018,388,0.033,1.2,19,784,12,0.019,7.2,10,408,10,67.03952843
LEE (CORK)_4013,7/7/2018,313,0.033,1.2,18,1099,14,0.023,6.9,10.3,380,7,66.42047
LEE (CORK)_4014,7/8/2018,360,0.033,1.2,21,740,27,0.031,7,10.5,388,22,60.05045585
LEE (CORK)_4015,7/9/2018,108,0.033,1.2,15,268,88,0.019,7.7,10.9,116,26,65.88950949
LEE (CORK)_4016,7/10/2018,300,0.033,1.2,14,658,60,0.023,6.9,10.8,320,5,61.3424192
LEE (CORK)_4017,7/11/2018,324,0.033,1.2,15,689,57,0.022,7.1,10.9,400,11,61.09806546
LEE (CORK)_4018,7/12/2018,388,0.033,1.2,17,727,30,0.019,6.8,10.4,356,12,64.80823186
LEE (CORK)_4019,7/13/2018,103,0.033,1.2,16,240,53,0.019,8,6.9,108,24,72.41242065
LEE (CORK)_4020,7/14/2018,258,0.033,1.2,18,538,37.5,0.019,7.1,8.4,236,10,65.76672449
LEE (CORK)_4021,7/15/2018,280,0.033,1.2,21,581,29,0.019,7.2,8.8,282,20,66.51036562
LEE (CORK)_4022,7/16/2018,380,0.033,1.2,19,721,18.5,0.019,7,9.4,360,45,60.05045585
LEE (CORK)_4023,7/17/2018,110,0.033,1.2,15,269,52,0.019,8.2,13.9,108,27,72.37008692
LEE (CORK)_4024,7/18/2018,353,0.033,1.2,18,738,25,0.019,6.9,9.7,384,16,65.58077095
LEE (CORK)_4025,7/19/2018,316,0.033,1.2,17,695,18.5,0.016,7.1,10.4,320,8,67.28232804
LEE (CORK)_4026,7/20/2018,380,0.033,1.2,20,770,26,0.016,7.2,10.1,364,5,65.2876329
LEE (CORK)_4027,7/21/2018,105,0.033,1.2,15,249,54,0.019,8.1,13.9,109,24,72.20141141
LEE (CORK)_4028,7/22/2018,380,0.033,1.2,18,736,6.5,0.019,7.1,10,368,12,73.33126368
LEE (CORK)_4029,7/23/2018,308,0.033,1.2,15,703,33.5,0.019,7,10.7,307,45,58.80428705
LEE (CORK)_4030,7/24/2018,380,0.033,1.2,16,740,32.5,0.022,7.2,11,303,10,64.75944471
LEE (CORK)_4031,7/25/2018,99,0.033,1.2,15,250,48.85,0.019,8,10.8,106,25,73.21811912
LEE (CORK)_4032,7/26/2018,396,0.033,1.2,15,805,12.8,0.019,7,10.6,407,45,60.2443758
LEE (CORK)_4033,7/27/2018,360,0.033,1.2,16,659,21.7,0.018,7,10.7,357,12,66.4414709
LEE (CORK)_4034,7/28/2018,404,0.033,1.2,16,696,22.2,0.018,7,10.7,347,14,66.04933641
LEE (CORK)_4035,7/29/2018,105,0.033,1.2,15,268,53.75,0.019,8.1,7.3,114,30,71.7533785
LEE (CORK)_4036,7/30/2018,324,0.033,1.2,17,734,11.7,0.015,7,9.7,384,14,67.7231046
LEE (CORK)_4037,7/31/2018,290,0.033,1.2,17,614,25.65,0.055,7,9,290,12,61.39887125
LEE (CORK)_4038,8/1/2018,336,0.033,1.2,19,725,24.5,0.019,7.1,9.6,312,9,66.23687283
LEE (CORK)_4039,8/2/2018,392,0.033,1.2,19,758,6.7,0.019,6.9,9.9,383,6,73.07289915
LEE (CORK)_4040,8/3/2018,98,0.033,1.2,15,280,52.3,0.019,8.1,15.4,107,28,72.22243796
LEE (CORK)_4041,8/4/2018,344,0.033,1.2,18,776,9.45,0.037,6.9,10.4,316,6,68.16611683
LEE (CORK)_4042,8/5/2018,424,0.033,1.2,21,836,20.55,0.028,7,10.3,352,8,65.72255534
LEE (CORK)_4043,8/6/2018,101,0.033,1.2,15,272,45.65,0.019,8,15.8,117,24,74.01183993
LEE (CORK)_4044,8/7/2018,356,0.033,1.2,17,762,8.3,0.015,6.9,10,396,11,67.8699152
LEE (CORK)_4045,8/8/2018,320,0.033,1.2,16,685,12.75,0.018,7.2,11.5,352,8,67.90885503
LEE (CORK)_4046,8/9/2018,376,0.033,1.2,18,801,17.8,0.023,7,10.7,396,8,66.27005367
LEE (CORK)_4047,8/10/2018,112,0.028,1.2,15,266,49.9,0.019,7.7,6.5,113,26,72.90393041
LEE (CORK)_4048,8/11/2018,420,0.033,1.2,17,771,8.85,0.018,6.9,10.4,432,7,67.209069
LEE (CORK)_4049,8/12/2018,390,0.033,1.2,15,695,21.7,0.019,7,9.5,365,12,66.10386655
LEE (CORK)_4050,8/13/2018,425,0.033,1.2,16,745,20.6,0.018,7.1,9.7,420,27,60.1047942
LEE (CORK)_4051,8/14/2018,113,0.033,1.2,16,288,51.85,0.019,7.8,5,123,32,71.98163742
LEE (CORK)_4052,8/15/2018,308,0.033,1.2,18,616,18.45,0.019,7.2,8.3,304,12,67.64731683
LEE (CORK)_4053,8/16/2018,400,0.033,1.2,21,756,34.5,0.017,7.2,9.2,404,14,63.6764686
LEE (CORK)_4054,8/17/2018,376,0.033,1.2,18,762,9.45,0.019,7.3,9.8,396,8,67.60292376
LEE (CORK)_4055,8/18/2018,101,0.033,1.2,15,261,49.05,0.019,8.1,14.2,113,28,72.91470964
LEE (CORK)_4056,8/19/2018,282,0.033,1.2,16,596,11.65,0.018,7.1,10.2,280,13,68.79946479
LEE (CORK)_4057,8/20/2018,364,0.033,1.2,19,760,50,0.02,7.1,10,360,9,61.87287468
LEE (CORK)_4058,8/21/2018,364,0.033,1.2,18,771,6.65,0.019,7,9.7,428,10,72.91024123
LEE (CORK)_4059,8/22/2018,107,0.033,1.2,15,267,40.35,0.019,8,12.9,115,17,78.80703762
LEE (CORK)_4060,8/23/2018,388,0.033,1.2,19,787,1,0.019,7,10,433,5,72.6503541
LEE (CORK)_4061,8/24/2018,376,0.033,1.2,19,756,8.35,0.019,6.9,10.2,392,9,67.7927748
LEE (CORK)_4062,8/25/2018,392,0.1,1.2,27,808,5.55,0.079,7.2,8.6,412,29,61.0703441
LEE (CORK)_4063,8/26/2018,102,0.033,1.2,21,273,51.2,0.019,8.1,15,113,23,72.88238383
LEE (CORK)_4064,8/27/2018,412,0.033,1.2,22,753,15.55,0.012,6.9,9.8,380,14,66.6312459
LEE (CORK)_4065,8/28/2018,257,0.033,1.2,23,614,13.85,0.016,7.1,11.1,288,11,68.58816342
LEE (CORK)_4066,8/29/2018,300,0.02,1.2,26,730,27.85,0.015,7.2,10,336,11,65.78651667
LEE (CORK)_4067,8/30/2018,95,0.033,1.2,21,264,48.8,0.019,8.2,17.1,108,20,76.51705417
LEE (CORK)_4068,8/31/2018,350,0.033,1.2,24,667,1,0.021,7,11,360,9,73.80454201
LEE (CORK)_4069,9/1/2018,364,0.062,1.2,26,749,12.8,0.032,7.2,11.1,400,10,67.21050937
LEE (CORK)_4070,9/2/2018,373,0.047,1.2,22,769,13.35,0.019,6.9,10.3,400,15,67.02057224
LEE (CORK)_4071,9/3/2018,103,0.033,1.2,20,280,47.05,0.019,7.9,12.3,112,22,73.87825999
LEE (CORK)_4072,9/4/2018,364,0.033,1.2,22,705,12.2,0.023,7,10.4,372,9,67.57925367
LEE (CORK)_4073,9/5/2018,360,0.033,1.2,26,732,20.55,0.032,7,10.5,376,15,66.28060483
LEE (CORK)_4074,9/6/2018,372,0.033,1.2,20,717,17.75,0.011,7,10.4,368,14,66.72039491
LEE (CORK)_4075,9/7/2018,96,0.033,1.2,21,266,49.85,0.019,7.9,7.3,111,21,73.34907822
LEE (CORK)_4076,9/8/2018,310,0.033,1.2,22,674,17.3,0.019,7,9.2,361,5,67.31380062
LEE (CORK)_4077,9/9/2018,253,0.033,1.2,25,567,30.15,0.019,7.3,8.9,294,8,66.46994789
LEE (CORK)_4078,9/10/2018,275,0.033,1.2,26,619,36.25,0.019,7.3,9,321,8,65.08753486
LEE (CORK)_4079,9/11/2018,95,0.033,1.2,20,262,49.8,0.019,8.1,12.4,116,20,76.25940897
LEE (CORK)_4080,9/12/2018,338,0.033,1.2,21,683,11.15,0.019,7,9.6,403,5,67.75733136
LEE (CORK)_4081,9/13/2018,269,0.033,1.2,22,559,15.6,0.018,7.2,10.6,295,7,68.42023652
LEE (CORK)_4082,9/14/2018,323,0.033,1.2,25,662,31.15,0.02,7.1,9.8,395,10,64.98980889
LEE (CORK)_4083,9/15/2018,373,0.033,1.2,22,765,13.35,0.011,6.9,9.9,365,7,67.23497202
LEE (CORK)_4084,9/16/2018,93,0.033,1.2,19,273,49.65,0.019,8,13.8,118,20,76.29787741
LEE (CORK)_4085,9/17/2018,340,0.033,1.2,19,680,14.4,0.021,7.1,11.1,417,9,67.21914838
LEE (CORK)_4086,9/18/2018,356,0.033,1.2,22,749,22.75,0.024,7.1,10.8,462,6,65.39607389
LEE (CORK)_4087,9/19/2018,382,0.02,1.2,21,700,12.8,0.015,7.8,9.5,320,45,61.02997678
LEE (CORK)_4088,9/20/2018,99,0.033,1.2,17,267,53.7,0.01,8.1,7.7,106,26,72.09652787
LEE (CORK)_4089,9/21/2018,303,0.033,1.2,17,603,20.05,0.019,7.2,9.2,297,6,67.52753527
LEE (CORK)_4090,9/22/2018,334,0.033,1.2,19.2,690,31.2,0.022,7.2,9.3,350,45,58.77860644
LEE (CORK)_4091,9/23/2018,356,0.033,1.2,19.7,750,3.365,0.012,6.9,9.8,352,5,73.55022376
LEE (CORK)_4092,9/24/2018,93,0.033,1.2,17.7,244,47.05,0.019,8,18.1,98.2,20,76.97469831
LEE (CORK)_4093,9/25/2018,376,0.033,1.2,18.7,686,1.15,0.023,7,10.7,358,45,66.81065374
LEE (CORK)_4094,9/26/2018,387,0.033,1.2,21.5,750,24.45,0.018,7.2,10.7,385,45,59.03978398
LEE (CORK)_4095,9/27/2018,379,0.033,1.2,19,757,10,0.014,7,10.2,380,6,67.61265301
LEE (CORK)_4096,9/28/2018,98,0.033,1.2,17.3,256,50.25,0.019,8.1,13.5,101,20,76.14438006
LEE (CORK)_4097,9/29/2018,370,0.033,1.2,17.2,731,17.2,0.019,7,11.1,377,6,66.71891202
LEE (CORK)_4098,9/30/2018,402,0.033,1.2,18,765,23.35,0.021,7.1,11.2,380,5,65.47547084
LEE (CORK)_4099,10/1/2018,406,0.033,1.2,18.4,759,8.9,0.016,6.9,9.6,404,45,60.82708465
LEE (CORK)_4100,10/2/2018,103,0.033,1.2,16.2,254,55.65,0.019,8.2,10,112,21,72.1069975
LEE (CORK)_4101,10/3/2018,344,0.033,1.2,17.2,621,16.65,0.015,7.2,10.2,328,7,67.54993338
LEE (CORK)_4102,10/4/2018,406,0.033,1.2,20,774,28.4,0.019,7.2,10,435,45,58.12093597
LEE (CORK)_4103,10/5/2018,390,0.033,1.2,19,782,9.45,0.015,7.1,10.6,434,45,60.62654582
LEE (CORK)_4104,10/6/2018,99,0.033,1.2,15.7,260,53.8,0.019,8.1,16.1,112,20,75.25651752
LEE (CORK)_4105,10/7/2018,386,0.033,1.2,18.1,733,11.1,0.026,7,10.5,359,12,67.60431427
LEE (CORK)_4106,10/8/2018,401,0.033,1.2,20.9,784,31.1,0.027,7.1,11,435,16,63.91060732
LEE (CORK)_4107,10/9/2018,103,0.033,1.2,15.4,255,47.5,0.019,8,13.4,107,12,76.85619277
LEE (CORK)_4108,10/10/2018,366,0.033,1.2,16.8,749,12.8,0.026,6.8,10.8,376,7,67.33663918
LEE (CORK)_4109,10/11/2018,385,0.033,1.2,15.7,728,18.85,0.014,7,11.3,378,5,66.38593659
LEE (CORK)_4110,10/12/2018,407,0.033,1.2,17.4,787,26.05,0.019,7,11.3,407,5,64.80060757
LEE (CORK)_4111,10/13/2018,117,0.033,1.2,16.3,268,48.35,0.019,7.9,15.8,117,15,76.63390958
LEE (CORK)_4112,10/14/2018,401,0.033,1.2,20.1,775,7.2,0.013,7,10,409,45,66.08872573
LEE (CORK)_4113,10/15/2018,372,0.033,1.2,19.7,699,16.7,0.023,6.9,10.4,362,5,66.96357092
LEE (CORK)_4114,10/16/2018,394,0.033,1.2,25.9,767,27.75,0.016,7.2,10.8,387,10,64.80365723
LEE (CORK)_4115,10/17/2018,107,0.033,1.2,16.3,266,47.1,0.019,7.8,12.2,152,16,76.96150274
LEE (CORK)_4116,10/18/2018,361,0.025,1.2,20.1,759,13.35,0.011,6.8,10.3,152,5,73.60733349
LEE (CORK)_4117,10/19/2018,364,0.043,1.2,19.5,696,28.3,0.023,7,10.9,152,5,71.15907931
LEE (CORK)_4118,10/20/2018,377,0.033,1.2,21.5,738,28.85,0.025,7.1,10.9,152,11,70.80611131
LEE (CORK)_4119,10/21/2018,106,0.033,1.2,16.6,280,50.75,0.019,7.8,9,152,19,76.0172307
LEE (CORK)_4120,10/22/2018,381,0.033,1.2,18.7,739,15.55,0.014,6.9,10.5,152,5,73.17391091
LEE (CORK)_4121,10/23/2018,331,0.033,1.2,20.4,674,28.9,0.02,7.1,10.6,152,7,71.37306498
LEE (CORK)_4122,10/24/2018,338,0.033,1.2,21.2,692,30.6,0.024,7.2,10.5,152,8,70.94106443
LEE (CORK)_4123,10/25/2018,92,0.033,1.2,16.5,248,53.65,0.019,7.8,8.1,152,24,72.27507681
LEE (CORK)_4124,10/26/2018,331,0.027,1.2,20.7,356,16.7,0.018,7.4,9.7,152,6,79.69947479
LEE (CORK)_4125,10/27/2018,304,0.033,1.2,16.9,606,34,0.018,7.8,9.4,152,6,70.88191036
LEE (CORK)_4126,10/28/2018,302,0.033,1.2,18.3,630,35.6,0.02,7.1,9.5,152,6,70.5122151
LEE (CORK)_4127,10/29/2018,410,0.033,1.2,19.7,764,10.6,0.01,7.3,10.1,152,13,73.71865634
LEE (CORK)_4128,10/30/2018,103,0.033,1.2,16.7,263,48.8,0.019,8.3,17,152,18,76.51705417
LEE (CORK)_4129,10/31/2018,345,0.033,1.2,19.4,674,8.3,0.021,7.1,10.6,152,6,74.68578257
