Alkalinity,Ammonia,BOD,Chloride,Conductivity,DO,Phosphate,pH,Temp,Hardness,Colour,CCME_Values
14.000000,0.033000,1.200000,10.000000,71.000000,61.850000,0.019000,7.420000,17.800000,13.400000,35.000000,76.753708
17.000000,0.033000,1.200000,11.500000,79.000000,61.800000,0.019000,7.670000,18.100000,15.800000,29.000000,77.222817
18.000000,0.033000,1.200000,11.300000,78.000000,62.400000,0.019000,7.630000,17.800000,15.900000,31.000000,76.953511
19.000000,0.033000,1.200000,10.500000,76.000000,66.050000,0.019000,7.330000,20.100000,15.400000,23.000000,76.867653
19.000000,0.066000,1.200000,11.400000,81.000000,65.950000,0.019000,7.390000,20.500000,17.100000,26.000000,76.659218
18.000000,0.033000,1.200000,11.600000,81.000000,63.150000,0.019000,8.100000,20.800000,16.800000,25.000000,77.271258
8.000000,0.069000,1.200000,13.200000,69.000000,54.100000,0.005000,6.890000,8.900000,10.800000,33.000000,78.435209
9.000000,0.068000,1.200000,14.800000,77.000000,54.000000,0.005000,6.890000,9.700000,11.700000,28.000000,78.867254
10.000000,0.067000,1.200000,15.000000,84.000000,54.600000,0.019000,7.060000,9.500000,11.000000,31.000000,78.496472
14.000000,0.133000,1.200000,16.100000,88.000000,53.750000,0.019000,6.830000,7.500000,16.100000,17.000000,82.268784
14.000000,0.111000,1.200000,15.200000,82.000000,54.150000,0.019000,6.830000,8.400000,14.700000,18.000000,82.170841
14.000000,0.113000,1.200000,15.800000,85.000000,53.700000,0.019000,6.820000,7.600000,15.700000,17.000000,82.281057
15.000000,0.033000,1.400000,16.000000,106.000000,53.900000,0.019000,7.180000,6.600000,17.000000,22.000000,79.391246
13.000000,0.040000,1.200000,15.700000,159.000000,53.350000,0.005000,6.880000,6.400000,15.000000,22.000000,79.507911
12.000000,0.039000,1.100000,16.000000,144.000000,53.400000,0.019000,7.230000,6.300000,16.300000,24.000000,79.327819
14.000000,0.080000,1.200000,19.500000,102.000000,59.800000,0.019000,6.980000,11.300000,20.100000,15.000000,80.832506
14.000000,0.099000,1.200000,19.500000,99.000000,62.500000,0.019000,6.990000,12.800000,18.900000,17.000000,80.221717
12.000000,0.129000,1.200000,19.600000,99.000000,61.000000,0.019000,6.950000,11.600000,19.100000,9.000000,80.558810
14.000000,0.052000,1.200000,19.100000,101.000000,58.550000,0.019000,7.240000,13.300000,152.000000,13.000000,81.121469
16.000000,0.058000,1.200000,18.300000,93.000000,58.500000,0.019000,7.100000,13.700000,19.100000,14.000000,81.133110
14.000000,0.051000,1.200000,18.700000,99.000000,58.000000,0.019000,7.150000,13.400000,21.100000,14.000000,81.249877
16.000000,0.025000,1.200000,16.100000,98.000000,55.900000,0.006000,7.230000,17.400000,21.300000,22.000000,78.971218
18.000000,0.041000,1.200000,14.900000,92.000000,52.700000,0.005000,7.080000,16.300000,19.500000,26.000000,79.306710
16.000000,0.033000,1.200000,15.800000,93.000000,55.050000,0.005000,7.230000,14.300000,20.000000,25.000000,78.898399
15.000000,0.033000,1.200000,11.900000,75.000000,62.600000,0.019000,7.140000,16.200000,16.400000,37.000000,76.462155
14.000000,0.033000,1.200000,11.600000,73.000000,57.700000,0.019000,7.020000,15.800000,15.500000,41.000000,77.087748
20.000000,0.023000,1.200000,11.800000,73.000000,60.400000,0.019000,7.040000,16.100000,15.400000,47.000000,76.128614
14.000000,0.033000,1.200000,11.200000,77.000000,58.500000,0.019000,7.240000,17.700000,16.900000,35.000000,77.397702
13.000000,0.033000,1.200000,9.720000,74.000000,61.700000,0.019000,6.990000,18.100000,15.600000,39.000000,76.480843
12.000000,0.033000,1.200000,10.700000,74.000000,56.900000,0.019000,7.120000,17.600000,16.100000,36.000000,77.633029
18.000000,0.048000,1.200000,9.990000,72.000000,48.350000,0.019000,7.020000,15.800000,17.300000,44.000000,78.712096
15.000000,0.033000,1.200000,9.890000,74.000000,53.400000,0.019000,6.930000,15.000000,17.700000,40.000000,78.010659
16.000000,0.094000,1.200000,9.580000,69.000000,50.050000,0.019000,6.860000,15.100000,16.100000,47.000000,78.121123
17.000000,0.055000,1.200000,9.880000,79.000000,50.750000,0.019000,7.030000,12.800000,18.200000,38.000000,78.712096
15.000000,0.046000,1.200000,9.820000,73.000000,54.900000,0.019000,6.860000,10.700000,17.200000,34.000000,78.191688
13.000000,0.065000,1.200000,9.230000,68.000000,53.050000,0.012000,7.080000,12.700000,15.800000,42.000000,77.920663
13.000000,0.068000,1.200000,8.990000,61.000000,46.400000,0.007000,6.710000,8.100000,12.400000,38.000000,79.625070
14.000000,0.075000,1.200000,9.230000,63.000000,46.900000,0.008000,6.690000,8.300000,13.300000,35.000000,79.774889
14.000000,0.068000,1.200000,8.120000,60.000000,44.700000,0.006000,6.790000,8.500000,11.400000,35.000000,80.250807
19.000000,0.062000,1.200000,10.400000,74.000000,52.850000,0.019000,6.940000,6.300000,15.200000,28.000000,79.106998
20.000000,0.063000,1.200000,10.700000,75.000000,53.450000,0.019000,6.900000,6.300000,15.300000,25.000000,79.232957
20.000000,0.023000,1.200000,10.100000,71.000000,52.800000,0.019000,6.950000,6.500000,14.300000,29.000000,79.033798
17.000000,0.022000,1.200000,9.980000,356.000000,57.400000,0.019000,6.700000,9.300000,152.000000,30.000000,78.010659
21.000000,0.018000,1.200000,10.370000,356.000000,59.000000,0.019000,6.900000,9.400000,152.000000,22.000000,78.333444
16.000000,0.044000,2.300000,8.810000,69.000000,55.550000,0.019000,7.510000,15.200000,17.600000,31.000000,78.302997
15.000000,0.046000,2.400000,7.340000,57.000000,50.100000,0.019000,7.050000,14.500000,14.200000,42.000000,78.516927
17.000000,0.030000,1.700000,8.560000,68.000000,53.400000,0.019000,7.190000,14.900000,17.300000,31.000000,78.743052
14.000000,0.035000,2.700000,7.380000,62.000000,58.300000,0.019000,7.000000,16.200000,16.500000,42.000000,76.896234
11.000000,0.025000,1.600000,6.160000,52.000000,59.300000,0.019000,6.750000,15.800000,13.700000,48.000000,76.257684
12.000000,0.040000,1.600000,6.680000,56.000000,56.700000,0.019000,6.920000,15.900000,14.800000,44.000000,77.049310
16.000000,0.048000,2.100000,6.200000,61.000000,44.700000,0.019000,6.920000,13.900000,16.900000,37.000000,80.076870
18.000000,0.025000,1.300000,6.530000,67.000000,41.950000,0.019000,6.820000,13.000000,18.300000,28.000000,81.483137
16.000000,0.037000,2.000000,5.740000,54.000000,47.450000,0.019000,6.870000,13.400000,15.200000,36.000000,79.571755
11.000000,0.024000,1.200000,7.860000,64.000000,46.950000,0.019000,6.940000,7.400000,15.000000,34.000000,79.850094
10.000000,0.049000,1.200000,7.630000,64.000000,45.100000,0.019000,7.170000,7.600000,14.000000,32.000000,80.425723
9.000000,0.027000,1.100000,7.780000,62.000000,45.950000,0.019000,7.050000,7.100000,14.200000,32.000000,80.239907
15.000000,0.066000,1.200000,5.390000,49.000000,63.800000,0.019000,6.980000,20.300000,13.700000,44.000000,75.728226
15.000000,0.079000,1.200000,5.610000,51.000000,63.400000,0.019000,6.950000,18.600000,14.600000,39.000000,76.165409
13.000000,0.068000,1.200000,5.440000,49.000000,62.250000,0.019000,7.010000,19.900000,13.400000,42.000000,76.156204
16.000000,0.033000,2.400000,5.660000,59.000000,57.400000,0.007000,7.360000,18.900000,17.200000,29.000000,78.090945
14.000000,0.033000,3.400000,5.150000,51.000000,59.600000,0.019000,7.230000,17.500000,14.500000,39.000000,76.877176
17.000000,0.033000,3.500000,5.040000,53.000000,59.550000,0.019000,7.040000,19.200000,15.400000,37.000000,77.039711
15.000000,0.044000,2.300000,7.280000,70.000000,49.450000,0.019000,7.150000,12.800000,17.400000,29.000000,79.742719
12.000000,0.042000,1.400000,6.980000,62.000000,48.850000,0.019000,6.990000,12.600000,14.100000,27.000000,80.044368
14.000000,0.040000,2.300000,7.000000,66.000000,49.350000,0.019000,7.150000,13.000000,15.900000,28.000000,79.850094
12.000000,0.033000,1.200000,7.440000,55.000000,54.850000,0.009000,7.020000,4.900000,14.000000,30.000000,78.527161
9.000000,0.020000,1.200000,7.400000,54.000000,54.550000,0.011000,6.870000,4.800000,13.500000,31.000000,78.506698
11.000000,0.030000,1.200000,7.390000,55.000000,54.950000,0.012000,6.670000,4.900000,13.900000,33.000000,78.262462
8.000000,0.028000,1.200000,12.500000,72.000000,52.700000,0.019000,6.830000,7.800000,17.500000,22.000000,79.646425
10.000000,0.024000,1.200000,11.400000,68.000000,52.700000,0.019000,6.780000,7.800000,16.500000,22.000000,79.646425
9.000000,0.025000,1.200000,11.500000,69.000000,52.950000,0.019000,6.760000,8.000000,16.900000,22.000000,79.593069
12.000000,0.034000,1.200000,10.100000,74.000000,56.800000,0.019000,7.080000,9.800000,17.700000,19.000000,81.532753
12.000000,0.033000,1.200000,9.680000,73.000000,57.900000,0.019000,7.060000,9.700000,17.000000,16.000000,81.273307
12.000000,0.033000,1.200000,10.200000,71.000000,56.200000,0.019000,7.010000,9.800000,16.500000,17.000000,81.675599
18.000000,0.033000,1.300000,9.370000,67.000000,54.000000,0.019000,7.000000,12.100000,15.800000,26.000000,79.033798
17.000000,0.033000,1.200000,8.690000,61.000000,54.600000,0.019000,6.990000,12.300000,14.200000,27.000000,78.825786
14.000000,0.033000,1.500000,9.010000,62.000000,53.500000,0.009000,6.900000,12.200000,13.800000,29.000000,78.888013
6.000000,0.051000,2.300000,8.620000,62.000000,50.600000,0.019000,7.510000,12.500000,14.300000,63.000000,76.763181
9.000000,0.020000,1.300000,7.800000,55.000000,51.750000,0.019000,7.240000,12.600000,12.100000,23.000000,79.764162
9.000000,0.039000,2.500000,8.220000,59.000000,51.250000,0.019000,7.130000,12.200000,13.300000,24.000000,79.785621
16.000000,0.028000,2.100000,10.200000,70.000000,56.650000,0.019000,7.350000,15.300000,18.700000,31.000000,78.080895
16.000000,0.027000,2.100000,10.300000,69.000000,56.100000,0.019000,7.410000,15.500000,18.500000,22.000000,78.929582
13.000000,0.033000,2.000000,8.800000,68.000000,54.950000,0.019000,7.370000,15.800000,17.600000,24.000000,79.002489
12.000000,0.033000,1.900000,8.650000,66.000000,56.050000,0.019000,7.300000,15.700000,16.800000,25.000000,78.691480
11.000000,0.033000,2.400000,8.720000,64.000000,54.950000,0.019000,7.320000,15.900000,16.100000,25.000000,78.919183
16.000000,0.033000,1.200000,8.630000,70.000000,55.800000,0.019000,7.430000,18.200000,19.500000,26.000000,78.660588
16.000000,0.033000,1.300000,7.720000,69.000000,56.100000,0.019000,7.520000,17.500000,19.000000,26.000000,78.598917
16.000000,0.033000,1.200000,8.300000,68.000000,55.850000,0.019000,7.480000,17.800000,19.700000,27.000000,78.568139
12.000000,0.033000,1.600000,9.110000,71.000000,52.050000,0.005000,7.340000,13.900000,16.100000,31.000000,79.023357
12.000000,0.021000,1.300000,9.810000,96.000000,51.950000,0.019000,7.320000,13.700000,16.500000,31.000000,79.044242
13.000000,0.033000,1.600000,10.100000,118.000000,51.850000,0.019000,7.180000,13.800000,18.200000,31.000000,79.065144
127.000000,0.040000,1.200000,11.000000,69.000000,101.800000,0.019000,7.200000,15.900000,152.000000,58.000000,69.227083
16.000000,0.030000,1.200000,11.000000,68.000000,98.000000,0.019000,7.000000,15.500000,152.000000,44.000000,70.425818
127.000000,0.040000,1.200000,11.000000,68.000000,99.600000,0.019000,7.000000,15.600000,152.000000,43.000000,70.267379
127.000000,0.030000,1.200000,9.000000,61.000000,90.400000,0.019000,7.000000,10.600000,152.000000,48.000000,71.243198
127.000000,0.040000,1.200000,9.000000,61.000000,87.100000,0.019000,6.900000,10.600000,152.000000,50.000000,71.596632
127.000000,0.030000,1.200000,10.000000,63.000000,88.400000,0.019000,6.800000,10.500000,152.000000,47.000000,71.582345
16.000000,0.040000,1.200000,10.000000,70.000000,92.100000,0.019000,7.000000,7.900000,152.000000,34.000000,71.797985
21.000000,0.050000,1.200000,11.000000,75.000000,91.800000,0.019000,6.900000,8.000000,152.000000,32.000000,71.957951
127.000000,0.030000,1.200000,10.000000,69.000000,91.400000,0.019000,6.800000,7.900000,152.000000,19.000000,74.676234
13.000000,0.040000,1.200000,18.600000,76.000000,46.950000,0.019000,6.900000,13.600000,152.000000,29.000000,80.283530
8.000000,0.036000,1.200000,18.600000,74.000000,47.500000,0.019000,6.700000,9.500000,152.000000,54.000000,78.070848
8.000000,0.046000,1.200000,18.600000,71.000000,47.250000,0.019000,6.700000,9.500000,152.000000,51.000000,78.363929
10.000000,0.034000,1.200000,18.600000,70.000000,48.250000,0.019000,6.700000,9.500000,152.000000,53.000000,78.000642
12.000000,0.044000,1.200000,18.600000,76.000000,46.900000,0.019000,6.800000,8.500000,152.000000,46.000000,78.846511
11.000000,0.040000,1.200000,18.600000,71.000000,48.700000,0.019000,6.700000,8.300000,152.000000,42.000000,78.805077
10.000000,0.040000,1.200000,18.600000,72.000000,46.950000,0.019000,6.800000,8.600000,152.000000,43.000000,79.086062
127.000000,0.040000,1.200000,18.600000,71.000000,47.550000,0.010000,7.100000,12.800000,152.000000,48.000000,78.547642
15.000000,0.008000,1.200000,11.000000,356.000000,57.660000,0.010000,6.610000,7.200000,22.000000,15.000000,81.329646
20.000000,0.000000,2.900000,12.100000,356.000000,58.450000,0.010000,6.900000,8.700000,24.000000,10.000000,81.144758
15.000000,0.047000,1.350000,7.900000,356.000000,56.040000,0.008000,5.840000,11.900000,20.000000,30.000000,78.284748
40.000000,0.008000,1.200000,11.600000,356.000000,56.360000,0.004000,6.570000,10.500000,38.000000,10.000000,81.637414
50.500000,0.025000,1.000000,18.600000,356.000000,58.650000,0.007000,6.900000,8.200000,36.000000,15.000000,81.098205
13.000000,0.000000,1.000000,10.200000,356.000000,56.285000,0.002000,7.330000,6.400000,21.000000,5.000000,81.655305
17.000000,0.000000,0.800000,9.800000,356.000000,56.300000,0.004000,6.460000,11.300000,23.000000,10.000000,81.651726
15.000000,0.002000,1.300000,18.600000,356.000000,54.870000,0.007000,7.140000,10.700000,26.000000,15.000000,81.995628
26.000000,0.017000,1.200000,18.600000,356.000000,55.250000,0.010000,6.970000,12.300000,22.800000,45.000000,77.251869
21.000000,0.011000,1.900000,18.600000,356.000000,54.400000,0.010000,7.210000,14.100000,26.000000,60.000000,76.276189
19.000000,0.016000,2.800000,18.600000,356.000000,54.575000,0.008000,6.660000,10.600000,21.000000,45.000000,77.383075
17.000000,0.000000,0.900000,18.600000,356.000000,54.870000,0.007000,6.600000,10.300000,33.000000,40.000000,77.717952
23.000000,0.000000,1.300000,18.600000,356.000000,54.285000,0.008000,6.870000,5.200000,22.000000,10.000000,82.137883
19.000000,0.004000,1.000000,18.600000,356.000000,55.155000,0.005000,7.430000,10.100000,31.000000,20.000000,81.926655
20.000000,0.008000,0.800000,18.600000,356.000000,54.075000,0.012000,6.990000,13.600000,24.000000,50.000000,77.092558
14.000000,0.002000,1.000000,18.600000,356.000000,54.510000,0.005000,6.560000,11.400000,26.000000,25.000000,79.010834
12.000000,0.004000,1.300000,18.600000,356.000000,55.705000,0.006000,6.870000,5.400000,20.000000,7.500000,81.794160
18.000000,0.004000,0.700000,18.600000,356.000000,55.140000,0.002000,6.910000,10.200000,21.000000,7.500000,81.930280
14.000000,0.008000,1.600000,18.600000,356.000000,55.360000,0.011000,6.580000,8.000000,16.000000,45.000000,77.230560
15.000000,0.008000,1.300000,18.600000,356.000000,56.200000,0.003000,6.680000,6.000000,20.000000,20.000000,81.675599
16.000000,0.010000,1.400000,18.600000,356.000000,53.700000,0.004000,6.670000,4.800000,21.000000,10.000000,82.281057
19.000000,0.017000,0.700000,18.600000,356.000000,54.815000,0.003000,6.890000,9.200000,21.000000,10.000000,82.008963
17.000000,0.013000,0.400000,18.600000,356.000000,55.115000,0.003000,7.140000,12.600000,21.000000,30.000000,78.472970
22.000000,0.004000,1.200000,18.600000,356.000000,53.450000,0.008000,7.050000,11.400000,18.000000,40.000000,78.000642
20.000000,0.009000,0.800000,18.600000,356.000000,55.965000,0.006000,6.830000,10.900000,20.000000,30.000000,78.299955
18.000000,0.006000,0.700000,18.600000,356.000000,56.310000,0.003000,6.760000,9.000000,21.000000,15.000000,81.649340
19.000000,0.006000,0.600000,18.600000,356.000000,55.855000,0.008000,6.710000,7.900000,20.000000,25.000000,78.731697
14.000000,0.007000,0.600000,18.600000,356.000000,53.345000,0.003000,6.270000,8.500000,14.000000,20.000000,82.368391
16.000000,0.019000,0.300000,18.600000,356.000000,54.100000,0.005000,6.450000,13.600000,21.000000,25.000000,79.096528
15.000000,0.010000,0.600000,18.600000,356.000000,55.650000,0.006000,6.170000,10.500000,22.000000,15.000000,81.807374
19.000000,0.005000,0.500000,18.600000,356.000000,54.600000,0.005000,6.520000,5.600000,23.000000,15.000000,82.061170
27.000000,0.014000,0.400000,18.600000,356.000000,53.610000,0.006000,6.490000,7.400000,25.000000,17.000000,82.303166
15.000000,0.016000,0.500000,18.600000,356.000000,56.355000,0.006000,7.250000,7.400000,20.000000,18.000000,81.638607
22.000000,0.017000,1.300000,18.600000,356.000000,54.000000,0.003000,6.180000,11.800000,23.000000,47.000000,77.339253
13.000000,0.004000,0.580000,18.600000,356.000000,55.180000,0.003000,6.130000,9.200000,19.000000,19.000000,81.920615
15.000000,0.006000,0.380000,18.600000,356.000000,56.150000,0.007000,6.090000,7.300000,22.000000,8.000000,81.687546
14.000000,0.024000,0.380000,18.600000,356.000000,54.505000,0.004000,6.230000,7.000000,26.000000,0.000000,82.084278
18.000000,0.008000,0.600000,18.600000,356.000000,51.830000,0.004000,6.220000,9.300000,24.000000,41.000000,78.246266
20.000000,0.005000,0.400000,18.600000,356.000000,51.500000,0.005000,6.180000,11.800000,21.000000,12.000000,82.827805
17.000000,0.014000,0.600000,18.600000,356.000000,54.395000,0.004000,6.040000,8.600000,20.000000,33.000000,78.375116
16.000000,0.004000,0.700000,18.600000,356.000000,55.275000,0.004000,6.340000,6.700000,20.000000,55.000000,76.485518
14.000000,0.008000,0.800000,18.600000,356.000000,56.145000,0.003000,6.360000,4.900000,18.000000,17.000000,81.688741
14.000000,0.004000,0.600000,18.600000,356.000000,55.420000,0.006000,6.260000,6.100000,16.000000,22.000000,79.071418
20.000000,0.009000,0.600000,18.600000,356.000000,55.385000,0.004000,6.160000,10.700000,19.000000,25.000000,78.828893
127.000000,0.033000,1.200000,10.400000,83.000000,54.800000,0.019000,6.500000,7.300000,21.000000,18.000000,82.012601
127.000000,0.033000,1.200000,10.300000,81.000000,54.600000,0.019000,6.400000,9.000000,21.000000,11.000000,82.061170
127.000000,0.033000,1.200000,10.200000,85.000000,56.750000,0.019000,6.800000,9.900000,24.000000,20.000000,81.544621
127.000000,0.033000,1.200000,10.400000,79.000000,55.450000,0.019000,6.700000,11.700000,21.000000,16.000000,81.855490
127.000000,0.033000,1.200000,10.200000,68.000000,54.150000,0.019000,6.400000,13.200000,21.000000,81.000000,74.821562
127.000000,0.033000,1.200000,10.900000,82.000000,54.950000,0.019000,7.000000,6.900000,22.000000,11.000000,81.976245
127.000000,0.033000,1.200000,10.800000,82.000000,60.800000,0.019000,6.800000,8.800000,22.000000,13.000000,80.604176
127.000000,0.033000,1.200000,10.500000,86.000000,57.300000,0.040000,7.100000,10.100000,21.000000,11.000000,81.414433
127.000000,0.024000,1.200000,10.000000,82.000000,55.300000,0.019000,7.100000,12.500000,22.000000,18.000000,81.891646
127.000000,0.033000,1.200000,9.330000,73.000000,55.750000,0.019000,7.000000,13.300000,19.000000,42.000000,77.387950
127.000000,0.033000,1.200000,11.500000,77.000000,57.550000,0.019000,7.000000,4.800000,20.000000,36.000000,77.505255
127.000000,0.033000,1.200000,11.000000,94.000000,58.600000,0.019000,7.000000,5.100000,24.000000,10.000000,81.109834
127.000000,0.033000,1.200000,10.400000,81.000000,57.400000,0.019000,6.900000,9.300000,23.000000,19.000000,81.390848
127.000000,0.033000,1.200000,11.200000,152.000000,60.600000,0.019000,7.200000,14.700000,27.000000,7.000000,80.649642
127.000000,0.033000,1.200000,11.500000,93.000000,58.300000,0.003000,6.900000,7.300000,21.000000,26.000000,78.151340
127.000000,0.033000,1.200000,10.400000,87.000000,57.350000,0.019000,6.900000,6.000000,23.000000,16.000000,81.402637
127.000000,0.033000,1.200000,10.600000,86.000000,57.400000,0.019000,7.000000,5.500000,25.000000,27.000000,78.252338
127.000000,0.033000,1.200000,9.660000,82.000000,59.800000,0.019000,6.900000,7.900000,22.000000,15.000000,80.832506
127.000000,0.033000,1.500000,10.200000,89.000000,59.900000,0.019000,7.000000,11.500000,22.000000,13.000000,80.809560
127.000000,0.033000,1.200000,10.400000,84.000000,56.850000,0.019000,6.900000,9.200000,24.000000,31.000000,78.040734
127.000000,0.033000,1.200000,10.700000,85.000000,59.650000,0.019000,6.900000,5.400000,17.000000,13.000000,80.866972
127.000000,0.033000,1.200000,10.600000,92.000000,56.900000,0.019000,7.100000,9.000000,30.000000,14.000000,81.509037
127.000000,0.033000,1.200000,9.900000,83.000000,57.500000,0.019000,7.100000,8.500000,22.000000,20.000000,81.367288
127.000000,0.033000,1.200000,9.410000,76.000000,56.500000,0.019000,7.000000,7.700000,19.000000,23.000000,78.763710
127.000000,0.033000,1.200000,10.500000,84.000000,59.050000,0.019000,7.000000,6.000000,25.000000,16.000000,81.005407
127.000000,0.033000,1.200000,10.500000,85.000000,59.650000,0.019000,7.100000,5.600000,25.000000,12.000000,80.866972
127.000000,0.033000,1.200000,10.200000,86.000000,57.900000,0.019000,7.200000,9.800000,25.000000,23.000000,78.476034
127.000000,0.033000,1.200000,10.200000,80.000000,57.950000,0.019000,7.200000,9.400000,23.000000,11.000000,81.261589
127.000000,0.043000,1.200000,10.700000,80.000000,57.900000,0.019000,7.100000,9.200000,21.000000,9.000000,81.273307
127.000000,0.033000,1.200000,11.400000,84.000000,58.050000,0.019000,7.000000,8.800000,36.000000,40.000000,77.097368
127.000000,0.033000,1.200000,11.200000,84.000000,58.000000,0.019000,7.100000,9.100000,27.000000,21.000000,78.619457
127.000000,0.033000,1.200000,10.400000,86.000000,56.450000,0.019000,7.100000,12.400000,23.000000,9.000000,81.615965
127.000000,0.033000,1.200000,9.510000,73.000000,57.600000,0.019000,7.000000,11.700000,17.000000,9.000000,81.343754
127.000000,0.033000,1.200000,10.100000,78.000000,56.500000,0.019000,6.900000,8.100000,22.000000,16.000000,81.604058
127.000000,0.033000,1.200000,9.530000,73.000000,56.250000,0.019000,6.900000,9.700000,19.000000,20.000000,81.663659
10.000000,0.023000,1.200000,8.300000,356.000000,55.200000,0.004000,5.670000,8.200000,12.000000,90.000000,74.038578
15.000000,0.018000,1.400000,9.400000,356.000000,57.200000,0.009000,6.260000,5.600000,12.000000,90.000000,73.711847
20.000000,0.009000,1.200000,12.600000,356.000000,56.800000,0.006000,6.850000,9.300000,12.000000,45.000000,76.953511
15.000000,0.046000,0.990000,7.000000,356.000000,56.200000,0.016000,6.240000,13.100000,12.000000,120.000000,72.016509
15.000000,0.000000,0.600000,8.500000,356.000000,52.300000,0.005000,6.310000,15.000000,16.000000,80.000000,75.212470
15.000000,0.009000,0.900000,7.900000,356.000000,57.700000,0.009000,6.320000,11.200000,24.000000,280.000000,64.622598
15.500000,0.026000,1.900000,9.800000,356.000000,57.650000,0.012000,6.320000,6.200000,15.000000,90.000000,73.639146
9.000000,0.032000,1.000000,18.600000,356.000000,56.650000,0.016000,6.370000,6.900000,11.000000,120.000000,71.950646
8.000000,0.033000,1.600000,18.600000,356.000000,57.350000,0.006000,6.300000,5.900000,51.000000,80.000000,74.346130
11.000000,0.005000,1.400000,9.100000,356.000000,56.600000,0.003000,6.630000,6.100000,15.000000,65.000000,75.513164
13.000000,0.000000,0.700000,9.700000,356.000000,56.400000,0.002000,6.710000,12.300000,15.000000,50.000000,76.649792
11.000000,0.006000,1.000000,18.600000,356.000000,55.315000,0.007000,7.090000,13.900000,16.000000,45.000000,77.239275
10.000000,0.017000,1.700000,18.600000,356.000000,56.250000,0.005000,5.840000,12.700000,14.000000,100.000000,73.224840
9.000000,0.023000,1.000000,7.330000,356.000000,57.200000,0.011000,6.500000,14.300000,13.000000,120.000000,71.870503
9.000000,0.005000,1.100000,7.800000,356.000000,56.000000,0.008000,6.340000,15.500000,16.000000,175.000000,69.105075
22.000000,0.027000,1.200000,18.600000,356.000000,57.800000,0.011000,6.340000,10.300000,20.000000,130.000000,71.215257
6.000000,0.016000,1.700000,18.600000,356.000000,57.850000,0.006000,6.460000,4.400000,14.000000,100.000000,72.974674
12.000000,0.010000,1.000000,18.600000,356.000000,59.015000,0.005000,6.470000,7.400000,12.000000,90.000000,73.420421
14.000000,0.000000,0.700000,18.600000,356.000000,56.710000,0.004000,6.600000,10.700000,12.000000,25.000000,78.555839
10.000000,0.001000,0.800000,18.600000,356.000000,55.700000,0.008000,6.170000,13.800000,12.000000,100.000000,73.311671
8.000000,0.004000,0.800000,18.600000,356.000000,57.800000,0.008000,6.270000,11.000000,10.000000,100.000000,72.982438
13.000000,0.017000,1.900000,18.600000,356.000000,58.650000,0.005000,6.420000,1.800000,14.000000,35.000000,77.368458
15.000000,0.003000,1.400000,18.600000,356.000000,56.350000,0.003000,6.890000,8.500000,15.000000,30.000000,78.221994
10.000000,0.046000,1.100000,18.600000,356.000000,54.350000,0.003000,6.400000,15.000000,9.000000,150.000000,70.592611
12.000000,0.000000,1.100000,18.600000,356.000000,56.750000,0.005000,5.980000,14.200000,7.000000,110.000000,72.530326
11.000000,0.021000,1.600000,18.600000,356.000000,57.500000,0.007000,6.060000,2.400000,14.000000,75.000000,74.658896
14.000000,0.011000,1.300000,18.600000,356.000000,57.700000,0.005000,6.230000,4.100000,19.000000,65.000000,75.318068
19.000000,0.008000,0.700000,18.600000,356.000000,56.600000,0.004000,6.430000,11.500000,17.000000,45.000000,76.991779
14.000000,0.031000,0.900000,18.600000,356.000000,55.500000,0.004000,6.780000,14.700000,20.000000,60.000000,76.073547
17.000000,0.015000,2.400000,18.600000,356.000000,53.500000,0.007000,6.110000,12.400000,12.000000,200.000000,68.221587
14.000000,0.014000,1.100000,18.600000,356.000000,56.750000,0.011000,6.310000,9.200000,15.000000,120.000000,71.936046
20.000000,0.011000,0.600000,18.600000,356.000000,56.100000,0.006000,6.280000,6.900000,16.000000,90.000000,73.890815
10.000000,0.007000,0.800000,18.600000,356.000000,55.550000,0.006000,6.330000,8.200000,10.000000,80.000000,74.650374
15.000000,0.008000,0.600000,18.600000,356.000000,56.900000,0.002000,6.330000,9.900000,15.000000,55.000000,76.183831
9.000000,0.008000,1.200000,18.600000,356.000000,55.250000,0.005000,6.050000,14.500000,8.000000,180.000000,68.953992
14.000000,0.016000,0.600000,18.600000,356.000000,55.050000,0.010000,6.000000,11.600000,15.000000,50.000000,76.905770
9.000000,0.036000,0.500000,18.600000,356.000000,56.650000,0.007000,5.430000,7.100000,13.000000,110.000000,72.545457
9.000000,0.020000,0.400000,18.600000,356.000000,57.400000,0.005000,5.600000,5.300000,11.000000,70.000000,75.020361
127.000000,0.021000,1.200000,18.600000,356.000000,57.600000,0.009000,5.820000,4.400000,152.000000,96.000000,73.264255
11.000000,0.019000,0.800000,18.600000,356.000000,57.100000,0.010000,5.860000,4.500000,10.000000,101.000000,73.029090
127.000000,0.011000,0.700000,18.600000,356.000000,56.300000,0.002000,6.120000,8.400000,152.000000,71.000000,75.142390
7.000000,0.010000,0.600000,18.600000,356.000000,56.300000,0.002000,6.150000,8.300000,10.000000,71.000000,75.142390
127.000000,0.014000,0.600000,18.600000,356.000000,56.370000,0.007000,6.570000,17.200000,152.000000,40.000000,77.423077
12.000000,0.012000,0.800000,18.600000,356.000000,55.470000,0.010000,6.530000,17.200000,18.000000,39.000000,77.678414
127.000000,0.000000,0.910000,18.600000,356.000000,56.950000,0.007000,5.880000,11.500000,152.000000,97.000000,73.303759
11.000000,0.000000,0.990000,18.600000,356.000000,55.910000,0.012000,6.050000,11.400000,8.000000,95.000000,73.597275
127.000000,0.010000,0.700000,18.600000,356.000000,56.100000,0.007000,6.210000,6.300000,152.000000,81.000000,74.489181
18.000000,0.024000,0.700000,18.600000,356.000000,56.600000,0.010000,6.200000,6.300000,16.000000,79.000000,74.539933
127.000000,0.012000,0.400000,18.600000,356.000000,56.775000,0.008000,5.860000,5.700000,152.000000,46.000000,76.881939
10.000000,0.013000,0.300000,18.600000,356.000000,56.500000,0.009000,5.920000,5.700000,18.000000,58.000000,76.036918
127.000000,0.008000,0.430000,18.600000,356.000000,58.135000,0.010000,5.720000,5.300000,152.000000,57.000000,75.812192
13.000000,0.014000,0.440000,18.600000,356.000000,58.635000,0.008000,5.830000,5.300000,16.000000,64.000000,75.223882
127.000000,0.002000,0.600000,18.600000,356.000000,54.105000,0.004000,5.930000,9.800000,152.000000,69.000000,75.673342
15.000000,0.012000,0.600000,18.600000,356.000000,56.020000,0.005000,6.040000,9.900000,17.000000,71.000000,75.191419
127.000000,0.018000,0.900000,18.600000,356.000000,54.050000,0.022000,5.740000,13.600000,152.000000,66.000000,75.900146
12.000000,0.012000,1.000000,18.600000,356.000000,53.550000,0.018000,5.650000,13.300000,17.000000,68.000000,75.845696
127.000000,0.009000,0.800000,18.600000,356.000000,56.440000,0.005000,5.620000,13.400000,152.000000,105.000000,72.883332
8.000000,0.017000,0.600000,18.600000,356.000000,56.040000,0.007000,5.720000,13.400000,10.000000,100.000000,73.257943
127.000000,0.015000,1.000000,18.600000,356.000000,55.450000,0.003000,5.780000,8.400000,152.000000,104.000000,73.099306
9.000000,0.016000,0.800000,18.600000,356.000000,56.350000,0.003000,6.060000,8.500000,13.000000,110.000000,72.590930
127.000000,0.010000,0.700000,18.600000,356.000000,56.615000,0.008000,5.570000,4.800000,152.000000,103.000000,72.980108
9.000000,0.015000,0.700000,18.600000,356.000000,56.575000,0.007000,5.690000,4.800000,12.000000,105.000000,72.862500
127.000000,0.007000,0.700000,18.600000,356.000000,57.185000,0.004000,6.010000,4.600000,152.000000,86.000000,73.975221
11.000000,0.011000,0.600000,18.600000,356.000000,56.735000,0.003000,5.990000,4.700000,11.000000,86.000000,74.049296
127.000000,0.003000,0.900000,18.600000,356.000000,57.400000,0.006000,5.680000,8.000000,152.000000,107.000000,72.613713
10.000000,0.005000,0.900000,18.600000,356.000000,57.350000,0.008000,5.770000,8.200000,9.000000,112.000000,72.319912
127.000000,0.012000,1.400000,18.600000,356.000000,56.600000,0.007000,5.880000,14.600000,152.000000,132.000000,71.271188
13.000000,0.029000,1.700000,18.600000,356.000000,56.050000,0.008000,5.850000,14.600000,13.000000,134.000000,71.236208
127.000000,0.002000,0.700000,18.600000,356.000000,56.550000,0.004000,6.690000,10.900000,152.000000,130.000000,71.390694
5.000000,0.011000,0.800000,18.600000,356.000000,56.550000,0.004000,6.730000,11.000000,3.000000,129.000000,71.447242
127.000000,0.019000,1.400000,18.600000,356.000000,57.940000,0.010000,5.770000,9.800000,152.000000,182.000000,68.540374
127.000000,0.033000,1.200000,7.960000,44.000000,58.450000,0.019000,5.800000,5.900000,11.000000,85.000000,73.833677
127.000000,0.033000,1.200000,8.350000,50.000000,57.450000,0.019000,6.000000,5.200000,13.000000,64.000000,75.433117
127.000000,0.025000,1.200000,8.410000,55.000000,55.700000,0.019000,6.400000,9.700000,13.000000,69.000000,75.388787
127.000000,0.033000,1.200000,7.800000,48.000000,55.150000,0.019000,6.500000,13.400000,11.000000,82.000000,74.582333
127.000000,0.033000,1.200000,6.640000,40.000000,55.700000,0.019000,6.200000,14.300000,13.000000,145.000000,70.680059
127.000000,0.028000,1.200000,10.200000,52.000000,57.000000,0.019000,6.400000,5.200000,12.000000,87.000000,73.939936
127.000000,0.033000,1.200000,9.840000,62.000000,59.950000,0.019000,6.600000,7.200000,17.000000,62.000000,75.133648
127.000000,0.065000,1.200000,9.710000,69.000000,57.300000,0.019000,6.900000,10.300000,17.000000,45.000000,76.858134
127.000000,0.033000,1.200000,7.930000,47.000000,55.050000,0.019000,6.600000,14.800000,10.000000,93.000000,73.866305
127.000000,0.033000,1.200000,8.770000,48.000000,55.600000,0.019000,6.400000,14.800000,12.000000,125.000000,71.812463
127.000000,0.022000,1.200000,11.900000,61.000000,56.650000,0.019000,6.800000,3.800000,14.000000,70.000000,75.151136
127.000000,0.033000,1.200000,12.400000,79.000000,62.200000,0.019000,6.700000,3.900000,17.000000,43.000000,76.091886
127.000000,0.033000,1.200000,10.400000,57.000000,57.300000,0.019000,6.600000,10.100000,14.000000,60.000000,75.746253
127.000000,0.026000,1.200000,11.600000,99.000000,56.350000,0.019000,7.100000,18.000000,21.000000,19.000000,81.639799
127.000000,0.033000,1.200000,9.580000,54.000000,55.700000,0.004000,5.900000,9.600000,152.000000,85.000000,74.287548
127.000000,0.033000,1.200000,10.200000,67.000000,56.200000,0.019000,6.600000,6.100000,16.000000,75.000000,74.881846
127.000000,0.033000,1.200000,10.200000,69.000000,55.800000,0.019000,6.800000,5.100000,16.000000,92.000000,73.809245
127.000000,0.028000,1.200000,9.520000,64.000000,57.000000,0.019000,6.800000,8.400000,17.000000,71.000000,75.020361
127.000000,0.025000,1.900000,9.650000,70.000000,55.550000,0.019000,6.900000,15.600000,17.000000,58.000000,76.211495
127.000000,0.021000,1.200000,8.510000,51.000000,46.650000,0.019000,6.400000,11.000000,16.000000,174.000000,70.339794
127.000000,0.033000,1.200000,9.980000,70.000000,54.850000,0.019000,7.000000,12.100000,17.000000,43.000000,77.485661
127.000000,0.033000,1.200000,9.620000,65.000000,56.450000,0.019000,7.000000,12.100000,17.000000,72.000000,75.046444
127.000000,0.033000,1.200000,7.890000,48.000000,55.700000,0.019000,6.600000,9.300000,12.000000,122.000000,71.972571
127.000000,0.033000,1.200000,9.310000,62.000000,58.850000,0.019000,6.800000,7.100000,16.000000,59.000000,75.539919
127.000000,0.033000,1.200000,9.460000,64.000000,57.100000,0.019000,7.100000,7.800000,18.000000,54.000000,76.220724
127.000000,0.033000,1.200000,10.000000,70.000000,56.200000,0.019000,7.200000,14.400000,18.000000,48.000000,76.839110
127.000000,0.029000,1.200000,8.020000,54.000000,55.600000,0.013000,7.000000,14.900000,12.000000,64.000000,75.764297
127.000000,0.033000,1.200000,8.060000,52.000000,58.400000,0.019000,6.900000,10.500000,11.000000,66.000000,75.124909
127.000000,0.033000,1.200000,9.360000,54.000000,60.300000,0.019000,6.800000,8.600000,14.000000,44.000000,76.368964
127.000000,0.033000,1.200000,9.080000,58.000000,56.750000,0.019000,6.900000,14.400000,13.000000,50.000000,76.583928
127.000000,0.033000,1.200000,9.170000,56.000000,57.050000,0.019000,6.800000,12.300000,11.000000,52.000000,76.378264
127.000000,0.033000,1.200000,8.980000,49.000000,56.850000,0.019000,6.400000,9.300000,12.000000,88.000000,73.898993
127.000000,0.033000,1.200000,9.810000,55.000000,64.950000,0.019000,6.600000,8.200000,15.000000,70.000000,73.752365
130.000000,0.033000,1.200000,19.000000,384.000000,110.000000,0.019000,6.800000,12.000000,148.000000,45.000000,68.864094
84.000000,0.033000,1.200000,19.000000,310.000000,61.000000,0.027000,6.300000,11.500000,122.000000,45.000000,76.165409
23.000000,0.033000,1.200000,17.000000,115.000000,56.000000,0.019000,6.000000,11.000000,28.000000,45.000000,77.106993
106.000000,0.033000,1.200000,40.000000,374.000000,25.000000,0.019000,7.900000,11.500000,106.000000,45.000000,83.818539
118.000000,0.033000,1.200000,18.000000,343.000000,61.000000,0.019000,6.900000,11.000000,146.000000,45.000000,76.165409
57.000000,0.033000,1.200000,22.000000,374.000000,62.000000,0.019000,9.800000,11.700000,18.000000,45.000000,72.629363
132.000000,0.033000,1.200000,15.000000,335.000000,54.900000,0.027000,6.800000,10.600000,146.000000,45.000000,77.319805
214.000000,0.033000,1.200000,26.000000,572.000000,15.000000,0.019000,8.100000,11.100000,150.000000,45.000000,74.952905
59.000000,0.402000,1.200000,16.000000,212.000000,54.900000,0.044000,7.500000,14.100000,80.000000,42.000000,77.554313
75.000000,0.033000,1.200000,17.000000,300.000000,80.000000,0.031000,6.900000,11.300000,112.000000,45.000000,72.951406
15.000000,0.033000,1.200000,16.000000,113.000000,54.000000,0.019000,7.000000,11.900000,25.000000,45.000000,77.495456
238.000000,0.499000,1.200000,25.000000,550.000000,54.900000,0.041000,7.200000,12.100000,228.000000,7.000000,70.265475
218.000000,0.062000,1.200000,23.000000,577.000000,54.900000,0.019000,7.700000,10.800000,150.000000,45.000000,69.014413
113.000000,0.033000,1.200000,36.000000,380.000000,12.000000,0.019000,8.000000,11.300000,105.000000,45.000000,86.687709
86.000000,0.033000,1.200000,19.000000,297.000000,56.000000,0.019000,6.800000,11.500000,117.000000,45.000000,77.106993
56.000000,0.033000,1.200000,22.000000,274.000000,36.000000,0.019000,9.700000,10.500000,30.000000,25.000000,78.640034
141.000000,0.033000,1.200000,15.000000,336.000000,21.000000,0.023000,7.000000,11.000000,136.000000,45.000000,84.741506
65.000000,0.053000,1.200000,18.000000,224.000000,82.000000,0.031000,7.500000,9.500000,85.000000,42.000000,72.827835
66.000000,0.033000,1.200000,17.000000,277.000000,69.000000,0.029000,6.200000,7.700000,99.000000,45.000000,74.744335
18.000000,0.033000,1.200000,16.000000,110.000000,91.000000,0.019000,6.000000,6.500000,32.000000,45.000000,71.327315
216.000000,0.033000,1.200000,24.000000,523.000000,19.000000,0.038000,7.500000,9.800000,218.000000,6.000000,75.714778
122.000000,0.033000,1.200000,36.000000,380.000000,27.000000,0.019000,8.300000,7.600000,146.000000,45.000000,83.354390
64.000000,0.033000,1.200000,17.000000,237.000000,75.000000,0.019000,7.100000,9.100000,95.000000,45.000000,73.744254
57.000000,0.033000,1.200000,12.000000,216.000000,73.000000,0.019000,6.800000,9.100000,101.000000,45.000000,74.071578
57.000000,0.033000,1.200000,21.000000,271.000000,22.000000,0.019000,9.400000,8.600000,41.000000,45.000000,84.512110
49.000000,0.033000,1.200000,14.000000,174.000000,27.000000,0.019000,6.300000,7.600000,59.000000,45.000000,83.354390
56.000000,0.033000,1.200000,12.000000,180.000000,54.900000,0.019000,6.300000,8.600000,85.000000,6.000000,81.988357
148.000000,0.033000,1.200000,14.000000,339.000000,54.900000,0.016000,7.100000,9.600000,140.000000,45.000000,77.319805
47.000000,0.028000,1.200000,18.000000,213.000000,95.000000,0.019000,7.600000,3.100000,94.000000,7.000000,74.093281
68.000000,0.033000,1.200000,18.000000,267.000000,69.000000,0.027000,6.100000,11.000000,100.000000,8.000000,78.823004
20.000000,0.033000,1.200000,15.000000,100.000000,36.000000,0.019000,6.300000,7.700000,28.000000,21.000000,83.493638
75.000000,0.033000,1.200000,17.000000,291.000000,50.500000,0.019000,6.900000,9.600000,113.000000,5.000000,83.080719
40.000000,0.033000,1.200000,15.000000,235.000000,50.000000,0.019000,6.600000,8.800000,86.000000,5.000000,83.208215
60.000000,0.033000,1.200000,21.000000,301.000000,61.000000,0.019000,9.500000,10.600000,31.000000,6.000000,80.558810
240.000000,0.033000,1.200000,27.000000,590.000000,46.000000,0.019000,7.500000,9.100000,253.000000,17.000000,71.318487
220.000000,0.033000,1.200000,22.000000,593.000000,54.000000,0.019000,8.100000,9.600000,146.000000,8.000000,74.910350
100.000000,0.033000,1.200000,34.000000,393.000000,32.000000,0.019000,8.000000,9.600000,126.000000,8.000000,88.259986
47.000000,0.033000,1.200000,13.000000,174.000000,54.900000,0.019000,6.300000,8.600000,64.000000,8.000000,81.988357
52.000000,0.033000,1.200000,18.000000,284.000000,38.000000,0.031000,6.000000,11.100000,103.000000,45.000000,80.844943
22.000000,0.033000,1.200000,16.000000,112.000000,53.000000,0.019000,6.500000,10.000000,33.000000,13.000000,82.453592
232.000000,0.033000,1.200000,30.000000,517.000000,0.000000,0.023000,7.400000,11.300000,208.000000,11.000000,82.393463
78.000000,0.033000,1.200000,15.000000,263.000000,45.000000,0.019000,6.600000,11.000000,103.000000,8.000000,84.521823
66.000000,0.033000,1.200000,12.000000,217.000000,41.500000,0.019000,6.500000,11.000000,82.000000,24.000000,81.948378
66.000000,0.033000,1.200000,20.000000,281.000000,18.000000,0.019000,9.000000,10.300000,28.000000,7.000000,92.489186
48.000000,0.033000,1.200000,11.000000,155.000000,54.900000,0.019000,6.200000,10.400000,56.000000,9.000000,81.988357
158.000000,0.033000,1.200000,14.000000,336.000000,54.900000,0.017000,6.900000,10.100000,140.000000,5.000000,81.988357
62.000000,0.033000,1.200000,20.000000,230.000000,48.000000,0.018000,7.400000,13.200000,83.000000,25.000000,80.403806
70.000000,0.033000,1.200000,19.000000,288.000000,28.500000,0.027000,6.400000,11.100000,107.000000,45.000000,83.006626
20.000000,0.033000,1.200000,17.000000,122.000000,33.500000,0.019000,6.300000,11.200000,35.000000,7.000000,87.807094
240.000000,0.169000,1.200000,28.000000,545.000000,54.900000,0.033000,7.200000,13.400000,248.000000,10.000000,70.150153
132.000000,0.033000,1.200000,35.000000,402.000000,0.000000,0.019000,7.900000,11.100000,148.000000,8.000000,94.167674
61.000000,0.033000,1.200000,21.000000,275.000000,37.000000,0.017000,6.600000,11.200000,103.000000,46.000000,80.978398
53.000000,0.033000,1.200000,11.000000,213.000000,46.000000,0.019000,6.500000,12.400000,75.000000,38.000000,79.710585
66.000000,0.033000,1.200000,21.000000,294.000000,15.000000,0.019000,9.100000,10.200000,35.000000,20.000000,93.250904
42.000000,0.033000,1.200000,12.000000,163.000000,1.000000,0.019000,6.000000,11.800000,55.000000,22.000000,94.153354
142.000000,0.033000,1.200000,14.000000,354.000000,54.900000,0.023000,6.900000,10.400000,150.000000,56.000000,76.480843
62.000000,0.267000,1.200000,18.000000,234.000000,41.500000,0.028000,7.400000,12.900000,82.000000,18.000000,85.483515
75.000000,0.033000,1.200000,17.000000,290.000000,28.300000,0.033000,6.200000,11.100000,108.000000,45.000000,83.052950
19.000000,0.033000,1.200000,15.000000,112.000000,34.400000,0.019000,6.000000,11.000000,36.000000,45.000000,81.652792
220.000000,0.028000,1.200000,29.000000,602.000000,8.900000,0.031000,7.300000,10.300000,208.000000,6.000000,76.483354
250.000000,0.033000,1.200000,22.000000,666.000000,0.700000,0.028000,7.700000,10.800000,146.000000,8.000000,87.809502
134.000000,0.033000,1.200000,34.000000,445.000000,0.100000,0.019000,7.900000,9.200000,129.000000,5.000000,94.149578
81.000000,0.033000,1.200000,16.000000,317.000000,37.350000,0.019000,6.700000,9.100000,107.000000,6.000000,86.668104
63.000000,0.033000,1.200000,22.000000,299.000000,40.050000,0.019000,6.400000,10.100000,102.000000,7.000000,85.892040
68.000000,0.033000,1.200000,21.000000,320.000000,13.350000,0.019000,9.100000,9.600000,30.000000,5.000000,93.601234
49.000000,0.033000,1.200000,11.000000,184.000000,0.500000,0.019000,6.000000,9.400000,57.000000,7.000000,100.000000
160.000000,0.033000,1.200000,14.000000,390.000000,0.400000,0.024000,6.800000,9.500000,146.000000,5.000000,100.000000
73.000000,0.033000,1.200000,31.000000,290.000000,34.400000,0.032000,6.200000,11.100000,106.000000,45.000000,81.652792
18.000000,0.033000,1.200000,15.000000,114.000000,41.300000,0.019000,6.000000,8.700000,37.000000,10.000000,85.539514
220.000000,0.033000,1.200000,30.000000,537.000000,15.550000,0.033000,7.500000,9.400000,242.000000,14.000000,75.934071
71.000000,0.033000,1.200000,20.000000,283.000000,43.950000,0.027000,6.800000,9.800000,114.000000,45.000000,79.550458
65.000000,0.027000,1.200000,20.000000,252.000000,46.850000,0.021000,6.600000,9.100000,97.000000,5.000000,84.027551
148.000000,0.033000,1.200000,15.000000,345.000000,15.600000,0.035000,7.200000,9.700000,164.000000,45.000000,85.945094
51.000000,0.071000,1.200000,17.000000,224.000000,49.800000,0.043000,7.300000,7.700000,90.000000,32.000000,79.412421
72.000000,0.033000,1.200000,18.000000,314.000000,34.350000,0.033000,6.200000,11.400000,109.000000,45.000000,81.664126
20.000000,0.033000,1.200000,12.000000,111.000000,35.000000,0.019000,6.300000,10.600000,35.000000,45.000000,81.517014
230.000000,0.027000,1.200000,31.000000,591.000000,7.250000,0.015000,7.300000,10.400000,270.000000,11.000000,82.101971
284.000000,0.037000,1.200000,21.000000,665.000000,0.500000,0.019000,7.500000,10.400000,224.000000,5.000000,81.916940
142.000000,0.033000,1.200000,34.000000,438.000000,0.100000,0.019000,8.000000,10.400000,156.000000,5.000000,94.154743
146.000000,0.033000,1.200000,18.000000,311.000000,40.000000,0.016000,6.800000,10.500000,135.000000,9.000000,85.906231
50.000000,0.033000,1.200000,12.000000,195.000000,43.350000,0.019000,6.700000,10.800000,74.000000,10.000000,84.970866
61.000000,0.033000,1.200000,21.000000,316.000000,14.450000,0.019000,8.500000,10.200000,60.000000,11.000000,93.374287
35.000000,0.042000,1.200000,13.000000,182.000000,0.300000,0.019000,6.000000,9.900000,71.000000,20.000000,100.000000
166.000000,0.053000,1.200000,14.000000,368.000000,0.100000,0.028000,6.900000,10.200000,166.000000,10.000000,100.000000
46.000000,0.106000,1.200000,16.000000,232.000000,44.900000,0.042000,7.200000,11.500000,86.000000,43.000000,79.518542
20.000000,0.033000,1.200000,14.000000,114.000000,27.150000,0.019000,7.100000,11.500000,29.000000,6.000000,89.748723
218.000000,0.029000,1.200000,30.000000,553.000000,21.000000,0.027000,7.400000,13.000000,220.000000,14.000000,75.390919
233.000000,0.033000,1.200000,21.000000,617.000000,19.350000,0.039000,7.800000,12.900000,149.000000,10.000000,80.918802
127.000000,0.033000,1.200000,33.000000,420.000000,19.350000,0.026000,7.800000,13.000000,135.000000,9.000000,87.111419
81.000000,0.033000,1.200000,15.000000,285.000000,38.850000,0.019000,6.700000,11.300000,108.000000,28.000000,82.188406
65.000000,0.033000,1.200000,8.000000,219.000000,31.550000,0.019000,6.500000,12.200000,74.000000,12.000000,88.396715
70.000000,0.033000,1.200000,20.000000,313.000000,12.200000,0.019000,8.400000,11.300000,55.000000,13.000000,93.805597
81.000000,0.033000,1.200000,15.000000,285.000000,38.850000,0.019000,6.700000,11.300000,108.000000,28.000000,82.188406
44.000000,0.033000,1.200000,13.000000,193.000000,0.200000,0.019000,6.100000,11.500000,66.000000,77.000000,88.625391
154.000000,0.033000,1.200000,14.000000,380.000000,0.200000,0.023000,6.800000,11.500000,154.000000,8.000000,100.000000
22.000000,0.033000,1.200000,16.000000,119.000000,28.950000,0.019000,6.200000,10.200000,39.000000,45.000000,82.902463
72.000000,0.033000,1.200000,18.000000,294.000000,28.800000,0.029000,6.700000,11.300000,110.000000,6.000000,89.239272
240.000000,0.033000,1.200000,34.000000,571.000000,0.500000,0.019000,7.100000,10.300000,260.000000,10.000000,82.139155
246.000000,0.033000,1.200000,21.000000,580.000000,0.400000,0.019000,7.200000,10.200000,226.000000,45.000000,75.523563
142.000000,0.033000,1.200000,35.000000,400.000000,0.500000,0.019000,7.400000,10.200000,152.000000,14.000000,100.000000
90.000000,0.033000,1.200000,16.000000,282.000000,38.400000,0.016000,7.100000,10.000000,112.000000,16.000000,86.363968
63.000000,0.033000,1.200000,15.000000,232.000000,43.550000,0.019000,7.000000,8.700000,91.000000,14.000000,84.916025
71.000000,0.033000,1.200000,21.000000,303.000000,14.150000,0.019000,7.400000,10.100000,60.000000,21.000000,87.907086
56.000000,0.202000,1.200000,14.000000,187.000000,0.300000,0.036000,6.600000,9.800000,73.000000,8.000000,100.000000
58.000000,0.033000,1.200000,14.000000,199.000000,0.400000,0.019000,6.200000,9.100000,82.000000,9.000000,100.000000
166.000000,0.033000,1.200000,14.000000,363.000000,0.300000,0.027000,6.800000,9.700000,166.000000,14.000000,100.000000
71.000000,0.033000,1.200000,5.000000,174.000000,5.650000,0.019000,7.300000,7.100000,86.000000,40.000000,93.012061
66.000000,0.033000,1.200000,18.000000,291.000000,29.400000,0.038000,6.300000,11.200000,111.000000,45.000000,82.798403
16.000000,0.033000,1.200000,14.000000,121.000000,39.150000,0.019000,6.600000,8.000000,25.000000,45.000000,80.590576
220.000000,0.033000,1.200000,31.000000,564.000000,6.700000,0.019000,7.500000,9.600000,228.000000,23.000000,76.463015
236.000000,0.033000,1.200000,21.000000,582.000000,7.250000,0.017000,7.500000,9.500000,212.000000,15.000000,82.291333
140.000000,0.033000,1.200000,33.000000,407.000000,0.200000,0.019000,7.800000,9.500000,142.000000,9.000000,94.167265
99.000000,0.033000,1.200000,16.000000,297.000000,39.500000,0.019000,7.300000,9.700000,123.000000,8.000000,86.048523
67.000000,0.033000,1.200000,10.000000,193.000000,45.850000,0.019000,7.100000,8.100000,77.000000,9.000000,84.293518
80.000000,0.033000,1.200000,21.000000,312.000000,0.900000,0.019000,8.300000,10.100000,71.000000,10.000000,100.000000
65.000000,0.033000,1.200000,15.000000,204.000000,0.600000,0.019000,7.200000,7.800000,82.000000,7.000000,100.000000
164.000000,0.033000,1.200000,14.000000,375.000000,0.200000,0.024000,7.300000,9.200000,172.000000,5.000000,100.000000
82.000000,0.033000,1.200000,7.000000,205.000000,43.100000,0.019000,7.100000,7.600000,96.000000,104.000000,75.142390
54.000000,0.038000,1.200000,17.000000,217.000000,51.250000,0.019000,7.700000,5.300000,80.000000,12.000000,82.890774
67.000000,0.033000,1.200000,18.000000,285.000000,31.650000,0.033000,6.400000,11.300000,117.000000,9.000000,88.366299
168.000000,0.033000,1.200000,14.000000,546.000000,32.150000,0.019000,7.200000,11.000000,250.000000,8.000000,78.841188
242.000000,0.033000,1.200000,21.000000,356.000000,13.300000,0.015000,7.700000,11.300000,192.000000,9.000000,87.853595
239.000000,0.133000,1.200000,29.000000,356.000000,0.700000,0.019000,7.600000,11.800000,260.000000,21.000000,82.369893
140.000000,0.033000,1.200000,33.000000,356.000000,0.700000,0.019000,7.700000,11.400000,156.000000,12.000000,100.000000
114.000000,0.033000,1.200000,15.000000,356.000000,39.400000,0.015000,7.100000,11.000000,139.000000,13.000000,86.077064
69.000000,0.033000,1.200000,12.000000,356.000000,46.100000,0.019000,6.400000,10.700000,85.000000,14.000000,84.226761
75.000000,0.033000,1.200000,21.000000,356.000000,12.250000,0.019000,8.400000,11.500000,54.000000,14.000000,93.797493
68.000000,0.026000,1.200000,15.000000,356.000000,0.600000,0.019000,6.100000,10.500000,86.000000,10.000000,100.000000
160.000000,0.033000,1.200000,14.000000,356.000000,0.800000,0.024000,7.100000,10.600000,166.000000,12.000000,100.000000
60.000000,0.033000,1.200000,17.000000,356.000000,52.450000,0.036000,7.600000,13.300000,84.000000,30.000000,79.023357
72.000000,0.033000,1.200000,18.000000,292.000000,31.600000,0.031000,6.200000,11.200000,120.000000,5.000000,88.381505
28.000000,0.033000,1.200000,14.000000,111.000000,28.850000,0.019000,6.100000,11.500000,50.000000,6.000000,89.223866
250.000000,0.035000,1.200000,21.000000,585.000000,0.200000,0.017000,7.400000,11.100000,222.000000,7.000000,82.212229
144.000000,0.033000,1.200000,33.000000,407.000000,0.200000,0.019000,7.700000,11.100000,145.000000,45.000000,87.388978
104.000000,0.033000,1.200000,17.000000,311.000000,33.300000,0.019000,6.900000,10.700000,147.000000,8.000000,87.867210
54.000000,0.033000,1.200000,12.000000,184.000000,52.600000,0.019000,6.400000,11.900000,92.000000,8.000000,82.552780
81.000000,0.033000,1.200000,20.000000,306.000000,19.450000,0.019000,8.500000,10.500000,81.000000,9.000000,92.082137
62.000000,0.033000,1.200000,16.000000,203.000000,0.200000,0.019000,6.000000,11.200000,81.000000,9.000000,100.000000
172.000000,0.033000,1.200000,14.000000,370.000000,0.400000,0.027000,7.000000,10.600000,184.000000,8.000000,100.000000
66.000000,0.033000,1.200000,18.000000,230.000000,56.250000,0.018000,7.400000,9.400000,88.000000,18.000000,81.663659
13.000000,0.032000,1.200000,15.000000,105.000000,46.200000,0.013000,5.900000,10.100000,24.000000,8.000000,84.200107
234.000000,0.033000,1.200000,22.000000,587.000000,15.000000,0.018000,7.700000,10.900000,192.000000,8.000000,81.619818
222.000000,0.043000,1.200000,29.000000,552.000000,0.200000,0.019000,7.300000,11.600000,242.000000,42.000000,75.761303
140.000000,0.033000,1.200000,33.000000,407.000000,0.300000,0.011000,7.700000,11.700000,144.000000,8.000000,94.167265
94.000000,0.033000,1.200000,18.000000,300.000000,41.600000,0.010000,7.100000,11.000000,125.000000,14.000000,85.455557
56.000000,0.033000,1.200000,19.000000,208.000000,46.600000,0.019000,6.400000,11.300000,78.000000,15.000000,84.093777
71.000000,0.033000,1.200000,20.000000,297.000000,25.700000,0.019000,8.500000,10.800000,53.000000,98.000000,78.929582
81.000000,0.260000,1.200000,21.000000,244.000000,0.600000,0.019000,6.200000,10.700000,69.000000,21.000000,94.164092
50.000000,0.033000,1.200000,25.000000,226.000000,0.400000,0.019000,5.800000,10.300000,82.000000,9.000000,100.000000
182.000000,0.033000,1.200000,15.000000,412.000000,0.400000,0.026000,7.100000,10.500000,180.000000,13.000000,94.166404
54.000000,0.033000,1.200000,19.000000,217.000000,49.800000,0.025000,7.500000,12.600000,78.000000,57.000000,77.378202
83.000000,0.033000,1.200000,19.000000,315.000000,37.150000,0.028000,6.300000,11.300000,130.000000,8.000000,86.726364
18.000000,0.033000,1.200000,34.000000,111.000000,38.800000,0.010000,5.900000,11.400000,35.000000,30.000000,82.016846
248.000000,0.020000,1.200000,26.000000,541.000000,0.100000,0.014000,7.200000,13.200000,228.000000,11.000000,82.269203
254.000000,0.024000,1.200000,21.000000,588.000000,0.200000,0.022000,7.600000,11.700000,192.000000,17.000000,87.980673
150.000000,0.033000,1.200000,33.000000,408.000000,0.200000,0.019000,7.800000,11.600000,134.000000,11.000000,94.167129
116.000000,0.033000,1.200000,17.000000,326.000000,33.800000,0.019000,7.300000,11.200000,134.000000,21.000000,84.004008
82.000000,0.033000,1.200000,20.000000,299.000000,18.300000,0.033000,8.300000,11.000000,55.000000,37.000000,86.051977
55.000000,0.230000,1.200000,24.000000,213.000000,0.200000,0.019000,6.000000,11.600000,76.000000,10.000000,100.000000
204.000000,0.033000,1.200000,14.000000,400.000000,0.200000,0.029000,7.100000,10.900000,170.000000,45.000000,87.385681
64.000000,0.022000,1.200000,18.000000,211.000000,51.200000,0.040000,7.700000,9.800000,75.000000,200.000000,68.486741
71.000000,0.033000,1.200000,17.000000,286.000000,27.750000,0.030000,6.100000,11.300000,103.000000,5.000000,89.563279
22.000000,0.033000,1.200000,15.000000,105.000000,32.750000,0.013000,6.000000,11.100000,36.000000,5.000000,88.032966
242.000000,0.130000,1.200000,25.000000,551.000000,0.600000,0.010000,7.200000,10.900000,228.000000,7.000000,82.272209
146.000000,0.033000,1.200000,32.000000,403.000000,0.600000,0.019000,7.800000,10.500000,134.000000,45.000000,87.402126
73.000000,0.033000,1.200000,19.000000,265.000000,42.800000,0.019000,6.800000,10.500000,95.000000,45.000000,79.796356
38.000000,0.033000,1.200000,17.000000,194.000000,48.000000,0.019000,6.600000,10.800000,70.000000,45.000000,78.701786
76.000000,0.033000,1.200000,20.000000,307.000000,13.950000,0.018000,8.300000,10.100000,71.000000,45.000000,86.293643
36.000000,0.033000,1.200000,26.000000,230.000000,1.100000,0.019000,6.000000,10.100000,87.000000,45.000000,92.489186
186.000000,0.033000,1.200000,14.000000,400.000000,0.500000,0.018000,7.200000,9.900000,168.000000,45.000000,92.489186
46.000000,2.000000,1.200000,30.000000,276.000000,1.000000,0.019000,5.900000,9.200000,78.000000,21.000000,84.420027
67.000000,0.033000,1.200000,18.000000,271.000000,32.750000,0.027000,6.200000,11.200000,102.000000,45.000000,82.028267
16.000000,0.033000,1.200000,16.000000,109.000000,39.650000,0.019000,5.900000,8.600000,24.000000,45.000000,80.480581
71.000000,0.033000,1.200000,18.000000,264.000000,53.350000,0.013000,7.000000,10.300000,105.000000,45.000000,77.623174
44.000000,0.033000,1.200000,13.000000,200.000000,50.700000,0.019000,6.500000,9.700000,75.000000,45.000000,78.151340
44.000000,0.033000,1.200000,32.000000,256.000000,1.650000,0.010000,6.000000,9.000000,100.000000,9.000000,100.000000
196.000000,0.033000,1.200000,14.000000,407.000000,1.650000,0.023000,7.200000,10.000000,193.000000,45.000000,87.388978
50.000000,0.033000,1.200000,18.000000,209.000000,57.050000,0.019000,7.400000,12.200000,75.000000,45.000000,76.905770
226.000000,0.033000,1.200000,26.000000,510.000000,25.600000,0.022000,7.600000,9.900000,257.000000,20.000000,74.665290
150.000000,0.033000,1.200000,32.000000,393.000000,3.300000,0.012000,7.900000,10.000000,155.000000,45.000000,92.489186
60.000000,0.033000,1.200000,8.000000,172.000000,47.900000,0.032000,6.700000,9.500000,64.000000,109.000000,73.989190
66.000000,0.033000,1.200000,17.000000,270.000000,32.750000,0.037000,6.200000,11.300000,107.000000,45.000000,82.028267
18.000000,0.028000,1.200000,16.000000,111.000000,32.850000,0.024000,6.000000,10.000000,29.000000,45.000000,82.005429
82.000000,0.033000,1.200000,17.000000,314.000000,52.150000,0.016000,8.100000,11.100000,122.000000,45.000000,77.860857
85.000000,0.033000,1.200000,20.000000,314.000000,20.550000,0.018000,8.100000,11.300000,76.000000,45.000000,84.844288
46.000000,0.033000,1.200000,29.000000,236.000000,5.000000,0.019000,6.100000,9.900000,102.000000,45.000000,92.489186
201.000000,0.033000,1.200000,14.000000,399.000000,3.350000,0.023000,7.200000,10.400000,209.000000,6.000000,88.333611
52.000000,0.040000,1.200000,20.000000,310.000000,51.850000,0.033000,7.400000,14.200000,83.000000,19.000000,82.739937
258.000000,0.033000,1.200000,22.000000,568.000000,19.400000,0.039000,7.800000,10.700000,205.000000,45.000000,68.722631
162.000000,0.022000,1.200000,32.000000,389.000000,2.750000,0.017000,7.800000,10.700000,153.000000,45.000000,92.489186
66.000000,0.033000,1.200000,17.000000,276.000000,31.650000,0.039000,6.600000,11.300000,100.000000,45.000000,82.280121
18.000000,0.020000,1.200000,15.000000,107.000000,31.050000,0.015000,6.500000,11.100000,27.000000,45.000000,82.417953
214.000000,0.036000,1.200000,27.000000,531.000000,3.350000,0.029000,7.300000,11.800000,245.000000,7.000000,82.331332
251.000000,0.035000,1.200000,22.000000,584.000000,2.800000,0.025000,7.600000,11.000000,215.000000,45.000000,75.542479
153.000000,0.033000,1.200000,34.000000,416.000000,2.200000,0.012000,7.800000,10.800000,156.000000,45.000000,87.359161
64.000000,0.033000,1.200000,18.000000,253.000000,41.100000,0.017000,6.900000,10.900000,96.000000,45.000000,80.163715
94.000000,0.033000,1.200000,21.000000,324.000000,7.800000,0.026000,8.200000,10.700000,82.000000,45.000000,92.489186
49.000000,0.033000,1.200000,26.000000,233.000000,4.450000,0.013000,6.000000,11.000000,86.000000,45.000000,92.489186
213.000000,0.033000,1.200000,14.000000,423.000000,5.550000,0.036000,7.200000,11.500000,189.000000,45.000000,81.759568
70.000000,0.033000,1.200000,16.500000,272.000000,31.000000,0.039000,6.200000,11.200000,92.000000,45.000000,82.429453
12.000000,0.033000,1.200000,15.500000,101.000000,34.100000,0.015000,6.300000,8.400000,20.600000,45.000000,81.720838
256.000000,0.033000,1.200000,21.000000,589.000000,13.350000,0.055000,7.700000,10.500000,186.000000,45.000000,69.317635
224.000000,0.033000,1.200000,25.200000,524.000000,19.500000,0.032000,7.500000,8.000000,221.000000,9.000000,75.605573
154.000000,0.061000,1.200000,30.900000,416.000000,3.300000,0.022000,7.700000,10.400000,146.000000,45.000000,87.359161
82.000000,0.033000,1.200000,13.900000,275.000000,44.500000,0.018000,6.800000,9.800000,93.000000,45.000000,79.433612
37.000000,0.033000,1.200000,15.200000,172.000000,52.500000,0.019000,5.600000,8.500000,54.800000,45.000000,77.791279
99.000000,0.033000,1.200000,20.200000,337.000000,2.200000,0.043000,8.000000,10.200000,91.400000,45.000000,92.489186
51.000000,0.033000,1.200000,22.500000,231.000000,5.050000,0.019000,6.100000,9.000000,78.700000,45.000000,92.489186
204.000000,0.033000,1.200000,13.900000,431.000000,7.200000,0.030000,7.300000,10.000000,185.000000,45.000000,81.783588
130.000000,2.000000,1.200000,23.900000,309.000000,5.050000,0.020000,6.400000,7.700000,66.000000,953.000000,53.476603
