PH,Temp,Turbidity,TSS,BOD5,COD,DO,Amoni,Phosphat,Coliforms,WQI
7.200000,27.800000,60.000000,210.000000,3.200000,6.600000,7.200000,0.350000,0.840000,2600.000000,49.680000
7.100000,27.600000,65.000000,180.000000,3.150000,6.800000,7.700000,0.880000,0.950000,4700.000000,65.340000
7.300000,27.700000,65.000000,195.000000,3.680000,7.800000,7.000000,2.250000,1.360000,8500.000000,51.530000
7.100000,27.500000,70.000000,180.000000,3.500000,6.200000,6.700000,2.330000,1.410000,7500.000000,55.260000
6.900000,27.500000,80.000000,100.000000,3.840000,6.800000,6.400000,1.870000,2.740000,9500.000000,49.510000
6.500000,27.500000,90.000000,80.000000,5.680000,10.500000,4.900000,3.640000,3.170000,10800.000000,15.230000
7.200000,27.000000,95.000000,120.000000,3.620000,5.500000,6.800000,2.400000,1.060000,8300.000000,52.240000
7.000000,27.500000,120.000000,100.000000,4.180000,7.700000,5.800000,2.860000,1.650000,9800.000000,27.800000
6.400000,28.100000,190.000000,60.000000,8.450000,14.500000,2.200000,4.120000,4.120000,14000.000000,9.620000
7.400000,28.000000,70.000000,310.000000,2.850000,4.880000,7.100000,0.004000,0.240000,1500.000000,49.450000
7.300000,28.000000,70.000000,270.000000,3.150000,8.150000,7.800000,0.005000,0.460000,2700.000000,75.220000
7.300000,28.000000,80.000000,230.000000,3.350000,5.360000,6.870000,0.008000,0.580000,3300.000000,73.350000
7.400000,28.000000,80.000000,220.000000,3.250000,6.200000,6.850000,0.330000,0.630000,4200.000000,68.810000
7.000000,27.500000,85.000000,150.000000,3.660000,6.600000,6.200000,0.470000,0.670000,6800.000000,59.200000
6.700000,27.500000,90.000000,120.000000,4.340000,7.300000,4.700000,0.750000,1.880000,8800.000000,48.880000
7.200000,27.000000,100.000000,210.000000,3.450000,7.800000,6.900000,0.450000,0.860000,4700.000000,18.050000
7.100000,27.500000,115.000000,18.000000,4.050000,7.200000,6.100000,0.660000,0.950000,5600.000000,62.220000
6.500000,28.000000,200.000000,90.000000,6.870000,10.600000,3.400000,1.740000,2.680000,12000.000000,9.190000
7.300000,27.500000,75.000000,120.000000,2.850000,5.200000,7.700000,0.004000,0.011000,350.000000,67.170000
7.200000,27.500000,70.000000,130.000000,3.050000,5.450000,7.850000,0.005000,0.025000,6500.000000,67.170000
7.200000,27.500000,90.000000,130.000000,3.200000,6.150000,7.420000,0.008000,0.025000,6500.000000,47.020000
7.200000,26.500000,90.000000,120.000000,3.650000,5.830000,6.860000,1.150000,1.170000,9500.000000,35.760000
6.700000,27.500000,100.000000,80.000000,4.150000,6.750000,6.310000,1.860000,1.360000,8600.000000,38.420000
6.600000,27.500000,130.000000,60.000000,5.380000,8.260000,4.150000,3.750000,2.140000,7800.000000,38.740000
7.100000,27.000000,130.000000,100.000000,3.880000,6.120000,6.480000,2.140000,1.280000,5700.000000,31.080000
7.100000,27.500000,190.000000,80.000000,4.300000,7.380000,5.210000,2.670000,1.680000,9700.000000,9.540000
6.500000,27.000000,230.000000,70.000000,7.670000,11.740000,2.240000,3.940000,3.850000,120000.000000,16.910000
7.300000,27.500000,80.000000,110.000000,3.050000,580.000000,7.210000,0.007000,0.032000,3800.000000,42.780000
7.300000,27.500000,80.000000,115.000000,3.400000,6.150000,7.150000,0.008000,0.033000,6700.000000,66.410000
7.200000,27.500000,85.000000,100.000000,3.650000,6.700000,6.650000,0.017000,0.033000,7400.000000,65.520000
7.300000,26.500000,75.000000,110.000000,3.550000,5.240000,6.500000,1.750000,1.870000,8600.000000,50.530000
6.900000,27.500000,120.000000,80.000000,4.320000,7.650000,6.280000,1.980000,2.340000,7200.000000,39.280000
6.700000,27.500000,110.000000,90.000000,5.850000,8.870000,5.210000,2.860000,2.760000,32000.000000,9.460000
7.200000,27.000000,150.000000,100.000000,4.050000,7.150000,6.350000,2.150000,2.170000,9600.000000,28.930000
7.200000,27.500000,230.000000,120.000000,4.470000,7.560000,5.630000,2.660000,2.450000,12500.000000,3.910000
6.600000,27.000000,380.000000,80.000000,6.240000,9.780000,1.850000,3.650000,3.470000,135000.000000,9.300000
7.100000,27.000000,65.000000,100.000000,5.100000,6.500000,7.300000,0.450000,1.000000,450.000000,58.800000
7.300000,27.000000,85.000000,145.000000,6.200000,8.100000,7.000000,0.710000,0.720000,4200.000000,65.680000
7.100000,26.500000,85.000000,140.000000,5.200000,7.100000,6.200000,0.870000,1.050000,7300.000000,50.910000
7.100000,27.000000,90.000000,130.000000,5.200000,7.100000,6.000000,1.260000,1.250000,7100.000000,55.150000
6.700000,26.500000,90.000000,110.000000,6.500000,8.100000,5.600000,0.210000,1.250000,9510.000000,46.830000
6.800000,26.500000,95.000000,100.000000,8.100000,11.100000,3.200000,0.230000,2.450000,10500.000000,15.440000
6.600000,26.500000,95.000000,110.000000,5.300000,6.500000,6.100000,2.850000,1.530000,7000.000000,54.820000
6.500000,26.500000,110.000000,110.000000,7.300000,10.300000,4.400000,3.500000,1.900000,10500.000000,3.700000
6.300000,26.500000,130.000000,105.000000,12.000000,14.300000,1.500000,5.100000,4.210000,10500.000000,3.090000
7.300000,27.000000,70.000000,95.000000,5.900000,7.900000,6.800000,0.350000,0.970000,400.000000,57.520000
7.100000,27.000000,72.000000,95.000000,6.800000,9.100000,6.500000,1.010000,1.510000,5150.000000,66.080000
7.200000,27.000000,85.000000,140.000000,7.500000,9.600000,6.100000,2.010000,1.720000,8150.000000,45.860000
7.000000,27.000000,87.000000,115.000000,6.900000,8.100000,6.000000,0.710000,0.780000,8000.000000,52.210000
6.900000,27.000000,101.000000,110.000000,7.250000,9.230000,5.450000,2.150000,1.120000,9300.000000,10.950000
6.500000,27.000000,80.000000,125.000000,15.200000,17.200000,2.080000,4.200000,1.680000,15000.000000,12.130000
7.000000,27.000000,95.000000,120.000000,7.600000,10.600000,5.120000,2.010000,2.340000,9050.000000,45.400000
6.900000,27.000000,110.000000,135.000000,19.200000,22.000000,3.150000,3.250000,3.150000,13000.000000,3.240000
6.600000,27.000000,130.000000,110.000000,25.300000,31.000000,1.400000,7.000000,4.230000,130500.000000,2.560000
6.900000,27.500000,70.000000,130.000000,6.200000,8.100000,6.700000,0.715000,0.910000,2000.000000,44.190000
7.000000,27.500000,72.000000,135.000000,6.900000,9.700000,6.600000,1.250000,1.520000,5000.000000,61.700000
7.000000,28.000000,75.000000,170.000000,8.100000,10.500000,6.500000,2.100000,2.510000,9800.000000,40.180000
6.900000,27.600000,91.000000,130.000000,6.500000,7.900000,6.000000,1.750000,1.710000,7100.000000,54.260000
6.500000,27.300000,90.000000,100.000000,6.600000,8.200000,4.050000,1.760000,1.850000,9750.000000,44.970000
6.000000,27.200000,92.000000,135.000000,17.500000,20.100000,2.010000,4.120000,3.520000,31000.000000,11.690000
7.000000,27.600000,100.000000,150.000000,8.300000,12.100000,5.300000,3.200000,2.500000,11000.000000,3.700000
5.900000,27.900000,112.000000,140.000000,17.000000,22.200000,3.400000,3.250000,4.230000,14500.000000,3.260000
5.900000,27.500000,123.000000,100.000000,24.600000,30.100000,0.510000,4.600000,5.460000,165500.000000,6.010000
7.300000,27.000000,70.000000,270.000000,5.200000,7.600000,7.600000,0.230000,0.250000,400.000000,47.840000
7.400000,26.700000,72.000000,190.000000,6.100000,8.200000,8.000000,0.210000,0.570000,3100.000000,70.790000
7.300000,26.000000,75.000000,170.000000,5.200000,7.100000,7.300000,0.420000,0.610000,4500.000000,66.640000
7.200000,27.600000,85.000000,225.000000,4.600000,6.100000,6.600000,0.420000,0.800000,4150.000000,67.630000
7.100000,27.000000,87.000000,175.000000,5.100000,6.500000,6.150000,0.052000,0.820000,6100.000000,63.220000
7.000000,27.000000,90.000000,125.000000,7.500000,9.200000,6.050000,0.950000,2.100000,8100.000000,50.800000
7.000000,27.000000,100.000000,200.000000,5.600000,8.200000,6.400000,0.370000,0.520000,5100.000000,17.350000
6.800000,27.000000,112.000000,95.000000,7.100000,9.200000,4.400000,0.810000,0.950000,6600.000000,36.340000
6.500000,27.000000,123.000000,115.000000,8.200000,12.300000,2.900000,2.230000,1.870000,16900.000000,3.600000
6.800000,27.000000,70.000000,100.000000,6.200000,11.300000,7.100000,0.320000,0.810000,460.000000,56.300000
6.900000,28.000000,70.000000,100.000000,6.400000,9.600000,6.800000,0.420000,0.840000,4500.000000,70.750000
7.000000,27.000000,75.000000,145.000000,5.600000,8.700000,6.100000,0.560000,1.120000,7500.000000,50.780000
7.000000,28.000000,75.000000,120.000000,6.200000,11.600000,5.800000,1.120000,1.320000,8000.000000,50.730000
6.600000,28.000000,80.000000,100.000000,9.500000,17.500000,5.500000,0.220000,1.470000,10000.000000,45.500000
6.700000,28.000000,90.000000,110.000000,10.400000,18.600000,3.000000,0.240000,2.460000,11000.000000,13.810000
6.400000,27.500000,85.000000,120.000000,8.500000,15.300000,5.900000,2.900000,1.620000,8200.000000,47.870000
6.600000,27.500000,110.000000,140.000000,15.600000,25.300000,4.000000,3.520000,2.010000,11000.000000,3.340000
6.200000,27.500000,130.000000,145.000000,20.000000,35.600000,1.350000,5.210000,4.310000,12000.000000,2.630000
7.200000,27.000000,70.000000,130.000000,6.100000,9.200000,6.500000,0.340000,0.920000,600.000000,55.990000
6.900000,28.000000,70.000000,140.000000,7.000000,10.230000,6.400000,1.050000,1.530000,5200.000000,65.390000
6.800000,27.000000,75.000000,150.000000,6.700000,9.670000,5.800000,2.120000,1.750000,8300.000000,49.270000
7.100000,28.000000,75.000000,120.000000,7.200000,9.500000,6.100000,0.850000,0.890000,8100.000000,51.650000
7.000000,28.000000,80.000000,115.000000,8.600000,12.300000,5.350000,2.170000,1.200000,9500.000000,43.170000
6.400000,28.000000,90.000000,160.000000,15.700000,20.400000,2.000000,4.320000,1.740000,16000.000000,11.950000
6.800000,27.500000,85.000000,120.000000,8.200000,15.600000,5.000000,2.120000,2.300000,10000.000000,39.410000
6.700000,27.500000,110.000000,140.000000,20.100000,30.100000,3.200000,3.310000,3.250000,14000.000000,3.130000
6.400000,27.500000,130.000000,130.000000,27.600000,36.700000,1.320000,7.050000,4.270000,140000.000000,2.460000
6.700000,27.500000,65.000000,140.000000,6.000000,9.200000,6.600000,0.370000,0.820000,1000.000000,57.250000
6.800000,27.500000,70.000000,145.000000,7.100000,10.300000,6.500000,0.590000,1.530000,5200.000000,66.860000
7.100000,26.800000,75.000000,185.000000,7.800000,11.200000,6.200000,1.270000,2.550000,10000.000000,38.000000
7.200000,28.000000,80.000000,137.000000,6.500000,8.700000,5.800000,1.850000,1.340000,8500.000000,48.930000
6.400000,28.000000,82.000000,121.000000,7.700000,9.800000,4.030000,1.810000,1.590000,10000.000000,40.490000
6.100000,28.000000,87.000000,145.000000,11.200000,20.100000,2.100000,2.450000,3.530000,32000.000000,12.340000
7.100000,27.500000,90.000000,165.000000,12.300000,20.700000,5.020000,3.210000,2.540000,11500.000000,12.950000
6.000000,27.500000,111.000000,155.000000,19.500000,24.700000,3.300000,3.520000,3.270000,15000.000000,3.200000
5.800000,28.000000,123.000000,120.000000,24.800000,34.200000,0.350000,4.710000,4.000000,170000.000000,2.560000
7.200000,27.500000,70.000000,120.000000,5.700000,10.200000,7.200000,0.310000,0.450000,500.000000,57.240000
6.900000,27.500000,75.000000,100.000000,6.100000,9.210000,6.900000,0.300000,0.670000,3500.000000,74.370000
7.100000,27.500000,73.000000,190.000000,5.400000,7.600000,6.700000,0.450000,0.780000,4700.000000,62.110000
7.000000,27.500000,85.000000,250.000000,5.000000,7.890000,6.300000,0.520000,0.920000,5000.000000,63.990000
6.800000,27.500000,86.000000,190.000000,5.750000,8.560000,6.000000,0.540000,1.100000,7000.000000,39.650000
7.200000,27.500000,87.000000,140.000000,8.100000,12.300000,5.900000,1.120000,2.230000,9000.000000,46.020000
7.300000,27.500000,90.000000,195.000000,7.200000,12.570000,6.100000,0.420000,0.860000,7500.000000,54.480000
6.700000,27.500000,100.000000,110.000000,9.230000,15.200000,4.200000,0.870000,1.200000,9500.000000,11.420000
6.400000,27.500000,130.000000,140.000000,10.200000,19.800000,2.000000,2.980000,2.010000,20000.000000,3.370000
7.200000,27.500000,65.000000,150.000000,4.900000,7.600000,7.400000,0.320000,0.340000,300.000000,59.580000
7.600000,28.000000,65.000000,100.000000,5.800000,9.560000,7.600000,0.210000,0.590000,3500.000000,75.080000
7.100000,28.000000,70.000000,95.000000,5.600000,8.200000,7.200000,0.450000,0.640000,5000.000000,69.990000
7.000000,27.500000,85.000000,200.000000,5.750000,7.520000,6.800000,0.470000,0.780000,4300.000000,66.360000
7.400000,28.000000,87.000000,180.000000,6.300000,9.250000,6.200000,0.230000,0.850000,6500.000000,59.940000
6.900000,27.500000,88.000000,130.000000,7.980000,10.100000,5.900000,0.750000,2.110000,8700.000000,48.690000
7.200000,27.500000,90.000000,210.000000,6.120000,10.200000,6.300000,0.560000,1.110000,6300.000000,59.070000
6.900000,28.000000,95.000000,100.000000,8.100000,10.340000,4.300000,1.230000,1.130000,7000.000000,56.970000
6.400000,28.000000,120.000000,130.000000,8.650000,12.450000,2.500000,2.270000,1.950000,17500.000000,3.570000
7.100000,27.500000,80.000000,135.000000,5.900000,10.100000,6.450000,0.350000,0.910000,550.000000,52.880000
6.800000,27.400000,81.000000,145.000000,7.800000,11.000000,6.300000,0.970000,1.540000,5100.000000,65.070000
6.900000,27.300000,85.000000,140.000000,6.100000,9.700000,5.900000,2.140000,1.860000,7500.000000,52.480000
7.200000,27.000000,89.000000,125.000000,7.200000,10.500000,6.000000,0.870000,0.840000,8100.000000,51.170000
7.300000,27.000000,90.000000,120.000000,8.500000,12.500000,5.450000,2.180000,1.230000,9000.000000,40.850000
6.500000,27.000000,90.000000,170.000000,13.500000,19.800000,2.150000,4.330000,1.750000,17000.000000,12.130000
6.500000,27.000000,100.000000,125.000000,14.200000,17.000000,5.500000,2.340000,2.340000,10500.000000,3.570000
6.600000,27.000000,110.000000,145.000000,20.300000,27.900000,3.100000,3.340000,3.260000,13500.000000,3.140000
6.300000,27.000000,113.000000,140.000000,25.600000,34.500000,1.400000,6.780000,4.340000,144000.000000,2.510000
7.040000,27.200000,60.000000,47.670000,6.200000,11.200000,6.270000,0.010000,0.010000,540.000000,52.270000
6.950000,27.600000,65.000000,47.670000,8.400000,16.000000,5.980000,8.560000,0.180000,2200.000000,72.210000
6.900000,27.400000,70.000000,59.330000,35.600000,51.200000,3.200000,0.010000,0.020000,1400.000000,63.330000
7.050000,27.600000,72.000000,59.670000,26.200000,49.600000,3.200000,0.010000,0.010000,2400.000000,51.470000
7.100000,27.300000,80.000000,60.000000,49.500000,80.000000,2.240000,0.010000,0.010000,35000.000000,8.100000
7.020000,27.400000,65.000000,47.000000,5.400000,7.200000,5.500000,0.280000,0.150000,24000.000000,18.450000
7.150000,27.500000,60.000000,29.670000,8.500000,9.600000,6.430000,0.010000,0.010000,4000.000000,72.920000
7.080000,27.000000,90.000000,27.600000,15.600000,48.000000,1.920000,4.760000,1.640000,540000.000000,13.200000
7.000000,28.000000,100.000000,100.670000,36.000000,65.600000,2.560000,0.220000,0.140000,540000.000000,3.560000
7.120000,27.500000,110.000000,17.600000,6.600000,14.400000,3.200000,1.120000,0.020000,1500.000000,43.560000
7.060000,27.000000,100.000000,30.100000,5.100000,9.600000,5.120000,0.390000,0.080000,2500.000000,47.430000
7.050000,27.000000,115.000000,39.600000,15.800000,32.000000,3.520000,0.170000,0.020000,5100.000000,53.260000
7.040000,27.200000,126.000000,21.500000,7.100000,12.800000,5.280000,0.010000,0.100000,2100.000000,68.210000
7.140000,27.100000,124.000000,27.100000,7.600000,11.200000,4.000000,0.010000,0.120000,1300.000000,63.770000
7.180000,27.300000,127.000000,26.800000,9.900000,16.000000,6.660000,0.670000,0.100000,1200.000000,67.950000
7.200000,27.200000,203.000000,36.800000,10.700000,16.000000,5.400000,1.120000,0.040000,4500.000000,56.180000
7.220000,27.100000,208.000000,11.800000,8.200000,17.600000,4.000000,9.520000,0.880000,18000.000000,12.950000
7.400000,27.300000,200.000000,31.800000,50.100000,76.000000,0.900000,14.280000,2.000000,120000.000000,5.740000
7.200000,27.000000,80.000000,27.900000,3.700000,16.800000,2.880000,0.010000,0.010000,1500.000000,44.720000
7.300000,27.000000,85.000000,42.600000,7.200000,15.200000,3.520000,0.060000,0.010000,2500.000000,71.470000
7.100000,27.000000,110.000000,57.100000,5.500000,16.000000,6.080000,0.680000,0.080000,8100.000000,39.910000
7.000000,27.500000,115.000000,78.200000,7.600000,17.600000,3.200000,0.450000,0.060000,21000.000000,10.770000
7.200000,27.000000,116.000000,43.800000,15.600000,24.800000,2.080000,0.010000,0.010000,1300.000000,43.450000
7.000000,27.000000,115.000000,70.200000,11.100000,17.400000,2.720000,0.010000,0.060000,1200.000000,47.970000
7.200000,27.000000,120.000000,79.800000,9.300000,25.400000,2.400000,0.010000,0.010000,4500.000000,35.820000
7.200000,28.000000,150.000000,70.200000,8.600000,61.600000,0.190000,12.380000,0.880000,280000.000000,7.640000
7.200000,27.000000,200.000000,55.000000,11.100000,70.300000,0.010000,5.320000,0.420000,220000.000000,8.030000
6.800000,28.600000,72.000000,137.000000,4.200000,9.000000,7.200000,0.330000,0.820000,500.000000,57.010000
6.400000,28.000000,75.000000,125.000000,11.800000,16.200000,7.230000,0.350000,0.230000,1250.000000,76.760000
6.700000,28.000000,96.000000,160.000000,7.300000,10.200000,6.700000,0.420000,0.850000,4550.000000,62.050000
7.100000,28.000000,145.000000,145.000000,9.700000,10.300000,6.400000,0.430000,1.200000,7200.000000,15.200000
7.200000,27.000000,108.000000,130.000000,8.500000,12.000000,5.350000,1.230000,1.340000,8500.000000,12.940000
7.000000,28.200000,103.000000,120.000000,10.900000,16.000000,5.430000,0.240000,1.480000,10200.000000,3.900000
6.700000,27.000000,115.000000,115.000000,15.100000,19.200000,3.200000,0.350000,2.480000,12500.000000,3.630000
6.400000,28.000000,178.000000,120.000000,14.500000,16.200000,5.460000,1.650000,1.380000,9500.000000,11.250000
6.500000,28.300000,210.000000,140.000000,24.800000,34.300000,3.450000,2.450000,2.000000,117000.000000,3.110000
7.100000,27.000000,80.000000,72.640000,6.500000,8.800000,7.680000,0.840000,0.010000,2300.000000,55.500000
7.020000,28.200000,80.000000,98.460000,14.400000,22.400000,0.640000,7.000000,4.280000,6900.000000,44.380000
7.020000,27.600000,83.000000,135.500000,8.700000,12.000000,7.840000,0.840000,0.010000,1310.000000,73.340000
7.000000,27.000000,83.000000,132.140000,7.100000,12.800000,6.400000,0.780000,0.010000,17000.000000,15.670000
7.050000,27.200000,134.000000,120.800000,8.600000,15.200000,7.680000,0.620000,0.040000,14900.000000,4.260000
7.030000,27.100000,76.000000,118.620000,9.200000,14.400000,5.760000,0.890000,0.010000,1600.000000,70.570000
7.050000,27.900000,91.000000,124.320000,10.900000,19.600000,1.440000,0.670000,0.050000,14500.000000,13.990000
7.350000,27.200000,135.000000,140.600000,8.300000,12.800000,4.960000,0.720000,0.010000,17800.000000,4.150000
7.000000,27.500000,278.000000,137.760000,81.800000,92.000000,0.010000,36.400000,2.580000,24000.000000,1.590000
7.120000,28.000000,89.000000,45.200000,7.800000,8.000000,7.520000,1.120000,0.010000,1200.000000,51.660000
7.000000,28.100000,75.000000,121.400000,41.200000,66.000000,0.010000,24.080000,1.940000,1800.000000,37.550000
7.050000,27.200000,85.000000,135.080000,37.200000,65.000000,0.030000,1.680000,0.120000,2200.000000,52.490000
7.080000,28.000000,90.000000,128.060000,6.400000,9.600000,7.840000,0.560000,0.010000,1540.000000,75.190000
7.050000,27.300000,100.000000,151.200000,8.700000,11.200000,6.880000,2.240000,0.010000,13900.000000,4.230000
7.160000,27.500000,96.000000,120.840000,5.900000,9.600000,7.200000,0.560000,0.020000,1780.000000,75.330000
7.000000,28.000000,102.000000,122.360000,8.800000,12.800000,6.980000,1.400000,0.030000,11700.000000,4.220000
6.980000,28.100000,105.000000,123.040000,9.900000,11.200000,7.200000,2.800000,1.030000,13200.000000,3.890000
7.220000,28.300000,188.000000,126.280000,12.600000,18.400000,6.720000,3.080000,0.010000,11300.000000,4.070000
7.050000,28.000000,73.000000,116.250000,7.800000,13.600000,4.800000,1.120000,0.010000,5400.000000,48.660000
7.080000,28.000000,76.000000,102.500000,7.600000,11.200000,4.320000,0.950000,0.060000,1450.000000,75.770000
7.080000,28.000000,80.000000,102.500000,8.200000,11.200000,4.320000,0.950000,0.060000,5200.000000,61.020000
7.000000,28.300000,83.000000,114.850000,9.500000,14.400000,3.680000,0.500000,0.010000,9200.000000,48.460000
7.020000,28.000000,92.000000,142.280000,8.900000,12.000000,4.000000,0.390000,0.020000,1780.000000,71.890000
7.080000,28.400000,96.000000,154.900000,8.600000,14.400000,4.000000,0.620000,0.010000,2600.000000,69.930000
7.000000,28.100000,100.000000,146.720000,6.500000,8.000000,4.160000,0.060000,0.010000,1360.000000,20.450000
6.980000,27.500000,105.000000,123.110000,6.400000,10.400000,4.640000,0.560000,0.020000,17000.000000,4.230000
7.050000,28.300000,136.000000,136.570000,10.200000,16.800000,2.560000,0.560000,0.020000,11100.000000,3.990000
7.400000,28.000000,38.060000,72.640000,6.420000,9.600000,7.320000,0.730000,0.010000,1400.000000,66.120000
7.600000,28.000000,32.050000,35.500000,6.180000,12.400000,7.510000,0.280000,0.010000,1700.000000,81.360000
7.800000,28.000000,40.060000,42.140000,8.360000,16.400000,7.770000,0.170000,0.020000,5600.000000,77.620000
7.800000,28.300000,42.070000,20.800000,4.220000,6.400000,7.300000,0.280000,0.010000,2300.000000,97.320000
7.500000,28.000000,48.080000,18.620000,11.060000,16.400000,7.700000,0.560000,0.010000,7300.000000,73.420000
7.600000,28.400000,46.070000,24.320000,5.880000,11.200000,6.880000,1.120000,0.010000,24000.000000,19.550000
7.500000,28.100000,70.110000,40.600000,22.040000,32.400000,3.560000,0.840000,0.010000,11000.000000,16.130000
7.900000,27.500000,72.120000,47.760000,51.160000,112.800000,0.010000,27.890000,2.490000,1700000.000000,6.770000
7.600000,28.300000,48.080000,58.460000,59.360000,116.000000,0.640000,7.950000,0.320000,1640000.000000,9.130000
7.600000,27.000000,35.000000,167.780000,17.680000,27.200000,6.720000,0.560000,0.010000,780.000000,62.560000
7.700000,26.800000,38.000000,69.350000,8.480000,16.400000,6.080000,0.580000,0.010000,1200.000000,77.020000
7.200000,26.900000,57.000000,147.080000,7.820000,18.000000,2.560000,0.300000,0.020000,2700.000000,68.690000
7.300000,26.500000,56.000000,87.530000,4.200000,8.000000,0.960000,0.200000,0.030000,8900.000000,56.090000
7.200000,27.200000,85.000000,72.690000,7.280000,11.200000,6.080000,1.120000,0.030000,100000.000000,0.170000
7.200000,28.000000,82.000000,62.630000,11.040000,17.200000,1.920000,0.280000,0.010000,19000.000000,16.800000
7.100000,26.500000,78.000000,193.680000,9.520000,13.600000,5.120000,7.140000,0.010000,450000.000000,14.670000
7.300000,26.800000,95.000000,186.580000,34.940000,83.200000,0.010000,35.840000,2.180000,2000000.000000,7.150000
6.100000,26.900000,110.000000,174.080000,24.260000,61.600000,0.010000,10.360000,1.080000,450000.000000,2.380000
7.900000,28.000000,71.300000,128.000000,7.840000,11.200000,7.000000,1.120000,0.010000,2600.000000,57.310000
7.800000,27.000000,52.100000,127.100000,6.940000,9.900000,7.480000,0.840000,0.090000,11700.000000,79.720000
7.600000,27.000000,50.600000,130.100000,8.110000,12.500000,6.680000,1.120000,0.300000,11700.000000,64.890000
6.600000,27.000000,81.300000,142.700000,7.800000,12.000000,5.120000,0.670000,0.450000,54000.000000,59.770000
6.500000,27.000000,75.500000,133.200000,7.280000,11.200000,4.640000,0.670000,0.400000,14100.000000,14.520000
7.000000,27.000000,94.800000,125.300000,8.160000,12.000000,4.640000,1.400000,0.010000,24000.000000,15.100000
7.200000,27.000000,99.600000,121.500000,13.210000,20.300000,3.680000,2.240000,0.020000,18400.000000,14.240000
6.200000,27.000000,109.200000,173.800000,17.160000,36.400000,0.010000,16.800000,1.140000,4300000.000000,2.810000
6.300000,27.000000,140.400000,160.300000,17.160000,36.600000,0.010000,19.040000,1.000000,1000000.000000,2.810000
7.000000,27.000000,14.140000,34.180000,8.400000,12.000000,5.360000,0.560000,0.010000,900.000000,74.310000
7.500000,27.200000,13.070000,22.390000,6.240000,9.600000,4.200000,1.120000,0.010000,780.000000,76.070000
6.700000,27.600000,17.240000,24.090000,7.840000,21.200000,2.240000,0.560000,0.010000,620.000000,82.530000
7.200000,28.000000,74.820000,53.740000,4.800000,8.000000,6.560000,0.450000,0.010000,2800.000000,85.720000
7.100000,27.500000,59.530000,31.430000,6.720000,9.600000,4.640000,0.500000,0.010000,8100.000000,66.290000
7.400000,27.600000,20.210000,60.360000,9.520000,23.600000,1.920000,1.570000,0.020000,1320.000000,73.700000
6.900000,27.000000,49.170000,34.860000,9.520000,13.600000,1.760000,1.400000,0.020000,1450.000000,79.440000
7.000000,27.000000,147.510000,56.950000,28.160000,51.200000,0.010000,13.240000,1.280000,420000.000000,6.920000
7.200000,28.000000,166.010000,68.590000,29.950000,57.600000,0.010000,12.560000,1.280000,350000.000000,6.400000
7.130000,27.000000,71.300000,98.000000,14.320000,33.600000,6.560000,0.390000,0.120000,1300.000000,55.190000
7.030000,28.000000,52.100000,127.100000,12.140000,21.600000,5.890000,0.560000,0.100000,540.000000,75.650000
7.280000,27.500000,50.600000,130.100000,14.640000,28.800000,5.120000,0.500000,0.140000,1800.000000,66.410000
7.080000,27.500000,81.300000,142.700000,24.700000,50.400000,4.770000,0.560000,0.180000,690.000000,62.230000
7.350000,27.500000,75.500000,133.200000,88.260000,172.800000,5.280000,1.680000,0.200000,2200.000000,0.550000
7.040000,27.300000,94.800000,125.300000,35.660000,74.400000,5.760000,1.230000,0.300000,2500.000000,55.300000
7.110000,28.000000,99.600000,121.500000,23.480000,48.000000,4.800000,0.900000,0.550000,3100.000000,54.790000
7.180000,27.500000,109.200000,173.800000,65.320000,110.400000,4.480000,30.240000,0.460000,7500.000000,9.670000
7.460000,27.300000,140.400000,160.300000,74.840000,163.200000,2.560000,9.800000,1.580000,6800.000000,8.770000
6.780000,27.000000,60.340000,57.910000,6.260000,14.400000,7.520000,0.840000,0.430000,230.000000,56.320000
7.110000,28.000000,58.120000,48.960000,10.020000,21.600000,7.480000,0.780000,0.060000,790.000000,76.900000
7.220000,27.500000,102.040000,41.790000,13.480000,33.600000,7.040000,0.670000,0.350000,900.000000,55.890000
7.090000,27.500000,28.560000,45.970000,14.240000,33.600000,7.680000,0.500000,0.150000,6300.000000,68.550000
7.110000,27.500000,58.240000,38.810000,7.420000,16.800000,7.200000,0.840000,0.020000,2000.000000,85.120000
7.240000,27.300000,60.340000,77.610000,9.600000,21.600000,5.600000,0.390000,0.380000,4900.000000,67.700000
7.010000,28.000000,88.120000,88.960000,7.320000,14.400000,4.000000,1.010000,0.070000,14000.000000,16.210000
6.880000,27.500000,102.040000,75.520000,15.360000,38.400000,2.080000,0.620000,0.320000,6800.000000,35.810000
7.160000,27.300000,123.000000,191.040000,10.480000,21.600000,0.640000,3.530000,0.390000,19000.000000,3.280000
7.170000,27.200000,45.000000,74.000000,4.200000,9.600000,5.200000,1.568000,0.350000,1400.000000,60.170000
7.060000,27.500000,65.000000,59.000000,21.470000,52.800000,5.520000,2.520000,0.080000,780.000000,67.250000
7.210000,28.000000,62.000000,77.000000,14.360000,38.400000,5.120000,1.680000,0.430000,6300.000000,54.830000
7.070000,28.000000,65.000000,86.000000,25.080000,67.200000,4.960000,2.632000,0.250000,13000.000000,13.300000
7.010000,28.000000,90.000000,91.000000,34.120000,86.400000,5.320000,2.800000,0.170000,11000.000000,13.330000
7.120000,28.000000,65.000000,62.000000,23.560000,48.000000,5.120000,2.240000,0.180000,45000.000000,14.690000
7.220000,28.000000,64.000000,78.000000,8.440000,19.200000,1.440000,1.960000,1.040000,23000.000000,13.450000
7.230000,27.500000,95.000000,99.000000,13.280000,33.600000,0.480000,2.520000,1.200000,9500.000000,37.410000
7.100000,27.300000,99.000000,107.000000,63.380000,163.200000,0.010000,27.440000,0.890000,430000.000000,6.510000
7.280000,27.000000,45.380000,164.000000,5.240000,14.400000,5.500000,0.780000,0.470000,605.000000,57.860000
7.140000,27.000000,43.600000,110.000000,8.160000,21.100000,5.760000,1.020000,0.120000,700.000000,74.210000
7.250000,27.000000,26.960000,75.000000,4.880000,13.400000,6.720000,0.340000,0.320000,820.000000,76.400000
7.080000,27.300000,49.430000,230.000000,14.720000,38.400000,4.130000,1.530000,0.230000,110.000000,61.680000
7.160000,27.300000,74.840000,63.000000,10.640000,28.800000,5.920000,0.560000,0.150000,7500.000000,61.540000
7.200000,27.600000,73.560000,170.000000,11.060000,31.700000,0.960000,0.870000,0.310000,23000.000000,12.430000
7.130000,27.000000,84.550000,110.000000,4.860000,13.900000,2.240000,1.360000,0.110000,63000.000000,14.820000
7.220000,27.000000,170.000000,179.000000,10.950000,33.600000,0.540000,1.400000,0.160000,17000.000000,3.510000
7.180000,27.000000,210.000000,160.000000,6.850000,19.200000,0.900000,2.400000,0.180000,95000.000000,3.630000
7.200000,27.000000,78.000000,89.000000,9.800000,28.800000,8.500000,2.780000,0.030000,800.000000,52.560000
7.080000,27.000000,80.000000,74.000000,8.870000,22.400000,7.500000,1.120000,0.080000,750.000000,76.200000
7.160000,27.000000,170.000000,100.000000,3.450000,21.500000,7.700000,2.080000,0.070000,850.000000,46.340000
7.180000,27.000000,92.000000,110.000000,6.890000,24.800000,6.800000,2.520000,0.360000,900.000000,66.140000
7.320000,27.000000,110.000000,157.000000,6.200000,22.300000,6.000000,2.240000,0.290000,1520.000000,0.180000
7.160000,27.000000,190.000000,142.000000,6.210000,25.200000,7.850000,2.010000,0.290000,1500.000000,18.250000
7.090000,27.000000,81.000000,101.000000,11.200000,20.800000,5.800000,0.700000,0.440000,16400.000000,14.010000
7.020000,27.000000,130.000000,126.000000,15.100000,57.600000,3.900000,1.200000,0.270000,97000.000000,3.420000
7.240000,27.000000,640.000000,121.000000,25.620000,51.200000,2.240000,1.400000,0.230000,150000.000000,3.250000
7.180000,27.200000,81.000000,95.000000,8.180000,18.000000,6.400000,0.210000,0.230000,550.000000,53.240000
7.220000,27.300000,70.000000,78.000000,10.240000,22.000000,6.050000,0.280000,0.170000,650.000000,76.380000
7.210000,27.000000,70.000000,110.000000,12.480000,24.800000,6.560000,0.280000,0.220000,765.000000,66.310000
7.200000,27.400000,75.000000,112.000000,13.640000,20.000000,6.880000,0.380000,0.180000,1500.000000,71.420000
7.160000,27.500000,90.000000,113.000000,14.720000,29.600000,5.820000,0.340000,0.220000,1600.000000,67.920000
7.210000,27.500000,91.000000,125.000000,9.800000,22.000000,5.980000,0.560000,0.240000,1570.000000,68.460000
7.130000,27.500000,100.000000,124.000000,12.410000,26.000000,4.780000,0.420000,0.220000,2500.000000,18.190000
7.060000,27.500000,140.000000,130.000000,11.080000,36.800000,1.120000,3.440000,0.210000,35000.000000,3.340000
7.190000,27.500000,330.000000,135.000000,28.090000,79.200000,1.200000,4.060000,0.170000,42000.000000,2.830000
6.900000,28.000000,10.800000,923.580000,7.300000,20.000000,4.800000,1.230000,0.432000,690.000000,66.700000
6.900000,28.000000,13.920000,894.930000,7.800000,20.800000,5.920000,0.340000,0.138000,1700.000000,77.180000
7.000000,28.000000,11.060000,811.940000,24.600000,56.000000,5.120000,0.840000,0.176000,1300.000000,59.540000
7.000000,28.000000,20.120000,702.690000,5.900000,15.200000,7.040000,1.400000,0.207000,920.000000,70.490000
7.000000,27.000000,22.080000,760.600000,8.200000,23.200000,6.880000,1.060000,0.182000,1400.000000,69.560000
6.800000,28.200000,34.160000,950.450000,16.800000,45.600000,4.960000,5.320000,0.249000,4300.000000,55.290000
6.600000,27.000000,68.880000,1247.760000,36.200000,96.000000,1.760000,8.400000,0.421000,3300.000000,41.710000
6.900000,28.000000,50.140000,1116.420000,21.500000,46.720000,3.520000,5.880000,0.097000,5400.000000,53.220000
6.900000,28.000000,44.060000,1217.910000,10.100000,28.600000,1.600000,3.080000,0.342000,4500.000000,54.360000
7.540000,28.000000,10.800000,39.000000,5.800000,14.400000,6.900000,0.840000,0.900000,810.000000,71.060000
7.450000,28.000000,13.920000,35.000000,6.200000,14.800000,6.860000,0.730000,0.410000,1300.000000,74.100000
7.200000,28.000000,11.060000,60.000000,6.800000,16.400000,6.540000,0.730000,0.230000,1400.000000,74.900000
7.100000,28.000000,20.120000,99.000000,5.900000,14.400000,6.420000,0.730000,0.420000,1100.000000,73.680000
7.000000,27.000000,22.080000,98.000000,4.200000,9.600000,6.230000,0.780000,0.090000,1900.000000,64.520000
7.100000,27.900000,34.160000,103.000000,11.400000,28.800000,6.400000,0.620000,1.070000,27000.000000,13.950000
7.100000,27.000000,68.880000,180.000000,5.800000,14.400000,6.110000,0.730000,0.780000,34000.000000,14.440000
6.900000,28.000000,50.140000,230.000000,8.400000,21.600000,2.560000,0.560000,1.070000,33000.000000,13.390000
6.200000,27.600000,44.060000,203.000000,15.200000,38.400000,1.500000,6.380000,0.180000,42000.000000,12.010000
7.200000,28.000000,24.800000,100.000000,7.800000,17.600000,5.600000,5.260000,0.021000,2100.000000,65.200000
7.300000,28.000000,25.560000,112.000000,10.600000,24.000000,5.920000,3.190000,0.023000,1400.000000,73.080000
7.000000,28.000000,18.400000,113.000000,7.200000,16.000000,7.200000,1.850000,0.016000,9200.000000,49.550000
7.000000,28.000000,20.320000,115.000000,7.800000,17.600000,6.300000,4.310000,0.017000,3400.000000,67.420000
7.000000,27.000000,17.260000,120.000000,8.500000,19.200000,6.880000,3.300000,0.018000,1600.000000,70.440000
6.900000,28.600000,49.780000,110.000000,9.200000,20.800000,4.960000,4.140000,0.009000,24000.000000,14.510000
6.600000,28.400000,27.840000,100.000000,17.800000,40.000000,2.700000,4.480000,0.011000,81000.000000,14.060000
6.500000,28.000000,17.500000,132.000000,28.200000,62.400000,2.120000,3.680000,0.020000,41000.000000,12.140000
6.500000,28.300000,22.500000,140.000000,28.900000,64.000000,1.700000,20.080000,0.038000,43000.000000,11.800000
6.600000,28.600000,30.160000,100.000000,4.600000,10.400000,5.960000,1.060000,0.040000,1700.000000,66.780000
6.500000,28.000000,17.100000,100.000000,8.800000,19.200000,5.160000,1.120000,0.140000,1600.000000,73.380000
6.500000,28.000000,13.080000,103.000000,7.900000,16.000000,3.680000,0.900000,0.230000,1400.000000,66.190000
6.500000,28.000000,5.380000,115.000000,6.400000,13.600000,2.880000,1.230000,0.200000,4500.000000,61.870000
6.900000,27.000000,52.880000,120.000000,13.700000,29.200000,5.440000,0.840000,0.140000,2100.000000,67.040000
7.000000,28.100000,39.780000,110.000000,16.500000,48.000000,7.040000,1.060000,0.470000,2800.000000,60.640000
7.100000,27.500000,54.260000,100.000000,29.800000,60.000000,4.960000,1.340000,0.620000,8100.000000,43.380000
7.700000,27.600000,78.720000,132.000000,13.100000,28.800000,3.120000,0.670000,0.520000,54000.000000,12.960000
7.800000,27.900000,162.400000,140.000000,15.300000,42.000000,1.640000,0.900000,0.580000,29000.000000,3.210000
7.100000,27.500000,37.080000,99.000000,6.800000,16.000000,6.500000,0.900000,0.153000,1300.000000,63.110000
7.200000,27.600000,31.700000,95.000000,13.400000,32.000000,6.340000,0.730000,0.094000,1400.000000,74.290000
6.900000,27.300000,44.160000,98.000000,9.200000,22.400000,6.200000,0.900000,0.208000,9800.000000,43.910000
7.000000,27.500000,46.640000,85.000000,11.600000,28.800000,6.120000,1.060000,0.164000,2400.000000,73.670000
6.800000,27.500000,57.040000,97.000000,11.200000,27.200000,6.100000,0.730000,0.107000,2900.000000,73.970000
6.900000,27.400000,70.400000,112.000000,15.700000,35.200000,5.700000,0.620000,0.216000,16000.000000,14.140000
7.000000,27.800000,88.760000,113.000000,17.200000,40.000000,4.900000,1.010000,0.302000,43000.000000,13.050000
6.500000,27.600000,88.940000,125.000000,24.800000,56.000000,3.400000,0.620000,0.561000,21000.000000,11.720000
6.400000,27.600000,98.780000,205.000000,27.400000,64.000000,2.300000,0.730000,0.492000,23000.000000,11.070000
7.100000,27.600000,58.000000,118.000000,10.800000,28.800000,7.000000,0.620000,0.230000,1100.000000,57.340000
7.000000,27.500000,60.000000,111.000000,8.400000,21.600000,6.900000,0.730000,0.170000,1600.000000,76.140000
6.800000,27.900000,75.000000,125.000000,11.500000,31.200000,6.800000,0.900000,0.220000,1100.000000,64.130000
6.800000,27.600000,49.000000,101.000000,5.300000,12.000000,7.100000,1.290000,0.180000,2700.000000,72.010000
7.100000,27.300000,95.000000,106.000000,5.800000,14.400000,6.700000,0.840000,0.220000,3100.000000,0.700000
7.000000,27.400000,98.000000,201.000000,8.800000,24.000000,6.400000,0.500000,0.240000,1200.000000,69.340000
6.800000,27.500000,97.000000,206.000000,12.400000,33.600000,5.700000,0.730000,0.220000,39000.000000,14.200000
6.500000,27.800000,105.000000,219.000000,11.200000,31.200000,3.600000,3.420000,0.210000,24000.000000,3.630000
6.400000,27.900000,110.000000,199.000000,18.200000,45.600000,2.200000,0.670000,0.170000,26000.000000,3.580000
7.100000,29.000000,110.000000,110.000000,3.600000,7.200000,6.700000,0.900000,0.010000,45.000000,44.150000
7.100000,28.000000,112.000000,112.000000,7.200000,12.000000,7.100000,1.120000,0.020000,68.000000,46.470000
7.000000,28.500000,113.000000,113.000000,11.880000,21.600000,6.800000,5.490000,0.010000,1200.000000,18.640000
7.200000,28.500000,123.000000,123.000000,2.040000,4.800000,6.900000,3.140000,0.040000,810.000000,20.200000
7.200000,28.500000,109.000000,109.000000,23.660000,40.800000,6.700000,17.810000,0.080000,11000.000000,3.760000
6.900000,28.500000,90.000000,90.000000,19.180000,40.800000,6.000000,14.110000,0.060000,3300.000000,67.630000
7.100000,28.500000,81.000000,81.000000,9.600000,19.200000,5.400000,2.800000,0.020000,1100.000000,75.330000
6.200000,28.500000,235.000000,235.000000,56.160000,124.800000,3.800000,34.160000,0.120000,35000.000000,3.090000
5.900000,29.000000,350.000000,350.000000,62.950000,146.400000,0.120000,36.960000,0.100000,37000.000000,2.750000
7.200000,28.500000,110.000000,110.000000,13.440000,22.400000,6.400000,2.070000,0.080000,1100.000000,44.020000
7.000000,29.800000,112.000000,112.000000,11.260000,17.600000,6.700000,1.180000,0.010000,2500.000000,40.530000
7.300000,29.000000,113.000000,113.000000,20.670000,30.400000,6.200000,1.340000,0.020000,2400.000000,16.760000
7.000000,30.000000,123.000000,123.000000,17.020000,30.400000,6.500000,0.900000,0.060000,3100.000000,18.250000
7.000000,29.500000,109.000000,109.000000,34.560000,57.600000,6.700000,1.570000,0.100000,8100.000000,0.130000
6.400000,28.900000,90.000000,90.000000,29.160000,64.800000,6.200000,1.460000,0.120000,7200.000000,54.830000
7.100000,28.700000,81.000000,81.000000,32.640000,54.400000,5.100000,0.840000,0.040000,7000.000000,56.130000
6.200000,29.300000,235.000000,235.000000,65.520000,187.200000,3.500000,26.430000,0.120000,45000.000000,3.070000
5.800000,28.300000,350.000000,350.000000,84.480000,211.200000,0.110000,36.400000,0.140000,40000.000000,2.660000
7.000000,29.500000,90.000000,78.000000,14.220000,22.400000,6.800000,1.400000,0.040000,180.000000,48.620000
7.200000,30.500000,98.000000,88.000000,14.540000,28.800000,7.100000,1.120000,0.010000,450.000000,74.260000
7.100000,29.600000,102.000000,76.000000,8.610000,14.400000,6.900000,1.120000,0.010000,810.000000,46.870000
7.000000,28.800000,102.000000,95.000000,3.550000,4.800000,7.000000,1.010000,0.020000,790.000000,49.480000
6.900000,28.900000,86.000000,87.000000,7.080000,9.600000,6.500000,0.340000,0.010000,250.000000,82.760000
7.200000,29.000000,100.000000,192.000000,8.320000,14.400000,6.600000,0.560000,0.010000,360.000000,18.020000
7.100000,29.300000,86.000000,199.000000,8.760000,13.600000,5.600000,1.060000,0.040000,360.000000,70.590000
6.300000,29.800000,245.000000,179.000000,9.500000,14.400000,3.000000,1.260000,0.040000,150.000000,18.340000
5.500000,29.900000,364.000000,311.000000,61.900000,109.200000,0.230000,1.740000,0.340000,13000.000000,0.020000
7.200000,29.000000,99.000000,96.000000,13.220000,20.800000,6.800000,3.080000,0.100000,3500.000000,43.250000
7.100000,30.000000,95.000000,92.000000,13.760000,24.000000,7.000000,3.020000,0.060000,1200.000000,74.160000
7.300000,29.200000,95.000000,86.000000,9.080000,16.000000,6.700000,4.420000,0.200000,2600.000000,74.720000
7.300000,29.800000,124.000000,100.000000,13.440000,26.400000,7.100000,2.800000,0.010000,1400.000000,43.860000
6.800000,29.200000,121.000000,94.000000,12.550000,19.600000,6.400000,3.140000,0.020000,3100.000000,44.810000
7.100000,29.000000,107.000000,97.000000,14.180000,22.400000,6.400000,0.620000,0.060000,930.000000,45.920000
7.000000,29.300000,98.000000,101.000000,13.800000,27.200000,5.200000,1.010000,0.140000,1600.000000,66.560000
6.600000,29.400000,235.000000,127.000000,27.450000,58.400000,3.200000,9.710000,0.620000,91000.000000,2.800000
5.400000,29.700000,297.000000,222.000000,30.460000,88.800000,1.130000,10.720000,1.040000,100000.000000,2.090000
7.000000,29.200000,92.000000,97.000000,8.820000,19.200000,6.700000,0.520000,0.060000,1700.000000,49.720000
7.200000,29.100000,85.000000,78.000000,9.550000,20.200000,6.800000,1.130000,0.120000,2200.000000,75.960000
7.200000,29.500000,82.000000,86.000000,12.890000,26.400000,6.900000,0.780000,0.160000,1100.000000,76.020000
7.200000,28.900000,89.000000,89.000000,14.600000,28.000000,5.800000,1.110000,0.010000,5400.000000,65.730000
7.100000,29.500000,92.000000,97.000000,15.060000,33.600000,6.900000,0.190000,0.010000,45000.000000,16.770000
6.900000,29.700000,95.000000,110.000000,12.900000,24.000000,5.200000,1.350000,0.040000,400000.000000,14.600000
6.700000,29.500000,98.000000,125.000000,14.220000,28.800000,5.200000,1.560000,0.160000,39000.000000,14.140000
6.100000,29.800000,214.000000,101.000000,37.020000,93.600000,5.700000,0.540000,0.140000,600000.000000,3.580000
5.700000,29.000000,112.000000,227.000000,51.180000,96.800000,1.320000,1.120000,0.280000,900000.000000,1.780000
7.100000,26.500000,91.000000,99.000000,13.140000,29.200000,6.880000,1.670000,0.010000,990.000000,42.030000
7.200000,26.000000,99.000000,98.000000,14.380000,30.000000,6.770000,1.910000,1.020000,930.000000,66.680000
6.500000,27.200000,92.000000,82.000000,13.550000,28.200000,6.520000,1.120000,0.220000,5500.000000,60.310000
6.900000,26.500000,95.000000,97.000000,13.230000,29.400000,6.470000,1.370000,0.500000,6300.000000,57.390000
6.500000,26.800000,92.000000,93.000000,23.110000,51.400000,5.600000,0.960000,0.560000,6900.000000,50.240000
6.400000,25.900000,97.000000,96.000000,15.800000,34.600000,6.200000,0.920000,0.480000,4500.000000,61.410000
6.400000,26.100000,92.000000,103.000000,12.040000,26.300000,5.310000,1.480000,0.360000,7900.000000,48.480000
6.100000,26.500000,104.000000,95.000000,14.040000,30.700000,4.340000,1.060000,0.810000,11000.000000,8.360000
5.500000,26.700000,102.000000,145.000000,25.880000,57.500000,1.400000,1.620000,1.280000,72000.000000,0.030000
7.200000,27.500000,92.000000,72.000000,12.200000,27.100000,6.800000,0.860000,0.010000,450.000000,42.740000
7.300000,27.000000,98.000000,87.000000,17.060000,35.500000,6.000000,1.120000,0.020000,1300.000000,71.270000
6.700000,26.800000,95.000000,82.000000,15.540000,32.400000,6.450000,0.840000,0.010000,790.000000,59.380000
6.800000,27.200000,85.000000,93.000000,15.550000,34.600000,6.570000,1.230000,0.240000,810.000000,70.570000
6.500000,27.100000,97.000000,88.000000,21.220000,47.200000,5.800000,1.400000,0.010000,6900.000000,49.010000
6.600000,26.000000,97.000000,100.000000,14.870000,32.500000,6.400000,0.900000,0.010000,7000.000000,52.660000
6.800000,27.100000,92.000000,113.000000,12.480000,27.300000,5.310000,0.440000,0.010000,7200.000000,50.110000
6.100000,27.200000,120.000000,87.000000,15.380000,33.700000,4.820000,1.100000,0.020000,25000.000000,9.700000
5.400000,27.100000,122.000000,154.000000,23.330000,51.800000,1.550000,0.840000,0.220000,81000.000000,3.150000
7.100000,27.200000,102.000000,84.000000,13.500000,22.400000,6.700000,0.780000,0.010000,2400.000000,40.150000
7.000000,26.500000,109.000000,88.000000,17.100000,35.600000,6.500000,1.870000,0.010000,3100.000000,36.350000
6.900000,27.100000,74.000000,92.000000,15.050000,29.100000,6.700000,1.120000,0.010000,7900.000000,46.350000
6.700000,27.600000,84.000000,85.000000,18.820000,40.400000,6.600000,0.530000,0.120000,9200.000000,51.630000
7.200000,26.900000,82.000000,93.000000,22.080000,44.100000,6.100000,1.860000,0.010000,2500.000000,59.630000
6.700000,26.300000,135.000000,110.000000,19.300000,42.200000,6.400000,0.840000,0.110000,8100.000000,13.660000
6.800000,27.300000,126.000000,127.000000,15.770000,34.500000,5.300000,0.870000,0.010000,25000.000000,3.380000
6.300000,27.200000,125.000000,191.000000,16.440000,36.000000,3.100000,0.620000,0.180000,92000.000000,3.700000
5.600000,27.000000,114.000000,246.000000,27.540000,59.800000,2.600000,0.660000,0.200000,160000.000000,2.030000
7.100000,28.400000,95.000000,90.000000,14.300000,29.100000,6.800000,0.850000,0.110000,5500.000000,41.240000
7.000000,29.500000,91.000000,89.000000,11.220000,26.400000,6.700000,0.780000,0.140000,4300.000000,70.540000
6.900000,28.200000,92.000000,84.000000,11.560000,28.800000,6.800000,0.960000,0.200000,1200.000000,74.710000
7.100000,27.700000,82.000000,100.000000,16.060000,35.600000,6.600000,0.450000,0.120000,7500.000000,59.300000
6.900000,27.800000,88.000000,101.000000,18.330000,40.100000,6.500000,0.560000,0.100000,9500.000000,45.850000
7.100000,28.100000,83.000000,130.000000,17.560000,38.400000,6.600000,0.690000,0.080000,8100.000000,52.140000
7.100000,28.400000,98.000000,105.000000,19.150000,22.200000,6.700000,1.740000,0.060000,11000.000000,14.820000
6.400000,27.800000,134.000000,178.000000,26.440000,57.800000,3.900000,1.570000,0.220000,14500.000000,3.330000
5.600000,27.500000,138.000000,121.000000,36.840000,81.800000,0.450000,3.920000,0.020000,18000.000000,1.750000
6.700000,28.000000,99.000000,68.000000,13.060000,29.000000,6.800000,1.230000,0.010000,8400.000000,29.500000
6.900000,28.200000,91.000000,72.000000,13.300000,27.700000,6.600000,0.840000,0.010000,2600.000000,66.560000
7.200000,28.000000,95.000000,75.000000,12.440000,25.900000,6.900000,1.010000,0.010000,6400.000000,58.600000
6.900000,28.100000,90.000000,86.000000,14.280000,31.700000,6.700000,1.290000,0.010000,11000.000000,14.310000
6.800000,28.000000,96.000000,73.000000,17.080000,25.600000,6.500000,0.950000,0.010000,7000.000000,55.400000
7.200000,28.000000,97.000000,92.000000,20.550000,45.000000,6.600000,1.340000,0.010000,680.000000,62.190000
7.100000,28.000000,88.000000,91.000000,16.300000,23.000000,6.200000,1.740000,0.010000,5800.000000,57.150000
6.500000,28.000000,116.000000,182.000000,37.120000,86.400000,3.900000,1.960000,0.620000,3500000.000000,2.790000
6.000000,28.000000,302.000000,100.000000,43.300000,96.200000,0.530000,3.840000,1.040000,5400000.000000,4.700000
7.100000,28.000000,98.000000,84.400000,3.400000,7.200000,6.800000,0.780000,0.010000,200.000000,49.610000
7.200000,28.500000,95.000000,88.600000,7.300000,16.800000,6.600000,0.670000,0.010000,230.000000,78.120000
7.000000,28.000000,92.000000,85.500000,3.400000,7.200000,6.700000,1.400000,0.010000,210.000000,78.770000
7.000000,28.200000,96.000000,87.500000,4.100000,9.600000,6.500000,0.560000,0.010000,1300.000000,83.210000
6.900000,28.100000,93.000000,89.900000,6.800000,14.400000,6.900000,0.560000,0.010000,910.000000,80.270000
6.900000,28.300000,91.000000,85.100000,11.200000,24.400000,6.900000,4.590000,0.010000,1400.000000,75.380000
6.800000,28.000000,94.000000,92.500000,5.900000,12.000000,6.700000,0.950000,0.010000,2100.000000,79.570000
6.600000,28.200000,95.000000,96.400000,11.800000,26.400000,3.500000,1.010000,0.240000,640.000000,68.280000
6.600000,28.300000,110.000000,131.300000,7.300000,19.200000,3.100000,1.960000,0.300000,680.000000,17.110000
7.000000,27.000000,100.000000,96.000000,14.800000,38.400000,6.700000,1.120000,0.010000,310.000000,43.150000
7.000000,27.500000,102.000000,86.000000,11.700000,22.400000,6.900000,0.840000,0.010000,190.000000,45.190000
6.900000,28.000000,123.000000,94.000000,13.400000,36.800000,6.600000,0.840000,0.020000,240.000000,42.820000
7.100000,28.500000,125.000000,86.000000,26.800000,67.200000,6.700000,0.450000,0.010000,92000.000000,9.830000
7.100000,28.500000,110.000000,97.000000,20.100000,57.600000,6.700000,1.010000,0.040000,1300.000000,42.560000
6.900000,28.500000,100.000000,92.000000,13.200000,28.800000,6.200000,0.950000,0.020000,910.000000,45.840000
7.000000,28.600000,85.000000,98.000000,13.400000,36.800000,5.400000,0.220000,0.010000,3200.000000,73.560000
6.100000,28.500000,135.000000,120.000000,10.900000,32.000000,3.800000,0.340000,0.010000,790.000000,18.610000
5.500000,28.700000,150.000000,114.000000,25.400000,65.600000,1.120000,0.670000,0.010000,810.000000,0.150000
7.100000,28.500000,100.000000,87.800000,11.900000,28.200000,6.800000,0.500000,0.010000,7900.000000,35.110000
7.200000,29.500000,93.000000,84.040000,15.200000,34.200000,6.700000,0.730000,0.010000,2100.000000,74.650000
7.100000,29.600000,93.000000,94.160000,20.200000,54.400000,6.800000,0.960000,0.010000,4300.000000,66.890000
7.200000,28.700000,82.000000,96.630000,11.600000,24.000000,7.000000,0.720000,0.010000,47000.000000,16.560000
6.900000,28.500000,85.000000,84.130000,22.100000,59.400000,7.100000,0.560000,0.010000,11000.000000,15.800000
7.200000,29.200000,100.000000,82.660000,11.600000,27.600000,6.900000,0.970000,0.010000,6100.000000,42.250000
7.100000,28.900000,86.000000,107.500000,16.600000,44.300000,5.600000,1.020000,0.010000,4700.000000,60.190000
6.300000,28.800000,145.000000,116.380000,12.300000,28.800000,3.100000,2.840000,0.010000,3000.000000,17.160000
5.500000,28.900000,164.000000,170.130000,24.500000,66.700000,1.230000,2.790000,0.010000,940.000000,0.150000
7.100000,28.500000,71.000000,91.380000,10.100000,24.200000,6.700000,0.390000,0.010000,4600.000000,52.880000
7.200000,28.000000,73.000000,92.350000,13.700000,31.500000,7.000000,0.730000,0.010000,3400.000000,72.880000
7.000000,28.000000,81.000000,94.510000,13.500000,29.200000,6.900000,0.710000,0.120000,5400.000000,67.560000
7.000000,28.200000,82.000000,95.380000,7.600000,18.300000,6.800000,0.450000,0.010000,2300.000000,79.480000
6.900000,28.100000,72.000000,96.000000,8.200000,20.600000,6.900000,0.500000,0.010000,13000.000000,16.960000
6.700000,27.900000,78.000000,99.000000,14.600000,32.600000,6.300000,0.450000,0.010000,1100.000000,75.250000
6.800000,27.800000,95.000000,104.540000,8.900000,21.800000,6.100000,1.120000,0.010000,6900.000000,57.550000
6.500000,28.200000,234.000000,154.130000,10.700000,26.400000,3.800000,1.020000,0.010000,28000.000000,3.880000
5.200000,28.100000,260.000000,285.380000,14.100000,31.300000,2.300000,0.920000,0.010000,11000.000000,3.750000
6.900000,28.000000,88.000000,76.000000,6.700000,16.800000,6.700000,0.560000,0.040000,780.000000,51.970000
6.900000,27.900000,85.000000,69.000000,8.200000,18.400000,6.800000,0.340000,0.020000,1100.000000,79.480000
6.900000,27.800000,93.000000,84.000000,9.600000,21.600000,6.700000,0.670000,0.010000,960.000000,74.910000
7.200000,28.100000,92.000000,82.000000,8.300000,18.400000,6.600000,0.730000,0.010000,2400.000000,79.290000
6.800000,27.900000,92.000000,92.000000,8.900000,17.400000,6.800000,0.560000,0.010000,450.000000,79.170000
6.700000,27.500000,98.000000,93.000000,14.300000,29.200000,6.300000,0.500000,0.020000,630.000000,75.820000
6.800000,27.500000,95.000000,98.000000,11.900000,24.600000,6.100000,0.730000,0.020000,7900.000000,58.050000
6.600000,27.500000,134.000000,108.000000,17.400000,38.400000,3.800000,1.290000,0.020000,17000.000000,3.710000
5.300000,27.600000,100.000000,144.000000,19.200000,45.600000,2.300000,1.720000,0.040000,13000.000000,3.550000
7.000000,28.000000,90.000000,73.000000,8.800000,20.800000,5.600000,0.570000,0.010000,910.000000,49.280000
7.200000,27.900000,98.000000,72.000000,10.700000,25.200000,4.300000,0.570000,0.010000,1300.000000,73.830000
7.000000,27.800000,92.000000,84.000000,9.600000,22.400000,5.800000,0.710000,0.010000,6400.000000,65.200000
7.000000,28.100000,91.000000,82.000000,12.400000,24.800000,5.700000,0.840000,0.010000,8100.000000,57.520000
6.800000,27.900000,92.000000,84.000000,15.400000,37.200000,5.100000,0.580000,0.010000,5100.000000,66.730000
6.600000,27.500000,98.000000,90.000000,14.800000,27.600000,5.700000,0.360000,0.010000,930.000000,76.120000
6.800000,27.500000,95.000000,107.000000,18.900000,44.200000,4.600000,0.670000,0.020000,11000.000000,14.020000
6.300000,27.500000,198.000000,106.000000,29.800000,67.500000,4.500000,1.400000,0.040000,13000.000000,3.490000
5.100000,27.600000,132.000000,175.000000,17.200000,35.800000,2.900000,1.700000,0.040000,14000.000000,3.670000
7.000000,28.500000,86.000000,75.200000,9.400000,17.200000,7.610000,0.220000,0.020000,11000.000000,11.490000
6.900000,28.000000,88.000000,72.940000,9.200000,19.800000,5.970000,0.310000,0.010000,7000.000000,63.840000
6.900000,28.000000,123.000000,76.640000,10.800000,18.200000,6.050000,0.410000,0.020000,8100.000000,36.860000
6.900000,28.200000,132.000000,79.010000,11.500000,26.800000,5.830000,0.370000,0.010000,13000.000000,10.870000
6.800000,28.100000,72.000000,83.760000,10.300000,24.600000,5.850000,0.220000,0.020000,4900.000000,72.210000
6.700000,27.900000,88.000000,84.160000,12.200000,26.400000,5.560000,0.820000,0.240000,16000.000000,15.580000
6.800000,27.800000,80.000000,81.450000,17.800000,36.600000,5.210000,0.900000,0.360000,1300.000000,67.050000
6.500000,28.200000,245.000000,154.100000,24.600000,47.200000,3.830000,1.220000,0.440000,9000.000000,10.400000
5.200000,28.300000,367.000000,247.910000,19.400000,39.800000,3.360000,2.250000,0.420000,6300.000000,12.920000
7.100000,27.000000,99.000000,60.000000,6.300000,15.200000,6.700000,0.170000,0.060000,1100.000000,48.630000
7.100000,27.500000,98.000000,60.000000,6.300000,15.200000,6.800000,0.220000,0.040000,2100.000000,80.690000
7.100000,28.000000,92.000000,66.000000,10.800000,25.400000,6.700000,0.160000,0.120000,1300.000000,78.890000
7.000000,27.000000,76.000000,66.000000,9.100000,22.200000,6.600000,0.170000,0.140000,2600.000000,82.150000
6.800000,27.500000,78.000000,62.000000,10.400000,24.600000,6.800000,0.240000,0.960000,4700.000000,70.710000
6.700000,28.100000,82.000000,63.000000,12.600000,28.800000,6.300000,0.710000,0.120000,11000.000000,16.810000
6.800000,28.600000,99.000000,94.160000,10.200000,24.400000,6.100000,0.220000,1.020000,2300.000000,72.890000
6.700000,28.500000,145.000000,70.000000,15.600000,36.000000,3.800000,1.230000,1.640000,28000.000000,9.110000
5.600000,28.200000,102.000000,180.000000,44.700000,131.200000,2.100000,1.450000,1.100000,6300.000000,6.100000
7.300000,30.700000,88.000000,41.400000,13.800000,35.200000,6.900000,0.220000,0.010000,3500.000000,49.310000
7.500000,30.100000,87.000000,56.400000,17.400000,43.200000,7.000000,0.110000,0.010000,2900.000000,76.600000
7.100000,30.500000,82.000000,74.000000,15.800000,41.600000,7.000000,1.120000,0.010000,11000.000000,16.190000
7.200000,30.000000,96.000000,93.000000,13.800000,35.200000,6.600000,0.220000,0.010000,10000.000000,49.160000
7.000000,30.800000,98.000000,92.000000,25.400000,76.800000,6.800000,2.600000,0.200000,100000.000000,14.130000
7.100000,30.900000,94.000000,92.000000,23.200000,59.200000,6.400000,0.280000,0.120000,18000.000000,15.870000
7.000000,29.900000,95.000000,98.000000,25.100000,62.400000,6.300000,0.450000,0.080000,11000.000000,15.360000
6.900000,30.000000,155.000000,114.500000,29.300000,70.400000,3.500000,3.750000,0.120000,21000.000000,3.310000
6.800000,29.500000,122.000000,142.000000,64.800000,184.000000,2.200000,5.420000,4.800000,92000.000000,2.030000
6.500000,28.600000,72.000000,76.730000,4.200000,9.600000,6.500000,1.120000,0.040000,210.000000,58.450000
7.000000,28.000000,75.000000,76.290000,7.800000,19.200000,6.300000,3.250000,0.500000,170.000000,68.940000
6.800000,28.000000,76.000000,75.790000,4.300000,9.600000,6.200000,0.280000,0.020000,210.000000,80.870000
6.700000,28.000000,75.000000,82.910000,9.700000,24.000000,6.200000,0.390000,0.040000,1100.000000,78.990000
6.500000,27.000000,88.000000,81.250000,130.600000,302.400000,6.000000,0.560000,0.010000,9100.000000,38.750000
6.200000,28.200000,63.000000,99.010000,18.900000,48.600000,6.400000,0.450000,0.040000,1600.000000,73.150000
6.100000,27.000000,145.000000,113.980000,20.100000,52.800000,5.400000,0.390000,0.080000,1100.000000,17.920000
6.300000,28.000000,178.000000,163.900000,24.500000,67.200000,3.200000,0.560000,0.010000,540.000000,13.690000
6.000000,28.300000,190.000000,143.140000,9.800000,24.400000,2.450000,1.740000,0.140000,460.000000,17.530000
6.700000,27.000000,120.000000,59.780000,7.500000,19.600000,6.700000,0.280000,0.200000,240.000000,46.000000
6.600000,28.200000,110.000000,59.140000,4.400000,9.600000,6.600000,0.670000,0.080000,190.000000,48.300000
6.500000,27.600000,123.000000,67.950000,11.700000,33.200000,6.700000,0.670000,0.040000,340.000000,49.600000
6.600000,27.000000,213.000000,67.300000,7.100000,16.800000,6.300000,0.450000,0.010000,910.000000,49.400000
6.400000,27.200000,234.000000,76.600000,4.600000,9.600000,6.200000,0.220000,0.010000,2900.000000,50.200000
6.300000,27.100000,276.000000,87.800000,7.200000,19.200000,6.200000,0.340000,0.010000,4600.000000,41.700000
6.200000,27.900000,251.000000,95.300000,5.900000,14.400000,6.400000,1.510000,0.120000,1100.000000,46.800000
6.000000,27.200000,235.000000,183.000000,4.300000,9.400000,5.500000,0.730000,0.010000,510.000000,18.300000
5.900000,27.500000,278.000000,185.300000,11.800000,33.600000,2.900000,1.620000,0.080000,490.000000,15.700000
6.500000,28.200000,92.000000,70.160000,7.100000,19.200000,6.600000,0.450000,0.010000,7000.000000,40.940000
6.600000,28.200000,95.000000,78.000000,6.500000,14.400000,6.700000,0.390000,0.010000,3100.000000,78.330000
6.600000,27.600000,90.000000,76.000000,8.800000,24.000000,6.700000,0.580000,0.080000,6400.000000,64.270000
6.500000,24.500000,100.000000,79.000000,11.600000,31.200000,6.400000,0.520000,0.010000,400.000000,44.280000
6.700000,27.200000,85.000000,89.000000,7.100000,19.200000,6.300000,0.280000,0.040000,1300.000000,80.080000
6.700000,27.300000,176.000000,84.000000,10.800000,28.800000,6.400000,0.470000,0.020000,4700.000000,45.460000
6.300000,28.100000,143.000000,93.000000,10.800000,28.800000,6.100000,1.510000,0.120000,4100.000000,42.670000
5.900000,27.500000,125.000000,100.000000,22.300000,52.800000,3.800000,1.740000,0.010000,910.000000,34.890000
5.600000,28.300000,125.000000,139.040000,11.100000,28.800000,3.200000,1.570000,0.010000,2100.000000,10.620000
6.800000,28.000000,110.000000,29.140000,7.800000,20.800000,6.700000,1.230000,0.010000,2200.000000,40.630000
6.800000,28.100000,112.000000,19.580000,11.200000,28.000000,6.600000,0.560000,0.010000,910.000000,40.590000
6.700000,27.200000,125.000000,27.900000,7.200000,17.200000,6.700000,1.120000,0.060000,3400.000000,61.140000
6.800000,28.000000,203.000000,17.950000,9.400000,22.800000,6.400000,0.450000,0.040000,1400.000000,72.150000
6.600000,27.300000,195.000000,20.030000,10.700000,24.000000,6.500000,0.340000,0.120000,1700.000000,72.060000
6.500000,27.500000,178.000000,29.140000,10.900000,24.800000,6.200000,0.450000,0.040000,6900.000000,53.910000
6.300000,28.000000,166.000000,40.410000,8.800000,19.200000,6.200000,2.130000,0.160000,3100.000000,57.650000
6.000000,28.100000,205.000000,39.130000,13.900000,34.800000,5.500000,1.340000,0.200000,3100.000000,54.480000
5.500000,28.300000,288.000000,29.190000,12.600000,31.200000,2.700000,3.080000,0.240000,8100.000000,0.420000
6.700000,28.000000,113.000000,17.260000,17.800000,46.400000,6.700000,0.670000,0.040000,4600.000000,40.060000
6.600000,28.000000,116.000000,16.450000,13.500000,37.100000,6.700000,0.730000,0.080000,810.000000,44.170000
6.600000,28.000000,120.000000,10.580000,11.800000,32.500000,6.500000,11.820000,1.040000,1400.000000,55.150000
6.500000,28.300000,203.000000,4.500000,19.300000,51.000000,6.400000,1.290000,0.160000,1300.000000,64.260000
6.500000,28.000000,212.000000,13.540000,11.800000,32.500000,6.300000,1.120000,0.010000,1300.000000,68.460000
6.600000,28.400000,256.000000,19.190000,29.600000,78.900000,6.300000,24.640000,2.960000,5700.000000,44.300000
6.300000,28.100000,240.000000,2.290000,31.400000,92.800000,6.100000,5.600000,0.680000,54000.000000,10.890000
5.800000,27.500000,205.000000,23.160000,35.700000,102.100000,3.800000,24.920000,2.620000,8400.000000,25.150000
5.600000,28.300000,236.000000,23.140000,17.800000,46.400000,2.500000,27.440000,3.700000,8100.000000,21.980000
6.700000,28.000000,113.000000,29.030000,5.700000,14.200000,6.700000,0.340000,0.160000,1100.000000,47.180000
6.600000,28.000000,116.000000,23.180000,4.200000,9.400000,6.700000,0.280000,0.140000,4900.000000,44.750000
6.600000,28.000000,120.000000,45.390000,4.200000,9.400000,6.500000,0.220000,0.240000,2900.000000,58.770000
6.500000,28.300000,203.000000,40.410000,6.800000,18.900000,6.400000,0.340000,0.120000,7000.000000,51.340000
6.500000,28.000000,212.000000,76.250000,7.100000,20.400000,6.300000,0.280000,0.180000,8100.000000,39.650000
6.600000,28.400000,256.000000,27.260000,12.300000,33.000000,6.300000,8.180000,0.540000,6900.000000,46.620000
6.300000,28.100000,240.000000,41.380000,6.800000,18.900000,6.100000,0.560000,0.420000,1700.000000,57.400000
5.800000,27.500000,205.000000,29.130000,15.800000,42.500000,3.800000,0.670000,0.460000,17000.000000,9.330000
5.600000,28.300000,236.000000,41.640000,17.300000,47.200000,2.500000,0.560000,0.020000,8100.000000,24.610000
6.800000,26.200000,110.000000,27.980000,5.200000,13.800000,6.700000,0.450000,0.060000,1200.000000,47.490000
6.500000,26.300000,110.000000,28.140000,5.200000,13.800000,6.700000,0.390000,0.120000,940.000000,47.510000
6.600000,26.400000,120.000000,37.910000,7.500000,18.400000,6.600000,0.450000,0.100000,2100.000000,59.950000
6.400000,26.200000,180.000000,45.390000,10.100000,23.000000,6.200000,0.560000,0.140000,4900.000000,52.850000
6.500000,26.100000,212.000000,41.250000,5.200000,13.800000,6.200000,0.670000,0.040000,4600.000000,57.430000
6.600000,26.500000,256.000000,31.410000,11.300000,27.600000,6.400000,2.130000,0.080000,8100.000000,47.020000
6.300000,26.300000,240.000000,41.440000,7.500000,18.400000,6.200000,0.560000,0.060000,4700.000000,56.130000
6.000000,26.400000,205.000000,22.750000,15.300000,36.900000,3.500000,2.180000,0.140000,9000.000000,43.130000
5.600000,26.100000,237.000000,45.750000,20.100000,55.300000,2.800000,3.190000,0.360000,11000.000000,5.670000
6.700000,27.000000,105.000000,22.640000,4.400000,11.500000,6.980000,1.120000,0.120000,2100.000000,47.300000
6.700000,26.500000,105.000000,16.640000,5.300000,13.800000,6.890000,0.840000,0.480000,780.000000,43.780000
6.600000,26.800000,122.000000,22.900000,5.200000,13.800000,6.650000,1.340000,0.500000,310.000000,61.710000
6.500000,27.000000,175.000000,15.810000,3.500000,9.200000,6.470000,0.900000,0.140000,420.000000,74.470000
6.500000,27.100000,216.000000,22.790000,5.200000,11.500000,6.450000,0.560000,0.280000,1100.000000,70.210000
6.600000,26.800000,260.000000,78.640000,44.700000,129.000000,6.550000,2.690000,0.520000,8100.000000,28.070000
6.400000,26.300000,245.000000,41.250000,5.200000,13.800000,6.390000,0.780000,0.800000,790.000000,57.720000
6.300000,26.400000,215.000000,42.700000,6.600000,16.100000,3.740000,0.620000,0.280000,910.000000,56.060000
5.900000,26.500000,241.000000,47.540000,11.300000,30.000000,2.870000,2.580000,1.280000,8100.000000,31.820000
6.800000,27.000000,95.000000,25.010000,8.600000,23.100000,6.800000,0.170000,0.020000,450.000000,49.730000
6.800000,26.000000,99.000000,18.310000,13.100000,32.400000,6.560000,0.450000,0.020000,610.000000,75.510000
6.800000,27.000000,120.000000,13.910000,13.100000,32.400000,6.700000,0.450000,0.040000,1100.000000,66.940000
6.700000,27.000000,165.000000,20.850000,5.100000,13.900000,6.560000,0.280000,0.010000,4300.000000,70.170000
6.600000,26.900000,206.000000,38.790000,4.200000,9.200000,6.330000,0.220000,0.020000,450.000000,66.680000
6.700000,26.800000,256.000000,12.500000,13.100000,32.400000,6.700000,0.500000,0.060000,810.000000,70.450000
6.500000,26.500000,257.000000,54.240000,62.800000,181.400000,5.700000,0.110000,0.060000,190.000000,50.990000
6.400000,26.600000,235.000000,29.790000,16.400000,41.600000,4.560000,0.670000,0.080000,1400.000000,59.910000
6.000000,26.300000,235.000000,13.330000,11.200000,27.700000,3.050000,3.860000,0.140000,7900.000000,48.950000
6.700000,27.200000,100.000000,12.980000,4.100000,8.100000,6.700000,0.900000,0.010000,1900.000000,47.950000
6.700000,27.500000,102.000000,20.000000,5.800000,12.200000,6.700000,0.450000,0.010000,410.000000,47.670000
6.700000,27.200000,106.000000,19.540000,11.400000,24.400000,6.600000,0.670000,0.010000,13000.000000,14.430000
6.650000,27.200000,135.000000,41.050000,5.200000,10.200000,6.600000,0.900000,0.020000,1100.000000,63.240000
6.500000,27.500000,205.000000,40.000000,10.500000,20.300000,6.500000,0.390000,0.010000,6900.000000,51.200000
6.500000,27.000000,215.000000,29.290000,6.600000,14.200000,6.400000,0.670000,0.010000,54000.000000,14.360000
6.400000,27.700000,257.000000,38.750000,12.700000,28.400000,6.300000,0.560000,0.010000,24000.000000,13.070000
6.000000,26.500000,228.000000,28.980000,6.900000,16.300000,3.500000,1.680000,0.010000,6300.000000,53.320000
5.500000,27.100000,227.000000,27.660000,13.800000,32.500000,3.200000,7.900000,0.300000,17000.000000,0.120000
6.700000,27.200000,100.000000,21.030000,5.200000,12.200000,6.700000,0.620000,0.010000,130.000000,43.380000
6.600000,28.000000,100.000000,17.080000,3.800000,10.200000,6.700000,0.900000,0.010000,400.000000,44.000000
6.700000,27.500000,106.000000,24.440000,9.600000,24.500000,6.700000,0.170000,0.020000,640.000000,60.910000
6.700000,27.500000,125.000000,26.880000,7.500000,20.400000,6.600000,0.220000,0.010000,4900.000000,63.590000
6.500000,27.500000,205.000000,39.600000,6.400000,14.300000,6.500000,0.170000,0.010000,2300.000000,59.370000
6.500000,27.500000,215.000000,22.940000,5.200000,12.200000,6.500000,0.340000,0.010000,1700.000000,73.760000
6.400000,27.500000,228.000000,37.910000,7.500000,20.400000,6.500000,0.220000,0.020000,4100.000000,60.630000
6.000000,27.500000,227.000000,45.140000,7.200000,16.300000,3.400000,0.900000,0.050000,11000.000000,12.210000
5.500000,27.500000,227.000000,28.880000,7.500000,20.400000,3.000000,0.670000,0.020000,2200.000000,0.630000
6.600000,27.000000,98.000000,16.400000,7.600000,20.300000,6.600000,0.110000,0.010000,200.000000,45.120000
6.700000,27.500000,97.000000,13.760000,6.200000,16.300000,6.700000,0.450000,0.020000,410.000000,79.200000
6.600000,27.600000,111.000000,35.480000,6.900000,18.300000,6.700000,0.110000,0.020000,260.000000,64.270000
6.700000,27.500000,135.000000,41.580000,18.500000,44.700000,6.500000,0.220000,0.010000,3300.000000,51.280000
6.600000,27.000000,215.000000,47.950000,6.900000,18.300000,6.700000,0.220000,0.020000,2900.000000,59.510000
6.600000,27.000000,225.000000,29.150000,7.600000,20.300000,6.500000,1.620000,0.040000,11000.000000,13.950000
6.500000,27.500000,227.000000,29.200000,10.300000,28.400000,6.500000,2.240000,0.040000,6300.000000,53.930000
6.100000,27.000000,238.000000,28.890000,31.200000,73.200000,3.500000,3.360000,0.420000,470000.000000,9.720000
5.500000,27.000000,217.000000,26.660000,20.800000,52.000000,3.200000,4.980000,0.440000,14000.000000,0.100000
6.700000,28.000000,110.000000,164.000000,3.500000,10.100000,6.700000,6.050000,0.010000,1400.000000,45.120000
6.600000,27.500000,100.000000,137.600000,8.100000,20.300000,6.700000,7.500000,0.420000,610.000000,79.200000
6.600000,27.500000,111.000000,135.480000,6.700000,16.300000,6.700000,1.680000,0.400000,1300.000000,64.270000
6.700000,27.500000,125.000000,141.580000,11.600000,28.400000,6.500000,1.900000,0.340000,450.000000,51.280000
6.600000,27.000000,215.000000,147.950000,8.800000,22.400000,6.700000,1.120000,0.020000,5400.000000,59.510000
6.600000,27.000000,225.000000,291.500000,6.400000,18.200000,6.500000,2.070000,0.360000,17000.000000,13.950000
6.500000,27.500000,227.000000,292.000000,4.800000,12.200000,6.500000,1.340000,0.020000,49000.000000,53.930000
6.400000,27.000000,238.000000,288.900000,6.500000,18.100000,3.200000,1.010000,0.200000,6100.000000,9.720000
5.500000,27.000000,200.000000,266.600000,14.100000,32.500000,3.800000,10.640000,0.360000,7000.000000,0.100000
7.300000,36.000000,80.100000,11.540000,8.200000,20.300000,7.040000,0.560000,0.200000,110.000000,53.130000
7.200000,34.000000,133.300000,12.380000,6.600000,16.300000,7.200000,0.620000,0.520000,410.000000,43.430000
7.100000,34.000000,111.800000,28.680000,15.700000,34.500000,7.520000,0.340000,0.620000,680.000000,60.590000
7.000000,33.000000,230.300000,15.140000,14.200000,32.500000,6.560000,0.900000,1.060000,1300.000000,63.340000
6.500000,34.000000,181.100000,39.190000,10.400000,26.400000,5.440000,0.390000,1.160000,10000.000000,35.730000
7.000000,31.000000,182.300000,41.310000,6.600000,16.300000,5.600000,0.280000,0.940000,11000.000000,12.500000
7.000000,33.000000,642.000000,64.350000,11.200000,28.400000,6.880000,0.670000,0.960000,61000.000000,10.680000
6.800000,31.000000,111.100000,19.320000,10.900000,24.400000,5.440000,0.500000,0.800000,7900.000000,49.990000
6.900000,31.000000,106.300000,14.880000,18.800000,46.700000,4.480000,1.510000,2.240000,11000.000000,11.980000
6.900000,32.000000,90.000000,27.790000,4.000000,10.200000,6.800000,0.670000,0.240000,1000.000000,47.260000
6.900000,33.000000,91.000000,25.200000,9.700000,24.400000,6.700000,0.780000,0.480000,490.000000,71.100000
6.800000,33.000000,111.000000,29.650000,6.500000,16.300000,6.700000,0.780000,0.700000,790.000000,61.770000
6.800000,34.000000,115.000000,23.360000,7.100000,18.300000,6.500000,0.620000,1.280000,11000.000000,14.170000
6.900000,30.000000,115.000000,33.900000,4.900000,12.200000,6.700000,0.840000,1.300000,2100.000000,61.830000
6.800000,30.000000,225.000000,30.540000,13.400000,32.500000,6.500000,1.120000,0.960000,13000.000000,12.310000
6.700000,32.000000,227.000000,30.200000,11.100000,26.400000,6.500000,1.340000,1.300000,2300.000000,58.280000
6.600000,32.000000,238.000000,27.000000,13.400000,32.500000,3.900000,1.120000,0.660000,7900.000000,42.820000
6.500000,32.000000,200.000000,38.000000,8.400000,20.300000,3.800000,1.060000,1.680000,8100.000000,39.970000
6.700000,27.000000,110.000000,27.790000,3.700000,8.100000,6.700000,1.230000,0.060000,810.000000,47.720000
6.600000,27.000000,91.000000,25.200000,7.200000,18.300000,6.600000,0.900000,0.110000,640.000000,45.430000
6.700000,27.000000,110.000000,29.650000,5.500000,12.200000,6.700000,1.010000,0.130000,510.000000,63.190000
6.600000,27.500000,115.000000,23.360000,7.600000,20.300000,6.500000,0.780000,0.020000,1700.000000,69.580000
6.700000,27.000000,116.000000,33.900000,15.600000,36.600000,6.700000,0.560000,0.030000,9000.000000,43.550000
6.700000,27.000000,220.000000,30.540000,11.100000,28.400000,6.500000,1.010000,0.030000,8100.000000,47.730000
6.700000,27.000000,220.000000,30.200000,9.300000,24.400000,6.500000,2.180000,0.010000,22000.000000,13.610000
6.600000,28.000000,208.000000,27.000000,8.600000,20.300000,3.900000,2.460000,0.040000,13000.000000,13.590000
6.500000,27.000000,200.000000,38.000000,11.100000,28.400000,2.800000,5.040000,0.050000,8100.000000,41.850000
6.700000,27.000000,110.000000,13.410000,6.600000,16.300000,6.700000,1.230000,0.240000,900.000000,44.060000
6.600000,27.000000,91.000000,25.510000,5.100000,12.200000,6.600000,1.010000,0.200000,540.000000,77.140000
6.700000,27.000000,110.000000,16.530000,5.800000,14.300000,6.700000,1.060000,0.120000,810.000000,68.350000
6.600000,27.500000,115.000000,25.500000,5.100000,12.200000,6.500000,1.230000,0.120000,2200.000000,69.510000
6.700000,27.000000,116.000000,23.490000,7.600000,20.400000,6.700000,1.570000,0.440000,3100.000000,62.770000
6.700000,27.000000,220.000000,26.990000,6.900000,18.300000,6.500000,0.900000,0.560000,7900.000000,47.920000
6.700000,27.000000,220.000000,25.080000,4.700000,10.200000,6.500000,1.570000,0.160000,11000.000000,15.050000
6.600000,28.000000,208.000000,37.530000,6.200000,14.300000,3.900000,2.240000,0.140000,1400.000000,59.160000
6.500000,27.000000,200.000000,40.590000,5.100000,12.200000,2.800000,3.470000,0.090000,14000.000000,12.660000
